dataset,delta_cv_fpr_max,delta_cv_fpr_mean,delta_cv_fpr_min,delta_cv_fpr_std,delta_tau_max,delta_tau_mean,delta_tau_min,delta_tau_std,fraction,n_seeds,nonvictim_mean_delta_fpr_max,nonvictim_mean_delta_fpr_mean,nonvictim_mean_delta_fpr_min,nonvictim_mean_delta_fpr_std,nonvictim_mean_delta_tpr_max,nonvictim_mean_delta_tpr_mean,nonvictim_mean_delta_tpr_min,nonvictim_mean_delta_tpr_std,objective,policy,source,victim_delta_fpr_max,victim_delta_fpr_mean,victim_delta_fpr_min,victim_delta_fpr_std,victim_delta_tpr_max,victim_delta_tpr_mean,victim_delta_tpr_min,victim_delta_tpr_std,victim_id
nbaiot,0.016313370940648553,-0.04163476668122013,-0.57280700142275,0.13469460404938643,-0.028261438012123052,-0.07614735107248026,-0.4321195565164079,0.11098636942608005,0.1,20,0.000625798892202812,-0.001447045222777039,-0.013271571732587022,0.004016001988404105,0.05963529541213669,-4.914846329950838e-05,-0.03032209336018686,0.01684952842431936,threshold_lower,cluster_threshold,low_score_benign,0.017038448604416542,0.005156372603968166,0.001793520905728055,0.004079592233129732,0.0,0.0,0.0,0.0,Danmini_Doorbell
nbaiot,0.5546151048702159,0.027495286310808532,-0.5750507143703714,0.20140346673402032,0.3937160290777669,-0.048036245197678615,-0.46951837195083457,0.18806472373642838,0.1,20,0.008008222544116816,-0.0013174176168340404,-0.0130420657101221,0.005036532021529755,2.3567239532132356e-05,-0.006712964995549421,-0.10740856213920913,0.024448280320506034,threshold_lower,cluster_threshold,low_score_benign,0.17950889077053345,0.01706181202370872,-0.16172734970364097,0.07213644344118296,0.24264946284653055,0.024265128597178044,-0.24264581659603068,0.10851538061778415,Ecobee_Thermostat
nbaiot,0.38830041457004466,0.005196323322104512,-0.5763268735417837,0.17479692659323406,-0.0011582393199205399,-0.0722841172184175,-0.19789341902360352,0.08805133288853294,0.1,20,0.009523984377036058,0.0002504849929198739,-0.012419097165111343,0.004474798574578788,0.08056562404199878,0.001991086648009374,-0.07706447686631179,0.028355853351437844,threshold_lower,cluster_threshold,low_score_benign,0.06678033532253481,0.015345268542199489,0.0,0.022367908121262388,0.6487895069532237,0.16220006321112515,0.0,0.2882187299037403,Ennio_Doorbell
nbaiot,0.07460216300727113,-0.03275863189806337,-0.5872194360812164,0.1340211130263992,-0.0048959759995341745,-0.009164568941729808,-0.04711038606862236,0.009062413053379242,0.1,20,0.004194934164119089,0.00129931607707824,-0.01129942827923997,0.003112169497779242,0.03281958590028347,0.00012648030415968875,-0.03030797780402944,0.01024792358900171,threshold_lower,cluster_threshold,low_score_benign,0.006055034237889931,0.0011840603601318803,0.000158508749682984,0.0011842641044666272,1.2994930894016932e-05,4.331643631338977e-06,1.0829109078347443e-06,3.4424412893899206e-06,Philips_B120N10_Baby_Monitor
nbaiot,0.31732357196823624,-0.01485962672369639,-0.5786638954646985,0.1507128578011313,0.03570931525900958,-0.0012660335826997957,-0.039823495348294435,0.012260427335800092,0.1,20,0.01184052498020477,5.482216515265768e-05,-0.013859415163159677,0.004186665100801014,9.478885811126103e-07,-0.005369124786125579,-0.07707738790740128,0.018184678616110703,threshold_lower,cluster_threshold,low_score_benign,0.013136729222520106,0.0002815013404825747,-0.03127792672028597,0.007944952089483764,1.1747721594623783e-05,3.2632559985312783e-07,-1.0442419195233477e-05,3.6645255275201127e-06,Provision_PT_737E_Security_Camera
nbaiot,0.012411081651904854,-0.03220981259981741,-0.5790159809308776,0.12889498101984403,-0.0012437172234058547,-0.0039059195853769746,-0.03993424351016667,0.008487062124435799,0.1,20,0.0007327503853808157,-0.00035654530699044044,-0.014351856435852663,0.003299837373954254,6.526511997090312e-07,-0.0015153343402838873,-0.03031091814601955,0.006777777143083785,threshold_lower,cluster_threshold,low_score_benign,0.01736776812901771,0.002340137588812451,0.0005638885756174584,0.003590033623508388,3.2503720998944274e-05,3.1826560144776473e-06,0.0,7.129594796597347e-06,Provision_PT_838_Security_Camera
nbaiot,0.14097601292428558,-0.05193668685764783,-0.5682468206304172,0.17245951552951774,0.193268006543314,-0.022052378077060286,-0.15113497550288846,0.06090622843011223,0.1,20,0.005326683645944144,-0.0001938647932363611,-0.012933894625637822,0.0042153348988452286,0.08111171029438327,0.00961672117456901,-0.03031289111177818,0.027191896907584966,threshold_lower,cluster_threshold,low_score_benign,0.008095440988495954,0.0008787814230933097,-0.023008095440988495,0.005957135167836555,0.6445281547147386,1.0214441362910166e-05,-0.6446333944136291,0.2091296199919961,Samsung_SNH_1011_N_Webcam
nbaiot,0.020787283416979663,0.0013364574295554321,-0.014111713463666686,0.008395661508725377,-0.002354019880294711,-0.008862488449861589,-0.02804592611889012,0.006692243925613865,0.1,20,0.0015285950664870843,0.00024360329641087084,7.925437484149157e-06,0.00033818777958461506,0.08057076113365723,0.004029171430964586,0.0,0.01801602081664871,threshold_lower,cluster_threshold,low_score_benign,0.005723142959341843,0.0017765589602956953,0.0,0.0017629473707483556,1.95965319038649e-05,7.287460301708126e-06,0.0,5.886944784402576e-06,SimpleHome_XCS7_1002_WHT_Security_Camera
nbaiot,0.5183480488022614,-0.056014481707154486,-0.6178760291811871,0.22858199300289406,0.06485312059521486,-0.2647498605322708,-0.539580042536061,0.16404613288841122,0.1,20,0.012682931908499648,0.0023771412483769823,-0.009547741834080354,0.005760381500840363,0.16165794903480474,0.022417415783866357,-0.08059035304911571,0.04789628932172899,threshold_lower,cluster_threshold,low_score_benign,0.030992323002558997,0.015510378163207281,-0.0025589991470002828,0.00898642433701096,0.24173280821077392,0.13295448804159277,-1.5638194726830257e-05,0.12335245384792995,SimpleHome_XCS7_1003_WHT_Security_Camera
nbaiot,0.07078588712795952,-0.05602363553622138,-0.55695209633434,0.15625224284906927,-0.052732095122337286,-0.1238996748129528,-0.48863301798701214,0.11340533051714931,0.2,20,0.00021312872975277073,-0.002232686078707841,-0.01347331177050248,0.004784119367454574,0.08057556319836269,-4.880410117841481e-05,-0.08057941626318219,0.031102283873783037,threshold_lower,cluster_threshold,low_score_benign,0.06299742181369802,0.01814818966483578,0.007622463849344251,0.013178323467276805,0.0,0.0,0.0,0.0,Danmini_Doorbell
nbaiot,0.5731697062081413,0.1531065588821467,-0.008845920278940711,0.20555853082865647,-0.003161675482988402,-0.17860638423543373,-0.48606170192360865,0.21794160650484254,0.2,20,0.0007793536719135764,-0.0038410810718348043,-0.012790672419359463,0.005422490988655951,3.073160388708529e-06,-0.013899574688502772,-0.11078954679967602,0.03383166521163069,threshold_lower,cluster_threshold,low_score_benign,0.20321761219305673,0.07110499576629974,0.0,0.08660336716933557,0.24265553993069688,0.09706081824292051,0.0,0.12196227285973965,Ecobee_Thermostat
nbaiot,0.3814989112579085,0.0370490704329826,-0.1459656972950638,0.1200679638296065,-0.0025247640907764546,-0.10682846021062405,-0.27868067448337863,0.09651293135610374,0.2,20,0.010015494654069122,0.0010248420665409882,-0.003409961125198554,0.003516364820565746,0.08056562404199878,0.00011661858165128714,-0.07706447686631179,0.03302360655180314,threshold_lower,cluster_threshold,low_score_benign,0.06692242114237,0.020403523728331912,0.0,0.02233008262427504,0.6487958280657395,0.16220591024020226,0.0,0.2882201340764371,Ennio_Doorbell
nbaiot,0.14360271358381332,-0.05239756519491721,-0.5826366058791245,0.1684430629344206,-0.008770892303437083,-0.016874876384002507,-0.05386990966896221,0.011548068697947158,0.2,20,0.007771358401027678,0.002512334800413194,-0.011060110250844678,0.004764343703497505,0.08057437217283228,0.009137548291300063,0.0,0.020697144912361614,threshold_lower,cluster_threshold,low_score_benign,0.007132893735734211,0.0022159523205680957,0.0003170174993659663,0.0014414217447440648,2.165821815680591e-05,8.554996171911133e-06,2.1658218156694886e-06,5.782763459717267e-06,Philips_B120N10_Baby_Monitor
nbaiot,0.4810067463105332,0.020608880156641408,-0.018533739805716487,0.10873680894059336,0.037343146589895015,-0.00043255867591749373,-0.0037926303843656695,0.008909081507763605,0.2,20,0.021030142583880508,0.0013987575220355296,0.00013876308574015204,0.004626074809690122,1.692902135363994e-06,-0.004022269588802145,-0.08045344882898225,0.017990032888211476,threshold_lower,cluster_threshold,low_score_benign,0.00688114387846292,0.0020196604110813234,-0.011885612153708668,0.003732058101134674,6.526511997062556e-06,-0.01359766142022122,-0.27197672384761373,0.06081612081463682,Provision_PT_737E_Security_Camera
nbaiot,0.03783424988989198,-0.03530593609823695,-0.5818658513171573,0.12956841799561003,-0.00261851151784262,-0.006133946506306521,-0.04203292106588663,0.008490162044279175,0.2,20,0.0016903612458317452,5.707307535818386e-05,-0.014147914177346338,0.0033716573161255235,2.121116399037004e-06,-0.0015150533383063596,-0.03031091814601955,0.006777843296095569,threshold_lower,cluster_threshold,low_score_benign,0.018326378707567387,0.004313747603473554,0.0010149994361114238,0.0035643495956793995,0.2625460977251458,0.02625914675023735,0.0,0.08080773775188253,Provision_PT_838_Security_Camera
nbaiot,0.0713219055865329,-0.03657951961886354,-0.5249617672365834,0.15123021306088166,0.17364585983256076,-0.04622103434056084,-0.17312880742053183,0.0647952896544071,0.2,20,0.00950458284214978,0.00020889418511224012,-0.011376049670459026,0.005124675211994195,0.11056421123636169,0.006869395859126331,-0.030321781558793254,0.030171871185206228,threshold_lower,cluster_threshold,low_score_benign,0.010971452918619513,0.0026682999573924156,-0.021516829995739235,0.006198507101536724,0.6445622028526148,2.9095681457994016e-05,-0.6446024415610142,0.20913012171825224,Samsung_SNH_1011_N_Webcam
nbaiot,0.3020418773950654,0.0312779947805071,-0.0163735232290817,0.08469342634189325,0.10106061659753318,-0.04233746427421764,-0.4316962655633675,0.10372489377095437,0.2,20,0.013350504988984437,6.048485562467702e-05,-0.02234503129653308,0.0060119851025240215,0.08057076113365723,0.004366348315501887,-0.07706321531795185,0.03275281453432114,threshold_lower,cluster_threshold,low_score_benign,0.10325503755812568,0.007708358173363535,-0.04208894718015977,0.025983517517048537,0.23590917497375907,0.011814014214834329,-0.00011023049195868495,0.05274655332247296,SimpleHome_XCS7_1002_WHT_Security_Camera
nbaiot,0.47677741074157687,0.026098946339572264,-0.35061597825570745,0.19354375664755794,-0.21238226071000063,-0.39162507572056005,-0.5766808866212765,0.08317415845931278,0.2,20,0.021900173539956255,0.00848161172709717,-0.005218147733725952,0.006413034346568407,0.16166353344583578,0.04074468111563983,-0.0805622469453954,0.055672681070782666,threshold_lower,cluster_threshold,low_score_benign,0.03355132214955928,0.025462041512652828,0.015638328120557293,0.005307756432288632,0.24174604052938897,0.18130574114216563,6.0146902795432666e-05,0.10735392753161634,SimpleHome_XCS7_1003_WHT_Security_Camera
nbaiot,0.2072623737624606,0.01070193547443635,-0.3786302610422134,0.14114145025224673,-0.0803826928138735,-0.16320624662563238,-0.5421801395714276,0.11693861399682363,0.4,20,0.003013606488024775,-0.0013299649327898368,-0.013022921547875457,0.004914124998427353,0.08109473767383059,0.012090978004561175,-0.03032169829065462,0.030088348931461544,threshold_lower,cluster_threshold,low_score_benign,0.11657885887232375,0.056563165564398624,0.005380562717184172,0.025791311132777786,0.0,0.0,0.0,0.0,Danmini_Doorbell
nbaiot,0.6167524946312997,0.26529230231773127,-0.013642407443950844,0.1971983570741154,-0.009825094416737623,-0.29134266037245504,-0.5159294292330744,0.20731244024941825,0.4,20,0.006562473005261018,-0.004729718972869423,-0.011883350971637228,0.005398222693504835,0.030215749049420912,-0.018158224140051023,-0.1447795437547522,0.04515479695256002,threshold_lower,cluster_threshold,low_score_benign,0.28789161727349705,0.13101185436071128,0.0004233700254022022,0.0901572016191633,0.24265553993069688,0.15772318395455315,0.0,0.11874318303598032,Ecobee_Thermostat
nbaiot,0.3590930609975304,-0.0182755225103895,-0.5540152671377416,0.19445723026103554,-0.0064564096430937135,-0.16882416275950804,-0.28410238747795447,0.0725789939907931,0.4,20,0.011273590288020175,0.001135674640672043,-0.014211451211085871,0.00657648115932915,0.08057546665549385,-0.001180794553636251,-0.08054943096846294,0.037291430377164744,threshold_lower,cluster_threshold,low_score_benign,0.07360045467462348,0.039620630861040076,0.0,0.022636881982067376,0.6488053097345132,0.32440723767383056,3.1605562578751467e-06,0.3328043226774151,Ennio_Doorbell
nbaiot,0.24532633471662751,-0.05646801266469563,-0.5547377882904755,0.19773008584110668,-0.01951470132917167,-0.03151310817648971,-0.11722948557386803,0.0234201310370497,0.4,20,0.014422809650668257,0.0059424215916713645,-0.008481749895708759,0.005832426458905042,0.08057570811229975,0.012288683098888845,0.0,0.021493153692385938,threshold_lower,cluster_threshold,low_score_benign,0.008179051483641897,0.0039167512046664995,0.0020289119959421772,0.0014913297608147246,3.248732723504233e-05,1.662268243530218e-05,4.331643631338977e-06,9.130010172171217e-06,Philips_B120N10_Baby_Monitor
nbaiot,0.4906102173303517,0.09141093683458043,-0.025597201435861305,0.15442446912991864,0.054630799094835814,0.00662486351871239,-0.008000751336415812,0.019583810062705705,0.4,20,0.02158446365596099,0.004544599083238221,-0.0005477340066703004,0.006596086309981859,0.0571244747984676,-0.003198228267729382,-0.08045344882898225,0.03093506186836223,threshold_lower,cluster_threshold,low_score_benign,0.014834673815907057,-0.00208668453976765,-0.05004468275245755,0.015401279958886136,1.827423359168634e-05,-0.0135996846389403,-0.27197541854521434,0.06081533781970924,Provision_PT_737E_Security_Camera
nbaiot,0.09494475263015961,-0.05398960897681171,-0.5867015952425513,0.15121522510275406,-0.006892259667317074,-0.011216379345084224,-0.046472293635209244,0.008435316820863452,0.4,20,0.004036172461599237,0.0010580977995811765,-0.013298599790723922,0.0036125249256751778,0.033994452077216464,0.0016938781850231635,-0.030310754983219626,0.012412995403526299,threshold_lower,cluster_threshold,low_score_benign,0.02069471072516071,0.009157550468027516,0.0032141648810195093,0.003851139310679736,0.26256099526393695,0.026264090024472588,0.0,0.08081091052776097,Provision_PT_838_Security_Camera
nbaiot,0.1865123383151867,-0.026976177584733346,-0.43489522353574384,0.14846870789165686,0.14569072375694492,-0.09571403933068127,-0.24838162536422365,0.07793592188150393,0.4,20,0.00823334161609028,0.0012566612186331815,-0.010718205314804335,0.005145111570705386,0.08111053118267492,0.011536795316396647,-0.030318727792628813,0.025140511489027788,threshold_lower,cluster_threshold,low_score_benign,0.02588410737111206,0.006769279931827865,-0.01927993182786536,0.008338789072586558,0.6447076812599049,0.06451580452654516,-0.6445838698494453,0.2882575304652777,Samsung_SNH_1011_N_Webcam
nbaiot,0.5345582749618343,0.22268792065250204,-0.03043706699474724,0.17628145514630109,0.02759494769076476,-0.23687349506964273,-0.4585450490936635,0.1514395628693288,0.4,20,0.011750478901828135,-0.001992510322806721,-0.021362212776014647,0.007505169978846675,0.08110094146665284,1.978873095830405e-06,-0.07706674945551528,0.039915914504459006,threshold_lower,cluster_threshold,low_score_benign,0.1040896625730297,0.030940741623941816,-0.005842375104328126,0.024518907718418144,0.2359642902197383,0.10624069930224098,-1.9596531903753878e-05,0.12030087014020269,SimpleHome_XCS7_1002_WHT_Security_Camera
nbaiot,0.5654590742690312,0.14772042738741414,-0.20750277598515887,0.19683965193962977,-0.25599997912843997,-0.436646778268428,-0.6200868255148329,0.08209232253457203,0.4,20,0.03328015693721317,0.01489022178711632,6.677389799070459e-05,0.007557981982218622,0.16167094658119757,0.04195796625610945,-0.05023342295440685,0.05027858442294445,threshold_lower,cluster_threshold,low_score_benign,0.0486209837930054,0.030978106340631213,0.020471993176002276,0.00701491981202024,0.2417556640338362,0.18130953039704173,6.0146902795432666e-05,0.10735332194221499,SimpleHome_XCS7_1003_WHT_Security_Camera
nbaiot,0.0019991974007407265,-0.01105852297667205,-0.22424050693950381,0.0501826475122902,0.3030968993902207,0.014707963565985218,-0.012720152735710144,0.06830438896560867,0.1,20,0.0001233766154827478,-9.696305200890425e-05,-0.0020049323180408307,0.0004501618434992213,0.0844932752690663,0.004224691171825201,-7.901390644757256e-07,0.018893264265446304,threshold_lower,cluster_threshold,random_benign,0.0015693307925120498,-0.0005492657773792178,-0.011882076000448376,0.002744287299683823,0.0,0.0,0.0,0.0,Danmini_Doorbell
nbaiot,0.3293038666740421,0.017705243941515243,-0.0011910472151789309,0.07344252235896283,0.002687791734934053,-0.022357766685696917,-0.44487235778942713,0.099458095046918,0.1,20,0.00023519988679540724,-0.0005834819835592572,-0.01170530562891537,0.0026190674710666485,4.060915904380291e-07,-0.005370496851586696,-0.10740886679328614,0.02401734015928347,threshold_lower,cluster_threshold,random_benign,0.1676545300592718,0.008848433530906013,0.0,0.037404372572073,0.24264946284653055,0.012132473142326527,0.0,0.05425806936286519,Ecobee_Thermostat
nbaiot,0.13904990125015027,0.011909385176951975,-0.003862559660347098,0.037882519746784096,0.0014496106654405816,-0.013597495642801138,-0.1782206859439617,0.043862835195244414,0.1,20,0.008965449971316665,0.00027301539225849276,-0.0036495302693516636,0.0022031314066192098,1.692902135419505e-07,-0.007881445252872411,-0.08056443431855005,0.024265248308980008,threshold_lower,cluster_threshold,random_benign,0.013924410343847688,0.0007814720090934927,0.0,0.003109700004012403,0.6487579013906448,0.03243789506953224,0.0,0.14506667684495872,Ennio_Doorbell
nbaiot,0.00861442571697324,0.0006710281293385439,-0.00611179229721448,0.003463591203241652,0.0019998973856369395,0.0003841892909258543,-0.001209062337875405,0.0009103749805696105,0.1,20,0.0003621195175693868,-4.9982091356950755e-05,-0.0004800901475916623,0.000212855492247099,3.3245301346573886e-07,-5.8638833375784793e-08,-8.280688268413883e-07,2.1757125764998663e-07,threshold_lower,cluster_threshold,random_benign,0.000253613999492773,-5.706314988587306e-05,-0.00038042099923915607,0.00014311136029592538,1.0829109078347443e-06,-1.6243663617521164e-07,-3.248732723504233e-06,8.801116923902553e-07,Philips_B120N10_Baby_Monitor
nbaiot,0.5289388124918926,0.036244390326351045,-0.0009576171803503675,0.12324196586394874,0.044974023165802166,0.0032668197589615956,-0.0004599243402481079,0.010890083573307978,0.1,20,0.020527745377894258,0.0014849782529206732,-6.740018349903846e-05,0.004913922593873348,0.05712400085417705,0.002730326931289237,-0.002517292938178782,0.01281527570073013,threshold_lower,cluster_threshold,random_benign,0.0014298480786416462,-0.0012913315460232342,-0.01581769436997319,0.004344600949458276,0.0,-1.1747721594623784e-06,-1.9579535991076646e-05,4.378629374961135e-06,Provision_PT_737E_Security_Camera
nbaiot,0.39250102731757147,0.01946919410521593,-0.0017638734559346503,0.08780624512586578,0.043198224157094955,0.0020976886805146922,-0.0007286690175533073,0.009676817289886029,0.1,20,0.01732198700472258,0.0008688149859253097,-0.00028394738971360654,0.003873341435717719,0.0845890540126315,0.004229460858771571,-1.3536386347934304e-07,0.01891468557232371,threshold_lower,cluster_threshold,random_benign,0.0005074997180557136,-0.0014520130822149543,-0.030337205368219242,0.006801639332810622,0.0,-1.4897538791192044e-06,-2.979507758238409e-05,6.662381886909091e-06,Provision_PT_838_Security_Camera
nbaiot,0.005988255596040881,-0.02060875758109284,-0.417032516916066,0.09333755606340927,0.005488197505474024,-0.008237315167983511,-0.13996406520406435,0.0312510261910542,0.1,20,0.00030532836052614594,-0.0006673257962721715,-0.013768469087511717,0.0030860534315028704,1.3396474934812552e-05,7.686741754782401e-07,-6.123916219957781e-07,2.9985987550494826e-06,threshold_lower,cluster_threshold,random_benign,0.003834682573498085,0.00017043033659991502,-0.0009586706433745151,0.0009074041391160206,0.6445095830031695,0.03222547915015846,-9.285855784468833e-06,0.14411672400950215,Samsung_SNH_1011_N_Webcam
nbaiot,0.003142529358474866,-0.028731705385294792,-0.5774704961259007,0.1291638797157368,0.0014141529798507024,-0.004905946397532945,-0.09226102717220797,0.020603010027743177,0.1,20,2.662974009373653e-05,-0.0007473967179697877,-0.014823485565485985,0.003313342882414663,1.3110992300377489e-06,-0.0015157328015600869,-0.030315580219774096,0.006778780698527054,threshold_lower,cluster_threshold,random_benign,0.0183617503278884,0.0009359723381423619,-0.0002384642899725814,0.004106390750252662,6.491351193127493e-05,3.429393083154153e-06,-1.2247832440470674e-06,1.4538608567942662e-05,SimpleHome_XCS7_1002_WHT_Security_Camera
nbaiot,0.5637724761235479,0.04011488312096279,-0.02007799170961594,0.1298597366367736,0.14909642015893398,0.0030882164960089496,-0.07152421027421751,0.040203353074536936,0.1,20,0.009002290348848141,0.000956062102675518,-0.0008367410798270924,0.002682048760946789,0.0811113739694148,0.0055708348168422,-4.0660797735112e-06,0.0190242348235084,threshold_lower,cluster_threshold,random_benign,0.0017059994313335242,-0.00042649985783338034,-0.004264998578333807,0.001545013440533468,9.623504447220377e-06,-2.405876111943872e-07,-3.127638945354949e-05,7.92767930544318e-06,SimpleHome_XCS7_1003_WHT_Security_Camera
nbaiot,0.001584432848402928,-0.04622018124968594,-0.5773880826037827,0.14709280715249287,0.02889235963424097,0.003609904025991728,-0.013936614990234297,0.011602180035223652,0.2,20,0.0,-0.0007618700069202918,-0.012433109047187344,0.0028113248916787586,0.03017435926063608,-6.710163896770857e-06,-0.030307554904503937,0.00981148345233343,threshold_lower,cluster_threshold,random_benign,0.0007846653962560249,-0.00018495684340320492,-0.001793520905728055,0.0006599393690268616,0.0,0.0,0.0,0.0,Danmini_Doorbell
nbaiot,0.002356425943256246,-0.0005256614145286609,-0.0033102426464826085,0.0012766822603777987,0.004820311814546341,0.0006655477484067363,-0.0018702864646912287,0.0017573505471062956,0.2,20,7.548626496005437e-05,-2.1240777333440353e-05,-0.00018458183605230818,5.878149090151607e-05,8.46204374183035e-07,-1.677239642172701e-07,-9.993022796750406e-07,4.1586135814859406e-07,threshold_lower,cluster_threshold,random_benign,0.0,-6.350550381033007e-05,-0.000846740050804401,0.0002071805609354749,0.0,0.0,0.0,0.0,Ecobee_Thermostat
nbaiot,0.12184563917039637,-0.014790216016520396,-0.5579158178513548,0.13212940938139478,0.0014379300177098653,-0.0364390820233773,-0.19481746070087022,0.07459777513099428,0.2,20,0.0097504675305355,-4.020454964549455e-05,-0.013784270338948568,0.004178138471478687,0.030312872875041946,0.0015160299469333845,-0.030308449593261885,0.011943450868790407,threshold_lower,cluster_threshold,random_benign,0.04916169366297243,0.005662119920431941,0.0,0.013121083817494867,0.6487831858407079,0.06488258533501896,0.0,0.19968871158648377,Ennio_Doorbell
nbaiot,0.008027413678847295,0.000567861386555471,-0.004763469706587031,0.0035846502969276504,0.0015717936058839699,-0.00010488165697708774,-0.0020125341912111683,0.0009382407045308325,0.2,20,0.0006518972708901578,3.446615884063104e-05,-0.0004913855563695559,0.0002721546449277672,5.017432269938116e-07,-1.692902135419505e-08,-6.771608541400465e-07,2.3560925477754331e-07,threshold_lower,cluster_threshold,random_benign,0.000221912249556179,1.585087496829927e-05,-0.0002536139994927661,0.00011928410475402882,2.1658218156694886e-06,-1.0829109078347444e-07,-2.1658218156694886e-06,1.2120049855837573e-06,Philips_B120N10_Baby_Monitor
nbaiot,0.19810909379980413,0.008537312682576612,-0.025641443469292313,0.0449897851225633,0.030077714969714564,0.0015300272343059384,-0.0002786546945571927,0.006721546146038244,0.2,20,0.0039051529731907253,0.0002856692288397189,-4.6254361913383724e-05,0.0009414885133934541,1.471462654051986e-05,6.84893032453296e-07,-8.814020279745982e-07,3.3084461655017057e-06,threshold_lower,cluster_threshold,random_benign,0.0003574620196604081,-0.0008936550491510274,-0.01662198391420911,0.0037093059146837476,0.0,-5.873860797311892e-07,-1.1747721594623783e-05,2.626870406632101e-06,Provision_PT_737E_Security_Camera
nbaiot,0.13904990125015027,0.007724200822333388,-0.002171091953972637,0.030955285101584046,0.049506075928608534,0.002512943971281242,-0.0010461921493212234,0.011067065762458854,0.2,20,0.012101625488950834,0.000627832811754429,-0.00013801097611472815,0.002702989367305432,0.004033652739203142,0.0002016758687669831,-2.985266634031314e-07,0.0009019537729416518,threshold_lower,cluster_threshold,random_benign,0.001127777151234917,-0.0005779857900078946,-0.011164993797225669,0.0025194543019921045,2.708643416560186e-06,-1.354321708285644e-06,-2.8440755874048484e-05,6.427867616965046e-06,Provision_PT_838_Security_Camera
nbaiot,0.4574448039471446,0.025906358457464418,-0.008356416800204713,0.10231886382879773,0.13504660862187567,0.0010817632265389787,-0.08689803431431303,0.037068581474310455,0.2,20,0.01824080136926878,0.0010156987395564246,-0.0002992372566788743,0.004075067053438241,1.0163862163146964e-05,-0.001694166072599716,-0.03389212108625049,0.007578612585838932,threshold_lower,cluster_threshold,random_benign,0.005538985939497226,9.05411163187049e-05,-0.003408606731998297,0.0015183598437585827,7.119156101420554e-05,-0.03222083622226624,-0.644487916006339,0.14411271783623983,Samsung_SNH_1011_N_Webcam
nbaiot,0.002710228303651474,-0.00016296018451580075,-0.004172621763619988,0.0013119268614778937,0.00510471661885592,0.00039428035418199726,-0.0029461503028871405,0.0018627357451487937,0.2,20,6.623612322214333e-05,1.0944278880191004e-06,-6.217139491318611e-05,2.85477178201551e-05,7.738213153724027e-07,5.803659865258326e-08,-3.8691065768620136e-07,2.3235121866560641e-07,threshold_lower,cluster_threshold,random_benign,0.0009538571598903117,-6.557767974245884e-05,-0.0011923214498628792,0.0004281099073281473,2.4495664879831125e-06,-1.83717486601509e-07,-3.6743497319191576e-06,1.4478204228714109e-06,SimpleHome_XCS7_1002_WHT_Security_Camera
nbaiot,0.5820259152079021,0.043171280144022224,-0.5537931353406834,0.2656203588987947,0.20807519890367732,0.010337683943410331,-0.4111683090527845,0.12873685598871684,0.2,20,0.011563636671796357,0.0002666470406879049,-0.011790680385339222,0.0059371054787798845,0.03031583980567966,-0.003811570300260031,-0.07708826353812445,0.021924849900437342,threshold_lower,cluster_threshold,random_benign,0.01080466306511231,-0.00032698322433892464,-0.005686664771111745,0.0037848037531528246,0.24171235826382365,1.8044070838607594e-07,-0.24165341429908405,0.11088012418437254,SimpleHome_XCS7_1003_WHT_Security_Camera
nbaiot,0.14233566374292378,0.010460054501804764,-0.006135612282421099,0.03543282143949843,0.421112349256873,0.032703627049923086,-0.04079964756965693,0.10283518223085503,0.4,20,0.009755649702508338,0.0008540837434793093,-7.988922028121046e-05,0.0024264847660028155,0.08109479174649638,0.005570644376731511,-1.5476426307448055e-06,0.01902169605659858,threshold_lower,cluster_threshold,random_benign,0.0034749467548481072,-0.0012610693868400392,-0.015805402981728507,0.00425182280651377,0.0,0.0,0.0,0.0,Danmini_Doorbell
nbaiot,0.013686794350929787,-0.029424149182713372,-0.5769115544950343,0.12895944601363984,0.39818211048841334,0.020517994239926292,-0.005760389566421442,0.08893743759494184,0.4,20,0.007820826900819769,0.0003384280972232678,-0.0003024407081173501,0.0017643762898023286,2.3567239532132356e-05,-0.004026575677691247,-0.08055338786181075,0.018012543325413497,threshold_lower,cluster_threshold,random_benign,0.00508044030482642,-0.00823454699407282,-0.16215071972904319,0.03627340288996596,1.2154168332889626e-06,-0.012132230058959869,-0.24264581659603068,0.0542572683411178,Ecobee_Thermostat
nbaiot,0.19184937030746507,0.0016592807314322528,-0.22748828172794833,0.07456549117708372,0.003299503400921888,-0.040955238629443017,-0.2752288445830344,0.08686910604104343,0.4,20,0.000149876443396018,-0.0006327992891341097,-0.006390023035401177,0.0015863770678213158,0.003397722979547581,-0.002348911786561442,-0.050385857012555726,0.011332142048092802,threshold_lower,cluster_threshold,random_benign,0.06663824950269963,0.006507530548451265,-0.00014208581983517904,0.016052130209330488,0.6487737041719343,0.032445322376738306,-3.160556257930658e-06,0.14506864942867465,Ennio_Doorbell
nbaiot,0.007902624339424014,0.00024147595275796906,-0.010793332086276253,0.004414612690777582,0.0031732089817522735,0.0006317207869142125,-0.0012097333868344717,0.0011412522309989632,0.4,20,0.0003961669989023583,-0.00017367938442663336,-0.0011039177103644533,0.0003696268817085077,5.078706406119737e-07,7.851769315281309e-09,-3.38580427083901e-07,1.929034399159665e-07,threshold_lower,cluster_threshold,random_benign,0.000253613999492773,-8.717981232564051e-05,-0.00044382449911235106,0.00017840806582638437,1.0829109078347443e-06,-4.873099085256349e-07,-4.331643631338977e-06,1.4260791727196625e-06,Philips_B120N10_Baby_Monitor
nbaiot,0.45246889077107455,-0.006012375304225051,-0.576454149424357,0.16801615628993438,0.038620900952567594,-1.5763555032516364e-05,-0.03851986130078619,0.012521245387626029,0.4,20,0.01967899050737078,0.00028879921089390744,-0.013985834695087252,0.0055312348082962575,1.3536386347934304e-07,-0.005538144482693545,-0.08045358419284573,0.01888743842225458,threshold_lower,cluster_threshold,random_benign,0.012421805183199283,-8.93655049151003e-06,-0.011974977658623768,0.003993379936087448,1.1747721594623783e-05,-0.013598379336540895,-0.27197672384761373,0.060815951874093256,Provision_PT_737E_Security_Camera
nbaiot,0.5534220382538477,0.02797989923505067,-0.005312364366055644,0.1236923648278394,0.03431253635014089,0.0017063550045713777,-0.0009707845747470856,0.007688203702682808,0.4,20,0.01244264371443897,0.0006387965675591193,-0.00011314181736755014,0.0027802064695896535,0.030305245194116072,0.0015152487233194556,-4.338905268824744e-07,0.006776462019838474,threshold_lower,cluster_threshold,random_benign,0.0007894440058644411,-0.0013533325814818994,-0.026784707341829257,0.005998013568495888,1.354321708335604e-06,-1.4220377937079754e-06,-2.7086434165823903e-05,6.064276968894595e-06,Provision_PT_838_Security_Camera
nbaiot,0.010286191817992396,-0.017253141582007248,-0.34283466936212514,0.07684238541805914,0.012000716229279451,0.001481408911446777,-0.012023542076349258,0.006355511180045779,0.4,20,0.00030532836052614594,-0.00017193584708137346,-0.002355396627398296,0.0005644980013489798,0.03017697858860531,0.0015086505848152445,-1.8344442174744735e-06,0.0067478242700615915,threshold_lower,cluster_threshold,random_benign,0.0004260758414997845,-0.0001651043885811672,-0.0009586706433745221,0.00040076140722259844,6.190570522979222e-06,-1.8571711568882154e-06,-1.5476426307448055e-05,4.857880259942249e-06,Samsung_SNH_1011_N_Webcam
nbaiot,0.005420739281076448,-0.046177101993143524,-0.5774704961259007,0.14678744966299836,0.24363102341691678,0.007652429460237487,-0.09255082197487352,0.05930213970182923,0.4,20,0.003989238099504062,-0.0005561713945477131,-0.014823485565485985,0.003476054516692717,0.030206203624979694,-5.500002442639096e-06,-0.030315580219774096,0.009817944198572336,threshold_lower,cluster_threshold,random_benign,0.0183617503278884,-0.0017229044950518666,-0.051985215214021704,0.012526364340423257,6.613829517521097e-05,-9.36959181648822e-06,-0.0002498557817729452,5.852750280525784e-05,SimpleHome_XCS7_1002_WHT_Security_Camera
nbaiot,0.578796346883157,0.011501584346300078,-0.3306682264959706,0.1570921369261382,0.17270300264159866,-0.05112298322841562,-0.3841540654500354,0.1357100288445027,0.4,20,0.01356789323719649,0.0005849651857424299,-0.01287895210885735,0.004815009575508403,0.11140059372503916,0.0032296946002797573,-0.08056500391238702,0.03344170241148423,threshold_lower,cluster_threshold,random_benign,0.02672732442422519,0.00420813193062269,-0.003980665339778221,0.00788323703892089,0.24170995238771176,0.048336637403193564,-3.127638945354949e-05,0.09918869915285812,SimpleHome_XCS7_1003_WHT_Security_Camera
nbaiot,0.425303917727933,0.17311235439783784,-0.16879788734765178,0.12997579976083365,0.9778288207948205,0.6446824460787075,0.4070654351264238,0.16050197934475222,0.1,20,0.009842012567174286,0.0008138933481073657,-0.013747258447265723,0.0062986381596311074,0.1643033015257609,0.03104540614750782,-0.08056245897088886,0.06034724620215835,threshold_raise,cluster_threshold,high_score_benign,-0.014011882076000449,-0.026347943055711243,-0.04282031162425737,0.006363383039749708,0.0,-8.774193548222176e-07,-4.129032258104459e-06,1.0199607062438976e-06,Danmini_Doorbell
nbaiot,0.024517925949148922,-0.061661763890868436,-0.5908122136157541,0.15803013512408282,0.5177917409688233,0.09116150747984646,0.01295760385692124,0.16433581989995077,0.1,20,0.007358072057645193,-9.043440346321913e-05,-0.002483126409178945,0.002686626045516077,0.08057550701347972,-0.00956922569193395,-0.08058733315996766,0.03630806085418011,threshold_raise,cluster_threshold,high_score_benign,0.0,-0.023539373412362407,-0.17315834038950043,0.05575816142362581,0.0,-0.024267073264111295,-0.24264946284653055,0.074684578310696,Ecobee_Thermostat
nbaiot,0.3514617840010611,-0.0046368753984384285,-0.41866632316241936,0.14418184207637114,0.4625941635419919,0.13076542540142885,0.03723211288452155,0.09841021805495113,0.1,20,0.004386658477861046,-0.001692325556014908,-0.013950699260624082,0.0037834536715211945,0.08057516812883045,-0.003859827032896951,-0.08055909168603266,0.03281181279056801,threshold_raise,cluster_threshold,high_score_benign,0.0,-0.0024936061381074168,-0.02514919011082694,0.007393131436672595,-3.1605562578751467e-06,-1.4222503160560285e-05,-5.372945638432158e-05,1.4227123106488248e-05,Ennio_Doorbell
nbaiot,0.3293686432592315,0.07909811647724377,-0.2915928717010593,0.1613659160578554,0.46180167925854465,0.2420353704908235,0.04248877093195902,0.14085926051638162,0.1,20,0.007073847763752413,-0.0003600171382644816,-0.011354944355076769,0.005289360392552957,0.1416117413426265,0.02032991789439606,-0.00012108053280837638,0.03551133929615807,threshold_raise,cluster_threshold,high_score_benign,-0.0011729647476540692,-0.019170048186659905,-0.032367486685265026,0.009623590430424756,-1.0829109078347443e-06,-0.15030565160373693,-0.2147433988458336,0.10091485484074122,Philips_B120N10_Baby_Monitor
nbaiot,0.5219885319928226,0.07720023300879646,-0.039270512422785675,0.13095854777296376,0.049439973073701016,0.015833846928241312,0.0065481963256994735,0.012384024018467499,0.1,20,0.013109340935108876,0.0007656647312111432,-0.0027194724361681824,0.004651363944999773,0.003477009069941063,-0.007536646200006256,-0.07707840330714574,0.020601484105697447,threshold_raise,cluster_threshold,high_score_benign,-0.0008936550491510306,-0.01258266309204647,-0.0451295799821269,0.011141492348759238,0.0,-4.764353757846784e-06,-1.3053023994125112e-05,3.7468031082056042e-06,Provision_PT_737E_Security_Camera
nbaiot,0.5137194641227707,0.07357611560467336,-0.25035633100066124,0.1428590648548191,0.23694676389296812,0.03239526537805793,0.006956164352595801,0.050736334742559744,0.1,20,0.010975262428700325,0.0006934466472909072,-0.0031529706324507608,0.004595816978882925,0.16166183162733117,0.006118219008471798,-0.08058074785770059,0.04157311201800194,threshold_raise,cluster_threshold,high_score_benign,-0.0018608322995376098,-0.012822826209540995,-0.034397203112664934,0.009586427004566696,-1.354321708335604e-06,-2.4310074663752566e-05,-8.938523274693022e-05,1.942562930692364e-05,Provision_PT_838_Security_Camera
nbaiot,0.5203641700864474,0.303601880105191,-0.2989008818149692,0.1859015582576444,1.3680254804591339,0.8722003497493744,0.27766878604888956,0.31431156524568776,0.1,20,0.005534853420629267,-0.0036953513761220566,-0.01897112896215805,0.005940088363668474,0.06315990784888599,0.011241520228895806,-0.033863145188312335,0.02433339129756017,threshold_raise,cluster_threshold,high_score_benign,-0.005325948018747334,-0.019194716659565403,-0.04058372390285471,0.008563781337566526,-6.500099049128183e-05,-0.12912013421156893,-0.6448748266640253,0.2645099009976635,Samsung_SNH_1011_N_Webcam
nbaiot,0.41948016393759063,-0.0106476112197206,-0.3690821920855759,0.16903852703641303,0.2773652575910097,0.06425554647110457,-0.057986863516265585,0.07538587511114621,0.1,20,0.013795382993881156,0.0013052378537495666,-0.011746582652727393,0.0054925672712466175,0.16165507311295244,0.006964249843172066,-0.1072675301992864,0.05562514025155665,threshold_raise,cluster_threshold,high_score_benign,0.008703946583999048,-0.01540479313222845,-0.06045069750804818,0.019278912039149665,6.00143789553087e-05,-6.975140574497218e-05,-0.000267002747188827,9.128709658252931e-05,SimpleHome_XCS7_1002_WHT_Security_Camera
nbaiot,0.7045854184305684,0.18827806681065748,-0.2013057201086575,0.2629603660581491,0.4594496171921493,0.24587798078234063,0.10314249657094787,0.11657335295106712,0.1,20,0.008940186619335308,-0.0003393225777312211,-0.0069224127784712685,0.005438582119938838,0.05715838869031606,-0.00489434374519025,-0.08059786917117963,0.03518569320971113,threshold_raise,cluster_threshold,high_score_benign,-0.0017059994313335242,-0.009027580324139892,-0.022462325845891383,0.006106548647971148,-1.9247008894440754e-05,-0.04835919249174182,-0.24168228481242582,0.09916154720991015,SimpleHome_XCS7_1003_WHT_Security_Camera
nbaiot,0.5604492153159748,0.2415542149189096,-0.1444149449418436,0.1562938969537665,1.1369739376008525,0.8397378645402689,0.688723187148571,0.12116786888385163,0.2,20,0.005277962718574622,-9.129341404171776e-05,-0.013747258447265723,0.005061464834824735,0.19536825019710227,0.0362405614662933,-0.08056245897088886,0.06769052683552555,threshold_raise,cluster_threshold,high_score_benign,-0.02129806075552068,-0.03555655195605874,-0.05907409483241789,0.007085090868969869,-1.0322580644706036e-06,-2.2193548386895134e-06,-6.1935483870456665e-06,1.5806486261761593e-06,Danmini_Doorbell
nbaiot,0.023758048647992136,-0.0814307585627358,-0.5986021478277128,0.16123356209261616,0.5331410910934209,0.10979169713954126,0.01892790347337736,0.1646191038725987,0.2,20,0.0070574363727594295,-0.00054829143617054,-0.0030977384946452137,0.002759463730103969,0.08057336350296042,-0.0065895693029049615,-0.08058863865805833,0.039448638485246865,threshold_raise,cluster_threshold,high_score_benign,0.0,-0.024386113463166804,-0.17315834038950043,0.05560737723868879,0.0,-0.02426834945178625,-0.24264946284653055,0.07468434971895128,Ecobee_Thermostat
nbaiot,0.49838547690612756,0.20329062395820544,-0.3355561462220229,0.20643733366655,1.2554296838740509,0.699583514997113,0.43665644712746143,0.25840131521474335,0.2,20,0.006851845305715608,-0.0042692770807169714,-0.017761931185296204,0.00550750246908761,0.08057516812883045,0.0006387871655324409,-0.08056412812273905,0.042976797983558364,threshold_raise,cluster_threshold,high_score_benign,-0.0008525149190110812,-0.004546746234725775,-0.026570048309178744,0.007253484947889103,-4.740834386851578e-05,-0.0001245259165613216,-0.00020543615676360538,5.0354275398120744e-05,Ennio_Doorbell
nbaiot,0.31932393060154446,0.08039235029897963,-0.35520411868243795,0.16332210188329163,0.4947089140613872,0.37399032268424715,0.07684947811067111,0.10698623029287013,0.2,20,0.005489105174370655,-0.001423554254329185,-0.012661378544210617,0.004847507973265037,0.19113357546823895,0.01668756823077819,-0.0001237918229756857,0.04372177625216828,threshold_raise,cluster_threshold,high_score_benign,-0.001711894496576211,-0.025491377124017243,-0.03271620593456759,0.006673325565735046,-2.1658218156694886e-06,-0.17179006255976315,-0.21475422795491195,0.0880906146824982,Philips_B120N10_Baby_Monitor
nbaiot,0.49727836522415375,0.11722781088682858,-0.2821853141560978,0.16869621255622022,0.06505641524369507,0.03188833009296402,0.013918189207712733,0.016144809558531367,0.2,20,0.011302198732304918,0.0015034711284696751,-0.005885526066002369,0.005816886296816562,0.030305497484258127,-0.007147334321626867,-0.08046648814661926,0.028819848377176015,threshold_raise,cluster_threshold,high_score_benign,-0.0033065236818588042,-0.019302949061662196,-0.04888293118856121,0.014038545525285648,0.0,-9.659237755615946e-06,-2.4800745588748896e-05,5.995124304245696e-06,Provision_PT_737E_Security_Camera
nbaiot,0.46188069382402447,0.13487822604227315,-0.30592742159142594,0.18076031647260607,0.24253976245721146,0.07820891510539989,0.013298936747014573,0.06670468600118555,0.2,20,0.018951817005444075,0.005106260216857351,-0.004263143723912968,0.006462122994099823,0.16166142553574073,0.017284037599735083,-0.08046109910987297,0.051121703574266514,threshold_raise,cluster_threshold,high_score_benign,-0.0034397203112664938,-0.023299875944513364,-0.036709146272696516,0.010230656165913406,-6.771608541455976e-06,-0.039437441848811663,-0.26266663235718335,0.0962068601817819,Provision_PT_838_Security_Camera
nbaiot,0.5767228770897284,0.38587355849477206,0.10884953122905394,0.11511900502783105,1.8791698801020782,1.5238464480452234,1.1505118777354562,0.17345069173560135,0.2,20,0.005534853420629267,-0.0039840823172756406,-0.019155188737519566,0.006208776162805372,0.06315990784888599,0.009240872639089584,-0.05963191212255487,0.03296075747558825,threshold_raise,cluster_threshold,high_score_benign,-0.01597784405624201,-0.026427354069024283,-0.04633574776310183,0.007081025548558087,-0.0002011935419968247,-0.12920602837757525,-0.644949113510301,0.26450155963794414,Samsung_SNH_1011_N_Webcam
nbaiot,0.3130065442847185,-0.0753386021590168,-0.636122796358557,0.20126189829755076,0.2888516289492453,0.11407790100822952,-0.0005287865797664049,0.05933447650316998,0.2,20,0.012189801188416557,0.001932057383532858,-0.013497542223303956,0.005401258370531926,0.11478345028646106,0.02648346048595701,-0.0503829156897664,0.043525180770710444,threshold_raise,cluster_threshold,high_score_benign,0.0,-0.02881244783593657,-0.0642661261476094,0.01730850470829443,0.0,-0.00012866347978067184,-0.0002878240623365169,8.372347030896378e-05,SimpleHome_XCS7_1002_WHT_Security_Camera
nbaiot,0.5969476274512775,0.37058315783937734,-0.003794617230430286,0.15844152676796802,1.395232790336013,0.9489476918118707,0.2353693597018771,0.30486546213731774,0.2,20,0.02394691347707309,0.004090549413359254,-0.012746375731232558,0.008825645848824058,0.11352212493110199,0.025980931825542834,-0.05028995042911878,0.04170229331173556,threshold_raise,cluster_threshold,high_score_benign,-0.0028433323855558724,-0.024026158657947116,-0.0355416548194484,0.007327045403442013,-2.7667575285938995e-05,-0.060494371452836405,-0.2417881433613457,0.10735311152578836,SimpleHome_XCS7_1003_WHT_Security_Camera
nbaiot,0.6404350215719318,0.3344192152919015,0.028307565716676586,0.16804749561165394,2.094057260702054,1.6678821776372725,1.301002853736281,0.2621197069638689,0.4,20,0.006094341195423826,-0.0009021282490652291,-0.013747258447265723,0.004950132563577362,0.19536825019710227,0.033825366114326245,-0.08056245897088886,0.06945839649944777,threshold_raise,cluster_threshold,high_score_benign,-0.02791166909539289,-0.04056720098643649,-0.06288532675709001,0.006568295099152526,-7.225806451627292e-06,-0.030651922580645162,-0.20424051612903227,0.07481470060797324,Danmini_Doorbell
nbaiot,0.02761767907505097,-0.09426649932625336,-0.6044885877560775,0.1603387803338762,0.5402014963328836,0.12755152953788632,0.03304264843463911,0.16351013291440913,0.4,20,0.0069264785058026895,-0.0013457659329952566,-0.0037056036532498375,0.0029957573727534942,0.08057221383342374,-0.008103742623188245,-0.11077425194907811,0.042860154637631924,threshold_raise,cluster_threshold,high_score_benign,0.0,-0.02506350550381033,-0.17400508044030483,0.05552269126780042,0.0,-0.036399911031487805,-0.24265189368019713,0.08889296204910606,Ecobee_Thermostat
nbaiot,0.48141438348978105,0.2755399827765769,0.000792108344439657,0.12907517107346703,2.3700206566601985,1.6266579874294436,1.022175189604362,0.28758400676431056,0.4,20,0.003377088439414522,-0.0038541855794685547,-0.014457556624588839,0.004732717555400569,0.1142749142293295,0.007891744124231156,-0.08056412812273905,0.047981540768840744,threshold_raise,cluster_threshold,high_score_benign,-0.012077294685990336,-0.017462347257743673,-0.03580562659846548,0.005320340367054836,-0.00016750948166877055,-0.00025331858407079964,-0.00030025284450063694,3.097166900758091e-05,Ennio_Doorbell
nbaiot,0.29982653524318603,0.08980265993783773,-0.43530036960269436,0.1685715958839643,0.5232100432117783,0.433435140118002,0.11471390202641474,0.08942383761418998,0.4,20,0.004553443656841051,-0.002767103379524785,-0.01246894844001262,0.004923217799492782,0.16167935673310269,0.00913528929209925,-0.03032199213162133,0.038368100275447146,threshold_raise,cluster_threshold,high_score_benign,-0.002726350494547298,-0.026902104996195792,-0.0335087496829825,0.006188630497113945,-4.331643631338977e-06,-0.1717971014806641,-0.21475855959854329,0.08809255857345615,Philips_B120N10_Baby_Monitor
nbaiot,0.44316899289660694,0.1672727886767187,-0.21919209575474025,0.17151156465639722,0.17791257699330634,0.059839723313537665,0.030072477459907543,0.03198014235942302,0.4,20,0.010214938584170666,0.0015898550911240313,-0.008514688629467729,0.006164716973453146,0.03372134351181203,-0.012589300373717183,-0.08046921267020303,0.0362969209354085,threshold_raise,cluster_threshold,high_score_benign,-0.004378909740840035,-0.025656836461126004,-0.05370866845397676,0.01584701458284557,-6.526511997062556e-06,-0.013616327244532744,-0.2719949980812054,0.06081602947941007,Provision_PT_737E_Security_Camera
nbaiot,0.3728167560539635,0.09138111256894996,-0.33403358613903567,0.1503770867034805,0.4372256097197511,0.1600513286711645,0.02240765150636434,0.11894247583691665,0.4,20,0.01761970933889258,0.0058630268927099575,-0.006042397728319106,0.005783126522873897,0.16166059678931916,0.03278271476082502,-0.05027099844165167,0.053317297739575636,threshold_raise,cluster_threshold,high_score_benign,-0.006146385474230291,-0.030311830382316458,-0.053061914965602794,0.011600830076416314,-1.4897538791136533e-05,-0.052593322923113806,-0.2627221595472231,0.10777176609381112,Provision_PT_838_Security_Camera
nbaiot,0.6034865050977847,0.41620482683920035,0.14456219712342622,0.11771538648637167,2.9821402430534363,2.449463707190003,1.8341290165980597,0.32964142896555837,0.4,20,0.005417543814703629,-0.004097045933129347,-0.019155188737519566,0.00609773406931714,0.06315990784888599,0.004702427688486272,-0.05963363138242343,0.031589302722788266,threshold_raise,cluster_threshold,high_score_benign,-0.022688538559863657,-0.03183851725607158,-0.052300809544098846,0.00713571595544967,-0.00024143225039618965,-0.1292555529417591,-0.6450110192155308,0.2645063220960463,Samsung_SNH_1011_N_Webcam
nbaiot,0.7171602376787745,0.11633379584002532,-0.635761894537326,0.3452840229986506,0.6570241093635549,0.346178423780949,0.04436574975649665,0.20401189271043588,0.4,20,0.024912832753804612,0.004653452996419089,-0.018892020193178587,0.010651124814979393,0.16515832725551657,0.04121166951345455,-0.026174596235012546,0.04973202041142445,threshold_raise,cluster_threshold,high_score_benign,-0.004411589364492666,-0.06842732800763086,-0.11100512698223441,0.031080648527974493,-2.9394797855686328e-05,-0.000336264239636197,-0.0008940917681092841,0.00023507996584864088,SimpleHome_XCS7_1002_WHT_Security_Camera
nbaiot,0.5985655563189147,0.39744124363135674,-0.00759126310001923,0.14253955719832279,1.8290785487741235,1.5009324721309056,1.0682019382715242,0.20456723192746687,0.4,20,0.010428960438439203,-0.00014547990905590147,-0.018158416293392782,0.006635363368992698,0.11353132342525288,0.0305123309493886,-0.05959907800288616,0.04910396190759532,threshold_raise,cluster_threshold,high_score_benign,-0.021609326130224624,-0.02816320727893091,-0.03866932044355985,0.004892267150472249,-7.578509752226292e-05,-0.06052366299449776,-0.2418061874321843,0.1073484428242585,SimpleHome_XCS7_1003_WHT_Security_Camera
nbaiot,0.2056179156414727,0.016842558355408276,-0.1307724924640662,0.06482172384236179,0.43042418323457243,0.10555197137097501,0.006489020586013972,0.14759637551110297,0.1,20,0.01461840478764201,0.0017677409864318857,-0.0004662537481044549,0.004124331027475949,0.16166090476628864,0.00577198298649889,-0.08055946633478529,0.04160774921162748,threshold_raise,cluster_threshold,high_score_train_feature_benign,-0.00022419011321600513,-0.0058065239322945845,-0.03788812913350521,0.009400140455932099,0.0,0.0,0.0,0.0,Danmini_Doorbell
nbaiot,0.31219146300022194,-0.03976695572629402,-0.5818781621077675,0.19603295419039257,0.4948377914726733,-0.00021291109888504355,-0.4789487496949726,0.21850567600284565,0.1,20,0.00804241094385076,-0.0011770086691757474,-0.01494005052030621,0.005026203081042508,0.08057857471257142,-0.011270729961876245,-0.14478437612077633,0.0446610249805648,threshold_raise,cluster_threshold,high_score_train_feature_benign,0.1697713801862828,-0.002900084674005083,-0.17315834038950043,0.0788675226651524,0.24264946284653044,0.024261056950786553,-0.24264581659603068,0.10851376467074292,Ecobee_Thermostat
nbaiot,0.553556572666674,0.002802370633245327,-0.5773880826037827,0.20393871034207045,0.3533967594305668,0.039815098121762135,-0.13691588081419495,0.09641852642902317,0.1,20,0.009056054889452568,-0.0004418413094100215,-0.012545204103795346,0.004476205717831912,0.08056464506519923,0.0016405052486352391,-0.07707882857366416,0.0313658322697731,threshold_raise,cluster_threshold,high_score_train_feature_benign,0.023159988633134412,-0.001200625177607275,-0.024012503552145497,0.009198108397827412,0.6487642225031605,0.032432364096080905,-4.424778761058512e-05,0.1450694670528625,Ennio_Doorbell
nbaiot,0.2698639240962982,0.07790503048120001,-0.40822326706308054,0.17202548128140865,0.0892396541933225,0.026095450489471407,-0.25390130113810255,0.06799909654159793,0.1,20,0.0013477602853323404,-0.006389788680840667,-0.017712494001296958,0.004344074407817036,0.16166320803356282,-0.00016586787277517862,-0.08058206859459556,0.046783309230513055,threshold_raise,cluster_threshold,high_score_train_feature_benign,0.021240172457519656,-0.003293811818412376,-0.009669033730661934,0.00609567942622774,0.21470766278587494,-0.032205391380245765,-0.21466434634956144,0.10504302128974559,Philips_B120N10_Baby_Monitor
nbaiot,0.5149288827008665,0.18884607455608143,-0.044487788204108814,0.16318201313778652,0.0910965913906692,0.03320232418210549,0.010101990029215774,0.020282599644403453,0.1,20,0.013689993337438961,0.004575152600365312,-0.007181283854415299,0.006804240831811327,0.05712332369332291,-0.0027342302844091332,-0.08046366264385403,0.035204569050824405,threshold_raise,cluster_threshold,high_score_train_feature_benign,-0.002144772117962466,-0.019566577301161747,-0.04709562109025916,0.013672614065122683,-2.6106047987806136e-06,-0.013608169104536456,-0.27198716626680897,0.060816105695263356,Provision_PT_737E_Security_Camera
nbaiot,0.5149288827008665,0.10998673021649175,-0.04477068534252526,0.1394981640360881,0.06691255308687685,0.025862314078646392,0.006366311386227591,0.01982763249457423,0.1,20,0.01937378112131797,0.0020643208324684532,-0.0031286086841185792,0.0065752409326843625,0.11141363154775201,0.005284824173050695,-0.08058074785770059,0.032635173233774295,threshold_raise,cluster_threshold,high_score_train_feature_benign,-0.001804443441975865,-0.01394214503214165,-0.029886094507725273,0.009102912997624257,-1.354321708335604e-06,-2.214315993049887e-05,-4.1983972956849414e-05,1.253850009995878e-05,Provision_PT_838_Security_Camera
nbaiot,0.312375010895548,0.034111056667539455,-0.007565934482511083,0.08219378860117055,0.07851355150341999,-0.015675422394027146,-0.16783580196400505,0.06017443832611772,0.1,20,0.007758034398648807,0.0005662588794793976,-0.0007457710357378186,0.0020400631281991765,0.0034755674740251236,0.00034455620430790256,-6.5738471895504524e-06,0.0010574176941785828,threshold_raise,cluster_threshold,high_score_train_feature_benign,0.020771197273114612,0.0016883255219429054,-0.007136770345121432,0.006110872016179086,0.6445591075673534,0.032240491283676696,-8.047741679872988e-05,0.14412485779390208,Samsung_SNH_1011_N_Webcam
nbaiot,0.5506270280318084,0.011112847235911993,-0.3436346828482403,0.15539340568051888,0.2468092424174153,0.010605037957430003,-0.13521758951246676,0.07324121458690819,0.1,20,0.012921932520437992,0.0014724574404335865,-0.00013281047345648487,0.0037755749960944342,0.1616582325893272,0.011311130304266425,-9.241885723654253e-07,0.036578888998364444,threshold_raise,cluster_threshold,high_score_train_feature_benign,0.01681173244306665,-0.002962918802909264,-0.05210444735900799,0.013849919080654938,0.00029762232828844937,-3.5518714075477575e-06,-0.0002510805650169923,9.361543214723167e-05,SimpleHome_XCS7_1002_WHT_Security_Camera
nbaiot,0.4295988687901625,0.015405873748373433,-0.14051435862147443,0.10663759126554308,0.27472537457942914,0.02041790967807209,-0.1533168710768174,0.09035746025116313,0.1,20,0.010110477848580967,0.0010148025453259786,-0.0030746006442441253,0.003531664937135862,0.16166223771070676,0.009938939475003617,-0.08057846878464069,0.043378405491261506,threshold_raise,cluster_threshold,high_score_train_feature_benign,0.0051179982940005656,-0.0011088996303667891,-0.01364799545066818,0.00451261314237669,3.608814167721519e-05,-0.012082249686634645,-0.24161852909546278,0.054027236577533486,SimpleHome_XCS7_1003_WHT_Security_Camera
nbaiot,0.5609648663300126,0.015293413802129452,-0.5791051183345779,0.24474387669521688,0.4456845726817845,0.17535611607755197,0.028474819660187056,0.13925883916904966,0.2,20,0.01555776553537427,0.0017751163540888828,-0.012433109047187344,0.006909301534534575,0.16167241299358892,0.009998993683739197,-0.08057840034479902,0.046793843109330074,threshold_raise,cluster_threshold,high_score_train_feature_benign,-0.0003362851698240077,-0.008698576392781078,-0.039009079699585246,0.00878961288501146,0.0,-5.161290322353018e-08,-1.0322580644706036e-06,2.3081992024786304e-07,Danmini_Doorbell
nbaiot,0.415414475007084,-0.1001555432239061,-0.5908122136157541,0.20730102449456222,0.5138003915548324,-0.0297691545216363,-0.4382211710326369,0.2650088053601926,0.2,20,0.007496352691251224,-0.001780138193029535,-0.01543972876199323,0.0049202309234077785,0.08057604702204291,-0.016454146690045322,-0.11078057020261589,0.04258940451576965,threshold_raise,cluster_threshold,high_score_train_feature_benign,0.13124470787468248,-0.005186282811176967,-0.17315834038950043,0.07095829931333153,0.24264824742969726,0.04852497013113132,-0.24264946284653055,0.14936689077241108,Ecobee_Thermostat
nbaiot,0.3774842784125331,0.010766946697550846,-0.41753925070260367,0.1579233407500863,0.3863370786110556,0.10910144580776437,0.03857498615980154,0.09513300738212231,0.2,20,0.014701340261669013,-0.0004073708319032615,-0.014118841845536089,0.005277296642688264,0.08057516812883045,0.0033273640854572573,-0.0805606025901347,0.04026706088602311,threshold_raise,cluster_threshold,high_score_train_feature_benign,0.0,-0.0024154589371980675,-0.02429667519181586,0.007268118955720138,0.0,-1.0903919089766401e-05,-5.0568900126390925e-05,1.249477354828176e-05,Ennio_Doorbell
nbaiot,0.3459518408719705,0.15763370400496046,-0.3383149601959502,0.17104986087575652,0.09076436956723544,0.052246224982664034,-0.18460929654538588,0.058483411545028494,0.2,20,-0.002466812164833027,-0.008234479310201513,-0.02009816857176546,0.004350480901945979,0.08056828782651274,-0.009787005370453971,-0.0805838940224628,0.04002422315850946,threshold_raise,cluster_threshold,high_score_train_feature_benign,0.01296601572406797,-0.005974194775551609,-0.010112858229774282,0.004976908780444903,6.0643010838856704e-05,-0.05367962297373833,-0.2146751754586399,0.09535142664230624,Philips_B120N10_Baby_Monitor
nbaiot,0.44449846863627,0.2033221542591928,-0.019511135908874988,0.13135579821543827,0.11385620199143898,0.0604218982486053,0.024541885902484017,0.022633111661485808,0.2,20,0.013267902249475681,0.002890131955488556,-0.004765751808329289,0.0067401132208058006,0.11140878956256733,-0.0015690663205998184,-0.07708429283058572,0.03702112565223801,threshold_raise,cluster_threshold,high_score_train_feature_benign,-0.00840035746201966,-0.025370866845397678,-0.05352993744414655,0.01357575359037078,-2.6106047987806136e-06,-0.013616849365492512,-0.2719963033836048,0.06081621380000395,Provision_PT_737E_Security_Camera
nbaiot,0.3988353707053528,0.14287487044151326,-0.14268484405004556,0.1374027973668327,0.15469527368744226,0.07311827694065876,-0.0020225671430430248,0.04935718251030311,0.2,20,0.013015382529424894,0.0018526929345298992,-0.007416384567240461,0.006004399288748262,0.08449140103202293,0.00895822912005549,-0.07706178530487871,0.04029918725017587,threshold_raise,cluster_threshold,high_score_train_feature_benign,0.0006202774331792033,-0.024441750310138715,-0.051201082666065184,0.010764909322481008,0.0,-0.052565559328093925,-0.2626774669308497,0.10777749612938514,Provision_PT_838_Security_Camera
nbaiot,0.18432832190951465,0.00873666158356976,-0.1386380839388206,0.0602104129739401,0.05785165801644554,-0.02033446521187791,-0.17612184248864549,0.06707392897741676,0.2,20,0.007884141337332812,0.0005494468016191284,-0.0022830519425907025,0.0023177448706662696,0.08110976270877353,0.009621910198838153,-3.499406638393654e-06,0.025357673277595794,threshold_raise,cluster_threshold,high_score_train_feature_benign,0.018108223263740945,0.0020771197273114616,-0.004793353216872603,0.006572496527835187,0.6445529169968304,1.9036004358169433e-05,-0.6444817254358162,0.29571418171270064,Samsung_SNH_1011_N_Webcam
nbaiot,0.39837597920511786,0.015680291843852973,-0.34386879936854553,0.1561505701969048,0.24577471638719284,-0.01175881768887203,-0.2597621142864214,0.09916129175494903,0.2,20,0.014538482914125657,0.0008900662437902161,-0.015363128087811685,0.006904412088425956,0.16165945751241353,0.008479793900032806,-0.05026333215704594,0.044215487071464825,threshold_raise,cluster_threshold,high_score_train_feature_benign,0.08930487659472994,0.0039227375700488865,-0.05210444735900799,0.02661597772266398,0.0002474062152850731,1.5922182171812514e-05,-0.0002498557817729452,0.00010175443263567265,SimpleHome_XCS7_1002_WHT_Security_Camera
nbaiot,0.41682686561393756,0.03816854411510628,-0.2799262179555895,0.15590091695186092,0.2524264276027681,0.04019420865302332,-0.0406865067780009,0.06438825945468328,0.2,20,0.013012767107550397,0.00220006059744617,-0.0024208738993304326,0.005010482952932718,0.0845821595086496,0.014395537865713173,-0.08058404271056019,0.038234745647755454,threshold_raise,cluster_threshold,high_score_train_feature_benign,0.0005686664771111759,-0.0021040659653113443,-0.013363662212112593,0.0035084075393098093,1.0826442503164557e-05,-0.012087542614080632,-0.24162334084768644,0.05402712192936152,SimpleHome_XCS7_1003_WHT_Security_Camera
nbaiot,0.4216202415945834,0.06558659590201428,-0.11062036387038099,0.11586389199539998,0.4556833174079654,0.23631716302285563,0.04588122069835665,0.16029587059859687,0.4,20,0.01799493089527751,0.0035879546734229792,-0.005327673779060585,0.006530375622479673,0.11140072412590957,0.016210951315708075,-0.08055756852002557,0.04053597169349207,threshold_raise,cluster_threshold,high_score_train_feature_benign,-0.0008967604528640274,-0.010856406232485146,-0.039121174756193255,0.009188936061206179,0.0,-5.161290322353018e-08,-1.0322580644706036e-06,2.3081992024786304e-07,Danmini_Doorbell
nbaiot,0.019443608725334238,-0.11817549457920781,-0.6124928328492253,0.1780416756742042,0.5422150474041698,0.06624131110186385,-0.2611104320734737,0.20829285170970674,0.4,20,0.006821184204596065,-0.0015954053635141717,-0.008042498158017126,0.003440809109626226,0.08057206073551823,-0.00810416361913414,-0.11077264571647347,0.042860505186050106,threshold_raise,cluster_threshold,high_score_train_feature_benign,0.02455546147332769,-0.01989839119390347,-0.17400508044030483,0.05826725727405005,0.24262758534353146,-0.012135450913568064,-0.24264946284653055,0.1238467802029681,Ecobee_Thermostat
nbaiot,0.4192210821994607,0.041501970984070706,-0.41125589562617304,0.189954202408268,0.45074597696463115,0.2595580354047307,0.14664213359355904,0.08235768043301617,0.4,20,0.013825601629667896,0.0004826238780048321,-0.014805424067260108,0.006687934519950722,0.08057516812883045,-0.0016370213416780257,-0.08054500566101484,0.03825271653775083,threshold_raise,cluster_threshold,high_score_train_feature_benign,0.0,-0.002728047740835464,-0.02500710429099176,0.007291122530620634,-1.264222503161161e-05,-3.06573957016526e-05,-6.321112515805805e-05,1.6345719993038578e-05,Ennio_Doorbell
nbaiot,0.4025961090157685,0.1460723024163526,-0.0036159795824547425,0.09650905947502016,0.5011334180335169,0.2787013631879042,-0.103245467320084,0.11895803061678124,0.4,20,0.006183688617743705,-0.00241848627413017,-0.014558567615210728,0.004416805171705506,0.08109322649383795,-0.00010095027616409055,-0.08055980491521236,0.03479699830829273,threshold_raise,cluster_threshold,high_score_train_feature_benign,0.004723560740552879,-0.022815749429368502,-0.030084960689830076,0.007321772192883896,2.3824039972475397e-05,-0.17177988319722953,-0.2147466475785571,0.08809330949983597,Philips_B120N10_Baby_Monitor
nbaiot,0.5893592341540226,0.2837664516853472,0.016812986639216265,0.16418873591570007,0.48211281113326376,0.27493451989938755,0.12110513647397339,0.10616470619718252,0.4,20,0.013326916640856303,0.0053372160149612775,-0.0038952605485597347,0.006031147538025371,0.05712245467950012,-0.007381638884468159,-0.08046415315138526,0.03673915320384483,threshold_raise,cluster_threshold,high_score_train_feature_benign,-0.01751563896336014,-0.03924486148346738,-0.06586237712243075,0.015228013286342702,-4.3074979180435236e-05,-0.013679569145784026,-0.2720498207819805,0.060814051656920234,Provision_PT_737E_Security_Camera
nbaiot,0.4775169326554193,0.18555991673883873,-0.16108845139168337,0.15431061903960291,0.5314189400772218,0.3231519828550516,0.07231500285367179,0.13339865756597163,0.4,20,0.016421739105005117,0.005123587301643014,-0.006514863395721578,0.006288360608708042,0.11479399243542224,0.022440681059416972,-0.05027057578682055,0.037947155110092154,threshold_raise,cluster_threshold,high_score_train_feature_benign,-0.015732491259727078,-0.03386432840870644,-0.05221608210217661,0.011122516051588377,-4.740125979008081e-05,-0.06575326696254083,-0.26274924598138893,0.11666949231549152,Provision_PT_838_Security_Camera
nbaiot,0.17996246043613628,0.039590280076683304,-0.08335558807351151,0.06941991124583091,0.24095255608359523,0.0033447719365362035,-0.16727784251173333,0.10485254551227241,0.4,20,0.011185336585984886,0.0012723727761780209,-0.012225486157954327,0.0049344780578788865,0.1147847719562348,0.01993661532494818,-0.030204600512119956,0.03859667954317478,threshold_raise,cluster_threshold,high_score_train_feature_benign,0.01746910950149127,0.00027162334895611403,-0.024925436727737532,0.008987181069359673,0.6445900604199684,-0.06444291055863707,-0.6446736331220284,0.2882550207178501,Samsung_SNH_1011_N_Webcam
nbaiot,0.4178100333237264,0.004548233461780446,-0.34443949356978015,0.1820090002911198,0.24999016746878655,0.01266755408917899,-0.1361714744319512,0.08249105171922576,0.4,20,0.017281752923872656,0.0033568801150298177,-0.011473315131498706,0.00711622675383935,0.16165984442307121,0.0262450223083755,-0.08057973044495441,0.05125182189540305,threshold_raise,cluster_threshold,high_score_train_feature_benign,0.020984857517586733,-0.0041731250745200895,-0.05234291164898057,0.01591963588560526,0.00029762232828844937,-9.002156843290754e-06,-0.0002523053482609283,0.0001155296077457115,SimpleHome_XCS7_1002_WHT_Security_Camera
nbaiot,0.42542396060936755,0.07744878639613098,-0.1545217577115522,0.15822772007578761,0.26302308738231694,0.041217742541184835,-0.12291986520091702,0.07177060751601413,0.4,20,0.016295650045990286,0.00432445693397507,-0.0023182160354791753,0.006614427934599674,0.16166609015370784,0.017660660018116104,-0.08058542892349753,0.046237258727965705,threshold_raise,cluster_threshold,high_score_train_feature_benign,0.0014216661927779345,-0.0026585157804947398,-0.019334660221779924,0.005094896038940407,1.9247008894551776e-05,-0.024169371272395712,-0.24164739960880455,0.0743713919166501,SimpleHome_XCS7_1003_WHT_Security_Camera
nbaiot,0.14233566374292378,-0.02844615092716869,-0.5753714980184121,0.136306746023903,0.40979095473885513,0.028153530588994297,-0.015849152207374317,0.09674335512475414,0.1,20,0.005277962718574622,-0.00010903558619343033,-0.012433109047187344,0.0032964008410039736,0.16166121096209962,0.010622469552053102,-0.030306764765439462,0.04063474996062355,threshold_raise,cluster_threshold,random_benign,0.001233045622688042,-0.0014123977132608446,-0.020513395359264653,0.004869488138912055,0.0,0.0,0.0,0.0,Danmini_Doorbell
nbaiot,0.0020797431889709728,-0.00046753946807624736,-0.0064866520526316584,0.0018627593866983596,0.002279290556907565,7.52238184213938e-05,-0.0032091632485389265,0.0013700813900385177,0.1,20,0.00012468856029465005,-1.7654160550801722e-05,-0.00014115419502639358,6.569720726273798e-05,9.269192208644084e-07,-6.336496790569634e-08,-8.434737256562963e-07,3.6370390739203066e-07,threshold_raise,cluster_threshold,random_benign,0.0012701100762066153,-0.00010584250635054951,-0.002540220152413203,0.0006569598907173031,0.0,0.0,0.0,0.0,Ecobee_Thermostat
nbaiot,0.11965776139635187,-0.01832208924357461,-0.34386879936854553,0.08742195177126832,0.000919953733682588,-0.017234596641113445,-0.18825714377065605,0.05314256543187022,0.1,20,0.00010931577185763729,-0.00037506970152789086,-0.002852952087325893,0.0009317415190320899,0.080565134553599,0.005537281872315132,0.0,0.018901461984618888,threshold_raise,cluster_threshold,random_benign,0.038789428815004266,0.0028488206876953683,0.0,0.009249256145002643,0.648783185840708,0.032441845764854614,0.0,0.14507169878589088,Ennio_Doorbell
nbaiot,0.004153211407123769,-0.00027746602698770496,-0.010638771705728411,0.0029309500219894696,0.0016473999867836764,4.634005017578324e-05,-0.0015022397041321023,0.0007368385412100077,0.1,20,0.0005161180418845742,-9.986473313494476e-06,-0.0008487228553664605,0.00027173503247646574,5.017432269938116e-07,-3.063706816019973e-10,-1.692902135419505e-07,1.3332230787742797e-07,threshold_raise,cluster_threshold,random_benign,9.510524980978902e-05,-2.0606137458787678e-05,-0.0003170174993659611,8.864265664965403e-05,1.0829109078347443e-06,-2.1658218156694887e-07,-2.1658218156694886e-06,9.026157209046035e-07,Philips_B120N10_Baby_Monitor
nbaiot,0.3917951756512382,0.029049366437018016,-0.0015081570195148997,0.09521985488102272,0.035128629393875566,0.002778613374878959,-0.0003227574129899269,0.008944324073404763,0.1,20,0.014646343598168785,0.0011995228338382885,-4.0082585007096896e-05,0.0037579462517864227,0.05712400085417705,0.0043714335611430575,-1.692902135419505e-07,0.014140869257303868,threshold_raise,cluster_threshold,random_benign,0.0005361930294906225,-0.002176050044682752,-0.0323503127792672,0.007579714133223838,0.0,-3.9159071982264315e-07,-5.2212095976722495e-06,1.2775268303128933e-06,Provision_PT_737E_Security_Camera
nbaiot,0.0008546772323301255,-0.0002233960841169086,-0.002402304491665397,0.0007624029884134554,0.00042790398001668617,-1.7419084906585696e-05,-0.00047270258267721743,0.00023547950600186476,0.1,20,6.702412868632782e-05,-1.2287756925826506e-05,-0.00028394738971360654,7.486346046006505e-05,1.3536386347934304e-07,6.768193173967152e-09,0.0,3.0268280043681224e-08,threshold_raise,cluster_threshold,random_benign,0.0006202774331792033,3.101387165895982e-05,-0.0005074997180557136,0.00022590758569989973,0.0,0.0,0.0,0.0,Provision_PT_838_Security_Camera
nbaiot,0.0071758025641132095,-0.02803720773279571,-0.5757926085103302,0.12895428071347476,0.002573250730831922,-0.005857775192707876,-0.09447216354310484,0.02105756978502014,0.1,20,0.00024419790854545353,-0.0006491755430523586,-0.01335024593234484,0.0029913817956420193,4.592937164898947e-07,-0.0015156290312735763,-0.030313350405494682,0.006778280276577936,threshold_raise,cluster_threshold,random_benign,0.0075628461866212165,0.00039944610140605074,-0.0005325948018747306,0.0016975889055487051,4.9524564183833775e-05,3.0952852614923866e-06,-3.095285261489611e-06,1.1137595292518615e-05,Samsung_SNH_1011_N_Webcam
nbaiot,0.0033228148390828105,-0.028928859069573036,-0.5774704961259007,0.12911700835895376,0.00451265970865955,-0.004317145242045228,-0.09267369098961331,0.02084105242876822,0.1,20,0.0001021160050537909,-0.00073806570852864,-0.014823485565485985,0.0033155160980110876,1.5036725697914477e-07,-0.0015158639114830914,-0.030315580219774096,0.0067787498345345905,threshold_raise,cluster_threshold,random_benign,0.0183617503278884,0.0009180875163944179,-0.0004769285799451489,0.0041161865338652575,6.613829517521097e-05,2.9394797855519794e-06,-4.899132975966225e-06,1.4997311640210047e-05,SimpleHome_XCS7_1002_WHT_Security_Camera
nbaiot,0.028010914207998727,-0.03576608291296369,-0.41119186001838304,0.1169333524538144,0.03950553238392096,-0.017035629351934027,-0.17905156488220142,0.05504351762102999,0.1,20,0.0019196678842422423,-0.0005369104483042309,-0.01243989150955282,0.002891478462528573,0.11003454369854562,0.002989871874802424,-0.08055308985794529,0.03190099079308641,threshold_raise,cluster_threshold,random_benign,0.009098663633778793,0.0011941996019334668,-0.002843332385555869,0.003162973969103511,0.24165942898936366,0.012083993946815702,-1.3232318615052918e-05,0.054036451042509516,SimpleHome_XCS7_1003_WHT_Security_Camera
nbaiot,0.002449854616166758,-0.0026700373515851916,-0.03482132733142129,0.009976606984309931,0.16488544791937015,0.01990907190988451,-0.019868668913841092,0.04928643676209492,0.2,20,0.0027271831528821204,0.00028132775497278324,-2.66297400937374e-05,0.000824533469632455,0.08109552781289506,0.004054865726179536,-7.901390644757256e-07,0.01813349026504778,threshold_raise,cluster_threshold,random_benign,0.0019056159623360575,-0.0010256697679632322,-0.010424840264544329,0.002785517344441338,0.0,0.0,0.0,0.0,Danmini_Doorbell
nbaiot,0.010398610437992173,-0.0006191554330966242,-0.017428842921887178,0.0048219609348387465,0.003097790479660023,0.0004857710190117534,-0.0022738918662069674,0.0014811924118858404,0.2,20,0.00014671121216923476,-2.4982521227276203e-05,-0.00021924203231426555,7.643231873150429e-05,5.40008563178207e-07,-8.817540246876255e-08,-6.931064686771515e-07,2.855675923308137e-07,threshold_raise,cluster_threshold,random_benign,0.0033869602032176316,-0.00019051651143098882,-0.006350550381033021,0.0016680824244710095,0.0,0.0,0.0,0.0,Ecobee_Thermostat
nbaiot,0.14089899332448186,-0.007233136235278529,-0.4062204896827545,0.10209511790219977,0.0020539857447147702,-0.026155780317882803,-0.18839470930397592,0.06448022041649583,0.2,20,0.008853743090172787,-0.0004982536130939422,-0.01591677901130252,0.004197641275662049,0.08057372462443596,0.00017570570462714096,-0.07706464002911172,0.025578019368651665,threshold_raise,cluster_threshold,random_benign,0.039784029553850526,0.0034882068769536805,-0.0004262574595055371,0.009751539895729461,0.6487895069532237,0.06487989886219973,-3.160556257930658e-06,0.1996874684836623,Ennio_Doorbell
nbaiot,0.007770684759243585,2.676982985881926e-05,-0.0065023292443994185,0.004067460420408318,0.0015106166402499566,-0.0004239063228791022,-0.0018731688459715234,0.000943804241398225,0.2,20,0.0005096048516791641,0.0001354041976685073,-0.00035507091037416914,0.0002518673603560155,6.771608541400465e-07,8.46451067681997e-08,-4.89488399771365e-07,2.389714313740068e-07,threshold_raise,cluster_threshold,random_benign,0.00041212274917575703,5.389297489221453e-05,-0.0002536139994927661,0.00015119896445206556,2.1658218156694886e-06,2.707277269586861e-07,-2.1658218156694886e-06,1.104077292240294e-06,Philips_B120N10_Baby_Monitor
nbaiot,0.5879507721236408,0.0221696751773503,-0.5761301412852934,0.2004550662138164,0.05991432666778554,0.0057852001239856,-0.03836578031380955,0.021514421675199315,0.2,20,0.014730777521268475,0.001442873920400984,-0.013992883302282471,0.006365254107072184,0.030317771982370748,-0.0026386595499336657,-0.050260938702921545,0.014922692852454334,threshold_raise,cluster_threshold,random_benign,0.012243074173369076,-0.004378909740840035,-0.05138516532618409,0.013795934306843715,1.1747721594623783e-05,-1.8926884791325983e-06,-2.4800745588637874e-05,7.698722030658205e-06,Provision_PT_737E_Security_Camera
nbaiot,0.0027996035254409524,-0.00018123552506423834,-0.004659825612993829,0.0017179610764209018,0.0009600706398488201,4.781183165808861e-05,-0.0005761007467905421,0.0004357949775415583,0.2,20,0.00015124711733393702,-3.1326307325992487e-06,-0.00024915979578633797,7.84505937568425e-05,1.6316279992378835e-07,1.3899468222222654e-09,-2.707277269586861e-07,7.88737625362496e-08,threshold_raise,cluster_threshold,random_benign,0.0008458328634261825,2.2555543024698094e-05,-0.0006202774331792033,0.0003340521651547419,1.354321708335604e-06,-6.771608541122908e-08,-1.354321708335604e-06,5.336494268238016e-07,Provision_PT_838_Security_Camera
nbaiot,0.05374913746306531,-0.02467411296610391,-0.5762505720844382,0.1304459823586276,0.014070530235767209,-0.01014675483728438,-0.09421086646616439,0.027084513892510525,0.2,20,0.001718976466392283,-0.0004923485525721468,-0.013365149950468126,0.003066876180679056,1.0163862163146964e-05,-0.0015149525084617306,-0.030313350405494682,0.006778439904684348,threshold_raise,cluster_threshold,random_benign,0.0075628461866212165,0.0008255219429058374,-0.0013847464848743066,0.002149321245464973,6.809627575277144e-05,-0.032214026594690956,-0.6444291055863708,0.14410047835354228,Samsung_SNH_1011_N_Webcam
nbaiot,0.023232878751172192,0.0011835804204107347,-0.008959247690645822,0.005945966273705465,0.005136875311533617,-0.003939858861267631,-0.07554769888520252,0.017060571249363263,0.2,20,0.00011949560340961726,-0.0006365391834496031,-0.012744098539038932,0.002850438848812828,1.3110992300377489e-06,-0.0015163477824582023,-0.030327106016421024,0.006781348841819778,threshold_raise,cluster_threshold,random_benign,0.007392392989149885,0.0003636580422081787,-0.0022654107547394747,0.001815049331638007,3.061958109962237e-05,1.4085007305653096e-06,-6.123916220013292e-06,7.39448619639089e-06,SimpleHome_XCS7_1002_WHT_Security_Camera
nbaiot,0.586700745048716,-0.025792441188514103,-0.5450915057788588,0.19952078510163024,0.18120322103301711,-0.009439736672987201,-0.3324360604087458,0.09867395686158369,0.2,20,0.007988215431029165,-0.0006486721755095598,-0.01152558635527291,0.0033102934204875664,0.03029954441490794,-0.0065436886175792765,-0.08056486854852354,0.0279827356903905,threshold_raise,cluster_threshold,random_benign,0.02160932613022462,0.0010804663065112317,-0.004264998578333807,0.005461941057549196,0.24168950244076137,0.024164078344949713,-3.247932750949367e-05,0.07438554395432222,SimpleHome_XCS7_1003_WHT_Security_Camera
nbaiot,0.14098113430747716,0.014308995173900857,-0.0036066975296511483,0.040129826298839925,0.3617900859564538,0.03905162670339141,-0.02016278803348559,0.1010242769512546,0.4,20,0.014810567875168311,0.001360358576576222,-1.776072747939738e-05,0.0036666081254037347,0.08109664186112002,0.008310783190766093,-7.901390644757256e-07,0.024907132909113634,threshold_raise,cluster_threshold,random_benign,0.0017935209057280618,-0.002768747898217688,-0.037439748907073196,0.008789816031031223,0.0,0.0,0.0,0.0,Danmini_Doorbell
nbaiot,0.015021619658549201,0.0006259214223000798,-0.006589092592553525,0.004804566690310816,0.005433348193764509,0.0006228674979259635,-0.005452473461627805,0.002770338038637607,0.4,20,0.0005845550944794564,-4.792082935288337e-06,-0.00019057393944988364,0.000168966927913787,1.252542658120026e-06,-0.004027956552800873,-0.08055323476390526,0.018012181510192512,threshold_raise,cluster_threshold,random_benign,0.007620660457239636,0.0005080440304826431,-0.0008467400508044027,0.0019503096425484718,1.2154168331779402e-06,-5.551115123125783e-18,-1.2154168332889626e-06,3.94333291906763e-07,Ecobee_Thermostat
nbaiot,0.14181857179687057,-0.025274135779242257,-0.34386674661013694,0.10305817036383375,0.0013072222471237627,-0.04281416195289556,-0.19137776084244246,0.07633794388097045,0.4,20,0.006370184337116653,-0.0005403190479321187,-0.006364755132896352,0.00236325408056925,0.080565134553599,0.007222219731772872,-3.896622656582305e-06,0.019585701832985577,threshold_raise,cluster_threshold,random_benign,0.06408070474566639,0.00864592213697073,0.0,0.017394820396495224,0.6487895069532237,0.09732127054361568,0.0,0.23767804128908662,Ennio_Doorbell
nbaiot,0.017320825813250285,-4.518343214632847e-05,-0.02198780316740656,0.008774509658983907,0.0038647897541525533,0.00031064092026400687,-0.002639115725954322,0.0017607810913924102,0.4,20,0.0011479403251686915,-9.614750954471819e-05,-0.001923661278633219,0.0006278014569509366,1.0096138676057853e-06,-1.6316279993766614e-08,-1.335939467453362e-06,3.951422732894592e-07,threshold_raise,cluster_threshold,random_benign,0.00038042099923915607,-1.7435962465127756e-05,-0.0005389297489221401,0.00019956735633569424,2.1658218156694886e-06,-3.790188177421605e-07,-3.248732723504233e-06,1.373161236519073e-06,Philips_B120N10_Baby_Monitor
nbaiot,0.4512511079040047,0.11448186282109638,-0.0004524930921653292,0.154222996593318,0.060195761919021484,0.015020397511931727,-0.0006767136976122967,0.02016582530285361,0.4,20,0.01962210653545343,0.0049312009219392985,-7.136290224111315e-05,0.006778910570351195,0.05712400085417705,-0.0029874135310920943,-0.08045358419284573,0.03307095787182093,threshold_raise,cluster_threshold,random_benign,0.000357462019660415,-0.00998212689901698,-0.05138516532618409,0.01563602275699331,0.0,-0.013602491039099019,-0.27197672384761373,0.06081498437798001,Provision_PT_737E_Security_Camera
nbaiot,0.007360437482479887,0.0003073370220714078,-0.002789138693019111,0.0026590305000617582,0.0006493521233399413,-0.00018768987307946696,-0.0009245453402399462,0.00046799948419583927,0.4,20,0.0003502540502880987,3.8671662142145776e-05,-0.00014465707796892675,0.00011227392031682787,1.6316279992378835e-07,2.1694526344123723e-08,-1.6316279992378835e-07,8.69805636229666e-08,threshold_raise,cluster_threshold,random_benign,0.001127777151234917,0.00016070824405097547,-0.000563888575617455,0.00043265746012596026,1.3543217082245818e-06,-2.031482562447895e-07,-4.0629651247847676e-06,1.0091861208536405e-06,Provision_PT_838_Security_Camera
nbaiot,0.13687951032873857,-0.021080813696337148,-0.5774704961259007,0.13455747746522906,0.040095848962664715,-0.001168744601309299,-0.09213171340525139,0.0239307533526137,0.4,20,0.011779713038821757,-9.314163289951687e-05,-0.013460307677780718,0.004113297805515227,0.08458634697903893,0.0027135048538043335,-0.030313656601305666,0.020425095129072195,threshold_raise,cluster_threshold,random_benign,0.00745632722624627,0.0002716233489561145,-0.0029825308904985054,0.0018676343925930624,4.9524564183833775e-05,-0.032221145750792386,-0.6444414867274167,0.14410171625130028,Samsung_SNH_1011_N_Webcam
nbaiot,0.003669281886334641,-0.00023380738019363468,-0.012472786655060353,0.003181636051587374,0.0020832379659018185,-0.0016797814083595263,-0.02535599631567753,0.005743611111693468,0.4,20,0.0015285950664870843,8.707003821540888e-05,-5.325948018747393e-05,0.00034015679545379164,0.08057076113365723,0.004028618726362421,-3.8691065767926247e-07,0.018016150903945462,threshold_raise,cluster_threshold,random_benign,0.002146178609753191,0.0001967330392273748,-0.00035769643495886516,0.0005307962946108062,1.5922182171723698e-05,1.347261568396263e-06,-1.224783243936045e-06,3.809387823671559e-06,SimpleHome_XCS7_1002_WHT_Security_Camera
nbaiot,0.3909680130328802,-0.018856475272169125,-0.5132017093389516,0.15118951471658137,0.196539012218515,-0.015477308568855375,-0.3757277568181357,0.10281143340116494,0.4,20,0.004633862608607951,-0.000491254302461987,-0.01004233990805641,0.0025824001930623225,0.0034837324966768973,-0.009223503269423727,-0.08055932781616341,0.02477458193152345,threshold_raise,cluster_threshold,random_benign,0.01677566107477964,0.0007819164060278649,-0.007676997441000859,0.0045295303687808335,0.24172679352049442,-0.012076475583966278,-0.24165461723714,0.0952259048320271,SimpleHome_XCS7_1003_WHT_Security_Camera
nbaiot,0.018058909430516024,-0.045941037938287826,-0.5736470565069487,0.14472971395799644,-0.010330174863338537,-0.04443146023899328,-0.4131704442203031,0.08722983328227008,0.1,20,0.0002529825308904988,-0.001364587849791857,-0.013271571732587022,0.003954060198261801,0.03017920267412897,-0.0015221494111348315,-0.03032209336018686,0.011926032651216141,threshold_raise,cluster_threshold,random_train_feature_benign,0.014011882076000452,0.002751933639726489,0.00033628516982401463,0.002893857263457133,0.0,0.0,0.0,0.0,Danmini_Doorbell
nbaiot,0.5527432624543023,0.035390529895819825,-0.5773309884790236,0.21324674598040574,0.3957743648439632,-0.04735621695096294,-0.46904795123264154,0.1913537539383881,0.1,20,0.007921976731529935,-0.0014333924490756377,-0.01309760042633985,0.005058319085245103,2.3567239532132356e-05,-0.005371958514446641,-0.107409876065617,0.02401723605183485,threshold_raise,cluster_threshold,random_train_feature_benign,0.17908552074513123,0.018226079593564776,-0.16172734970364097,0.07588610986231423,0.24265553993069688,0.024265432451386366,-0.24264581659603068,0.10851631038429109,Ecobee_Thermostat
nbaiot,0.10889837861284635,-0.005649576840064655,-0.225936214723368,0.05725625927397914,0.0030588101595640516,-0.017186320805922205,-0.18106665629893565,0.053326568884190004,0.1,20,2.8023764152001508e-05,-0.0004981761480461959,-0.0064446809213299944,0.001585120960034734,0.003397722979547581,0.0001695463375869035,-6.12519436898884e-06,0.0007598351691842181,threshold_raise,cluster_threshold,random_train_feature_benign,0.07161125319693096,0.004774083546462063,-0.0009946007388462602,0.01668846510627472,0.6487737041719343,0.06487673830594184,0.0,0.19968638717790138,Ennio_Doorbell
nbaiot,0.05310046892913822,-0.03839849929933987,-0.5643054032469332,0.16253113344869086,0.014389550437529819,-0.012562528923153867,-0.278841831348836,0.06513050457503339,0.1,20,-0.0009061825469078195,-0.004107003999489154,-0.0151339343516742,0.004556489382587017,0.08057169416648377,-0.003034164804862671,-0.08058088356310081,0.027757812850509895,threshold_raise,cluster_threshold,random_train_feature_benign,0.022730154704539693,0.000855947248288106,-0.0015850874968298193,0.005464232578234339,0.21471416025132195,4.927244630653638e-06,-0.21459395714055207,0.06964297601809298,Philips_B120N10_Baby_Monitor
nbaiot,0.4536015346703247,0.04013075416863637,-0.007622931281943246,0.11904967053653301,0.03976143921415001,0.004713908522389815,0.0003895625472068731,0.01156767813263794,0.1,20,0.014049414873173207,0.001145940490055663,-0.00036774459970710834,0.003962677441431232,0.0,-0.007877069479500714,-0.08045943187145782,0.024250584797842766,threshold_raise,cluster_threshold,random_train_feature_benign,0.0,-0.0030518319928507587,-0.032082216264521894,0.007319493122840558,0.0,-1.30530239940696e-06,-1.0442419195344499e-05,3.1973248385869235e-06,Provision_PT_737E_Security_Camera
nbaiot,0.17841835887709712,0.009960688147331767,-0.004061264907100848,0.03971592655615667,0.012107916424671517,0.0011285921341429,-0.0001917692522208081,0.0026165506511146076,0.1,20,0.011701927814889863,0.0004993336346038001,-0.00023603197349966049,0.002637982591321427,0.0,-0.002513103230766915,-0.05026024928724018,0.011238512033763547,threshold_raise,cluster_threshold,random_train_feature_benign,0.00011277771512348961,-0.0007894440058644411,-0.007950828916206156,0.0017255552935467756,0.0,-8.803091103848359e-07,-8.125930249680557e-06,1.978520108695486e-06,Provision_PT_838_Security_Camera
nbaiot,0.14159819072532737,-0.0573784346904256,-0.568736003310178,0.17194650349184099,0.00290445735057121,-0.04785856975863362,-0.194283401593563,0.0648283132076496,0.1,20,0.004812699031691995,-0.0012119085884610488,-0.012948798643761108,0.004714708331844273,0.08111155719647777,0.009784076343907317,-0.03031289111177818,0.027139446736254347,threshold_raise,cluster_threshold,random_train_feature_benign,0.01906689390711546,0.00402109075415424,0.0,0.006041643760882064,0.6446241085578447,0.09669825921156894,0.0,0.23613311678918208,Samsung_SNH_1011_N_Webcam
nbaiot,0.023232878751172192,0.0023254403715066542,-0.00980066196395446,0.0071869163395878255,-0.0017215222120284812,-0.009178771910568068,-0.07651678696274755,0.01643431517135428,0.1,20,0.00041185229449972266,-0.0005271659348745945,-0.012744098539038932,0.002877878465207586,1.8483771447169728e-06,-0.0015159672231260274,-0.030327106016421024,0.006781438419692996,threshold_raise,cluster_threshold,random_train_feature_benign,0.007392392989149885,0.0014963634195779188,0.0,0.0018121613903341672,3.184436434366944e-05,6.123916219935577e-06,0.0,7.560520910075375e-06,SimpleHome_XCS7_1002_WHT_Security_Camera
nbaiot,0.17787384236843667,-0.06817604274538329,-0.4921021107157179,0.16201394422951426,0.0012227460741995877,-0.11315479728548465,-0.4111683090527845,0.13397770803658277,0.1,20,0.00812961907472617,-0.0005229671666261097,-0.012225866126162034,0.004863787787668615,0.11003693637474923,0.004391566876621773,-0.08056500391238702,0.037950767573246884,threshold_raise,cluster_threshold,random_train_feature_benign,0.02160932613022462,0.006155814614728461,0.0,0.00675082294292846,0.24171235826382365,0.0604281497128587,0.0,0.10736212291839137,SimpleHome_XCS7_1003_WHT_Security_Camera
nbaiot,0.01669888195828495,-0.04243640379905029,-0.57280700142275,0.1344244624799436,-0.030384165048599254,-0.08444205965225889,-0.43442858085036207,0.11138301553147727,0.2,20,0.0005858542820622072,-0.0014392740531704005,-0.013271571732587022,0.004018757819270854,0.05963569048166893,-4.899043548661254e-05,-0.03032169829065462,0.016849565088472025,threshold_raise,cluster_threshold,random_train_feature_benign,0.019280349736576614,0.0064622800134514075,0.001793520905728055,0.0043845128229354526,0.0,0.0,0.0,0.0,Danmini_Doorbell
nbaiot,0.5546100566164192,0.18455407929062156,-0.12450560092567342,0.21036642623725385,-0.0006964500993489331,-0.21404362770045723,-0.49445699499919965,0.2098253045291031,0.2,20,0.0005481165038602443,-0.005212754524843242,-0.013416642326721297,0.005350758486990722,5.934205036653428e-06,-0.02114223294404737,-0.14478155367540546,0.044505412786760276,threshold_raise,cluster_threshold,random_train_feature_benign,0.22819644369178663,0.08499153259949196,0.0,0.08605056406092632,0.24265553993069688,0.12132394140232364,0.0,0.12447486469131501,Ecobee_Thermostat
nbaiot,0.39853068272027,0.047062066422674215,-0.003668322863939699,0.09970310115176102,0.002214028686284897,-0.05243702199310076,-0.1918507887050509,0.08325683952836602,0.2,20,0.008295208684453395,0.00020701728856713144,-0.0036487480283964617,0.003021727866796194,0.0034909870236353377,-0.003678840731079932,-0.07706464002911172,0.01729080747691535,threshold_raise,cluster_threshold,random_train_feature_benign,0.07161125319693096,0.011544472861608413,-0.0009946007388462602,0.0224519200128806,0.6487895069532237,0.12975537294563844,0.0,0.2662467329511755,Ennio_Doorbell
nbaiot,0.17935852228201332,-0.0160605411723597,-0.5540174540303388,0.16923667507698376,0.017513046413659916,-0.007714611856887754,-0.2752840345725413,0.0650764534723854,0.2,20,0.0021514685076054114,-0.004556807919437731,-0.015585594015416974,0.004630974511835572,0.16166819996799964,0.002530661067229576,-0.08058122214352788,0.04307501461699636,threshold_raise,cluster_threshold,random_train_feature_benign,0.022444838955110326,0.00031860258686279547,-0.0025361399949277233,0.005501639218984453,0.21471199442950628,3.4111693596794445e-06,-0.2145950400514599,0.06964280027058133,Philips_B120N10_Baby_Monitor
nbaiot,0.5502380394899336,0.10168834976396575,-0.1364172477560206,0.17121725485161107,0.04003704584514095,0.009183456289271492,-0.01822652667760849,0.016033915865952007,0.2,20,0.01867047449024043,0.003564487135501687,-0.013045225681051847,0.007587519704131308,0.16166254329528773,0.002972358066481392,-0.08045371955670921,0.050009666466296794,threshold_raise,cluster_threshold,random_train_feature_benign,0.009115281501340486,-0.008949955317247541,-0.046380697050938335,0.015344901435437801,3.915907198281943e-06,-0.013601120471579648,-0.2719780291500131,0.060815613992851535,Provision_PT_737E_Security_Camera
nbaiot,0.3881391206141161,0.020527042158817135,-0.40594945873615296,0.14019452355239131,0.0501692838966846,0.007126585021615022,-0.024407506734132667,0.017599096753386632,0.2,20,0.017102376554537335,0.0016205667265619633,-0.012605057075679571,0.006089872088126797,0.16167004293059942,0.010001876086271242,-0.05026024928724018,0.04219885467655501,threshold_raise,cluster_threshold,random_train_feature_benign,0.01285665952407804,-0.003871095071613849,-0.030844705086274952,0.009200224315425772,1.8960503916032323e-05,-0.013133941062627896,-0.2626151681322685,0.058721788575205096,Provision_PT_838_Security_Camera
nbaiot,0.14667932191699,-0.04191517415552483,-0.5435307101727918,0.16236223705649722,0.19745392749706425,-0.055646700952202324,-0.31219292084375944,0.0959468127422042,0.2,20,0.005921883170130593,-0.000575791712970847,-0.012260188400611018,0.004989810973320165,0.08111353927730372,0.009574287817298379,-0.03032553853919394,0.030462081717145286,threshold_raise,cluster_threshold,random_train_feature_benign,0.019919045590115037,0.003781423093310609,-0.023221133361738387,0.008472073331290695,0.6445838698494453,0.06447572058240886,-0.6446426802694136,0.28826477710123577,Samsung_SNH_1011_N_Webcam
nbaiot,0.30371942443042854,0.027216118558717965,-0.014111713463666686,0.0771486470701154,0.10215064249932748,-0.03649012239028973,-0.4209856009110794,0.09878707058288662,0.2,20,0.013350504988984437,6.17690547839104e-05,-0.021191428959163046,0.005826937223208182,0.03020308995824822,-0.0031818765158724595,-0.07706321531795185,0.023066108733425423,threshold_raise,cluster_threshold,random_train_feature_benign,0.10277810897818052,0.006742577798974601,-0.043042804340050075,0.02573674869532171,0.23589325279158724,0.011808992603533991,-0.000111455275202621,0.05274397976466787,SimpleHome_XCS7_1002_WHT_Security_Camera
nbaiot,0.3671797581779129,-0.03654364100560098,-0.5175635917871312,0.21370766908689182,-0.030451130867005016,-0.29452079653212115,-0.547968949253361,0.16161381366942265,0.2,20,0.009534733381280525,0.0019096109489823237,-0.008212735359151018,0.004743257478243909,0.16165916765111282,0.019386418571374957,-0.08056419172920615,0.04584332396241707,threshold_raise,cluster_threshold,random_train_feature_benign,0.03156098947967017,0.0176286607904464,0.0008529997156667621,0.009060234905873411,0.24174243171522125,0.14504064727690913,4.811752223554677e-06,0.12147624137376474,SimpleHome_XCS7_1003_WHT_Security_Camera
nbaiot,0.18552060596359432,-0.04524583855601863,-0.5595912788226561,0.16230396728804042,-0.06020817160606423,-0.1298482898871106,-0.5065480969846241,0.11665612405986568,0.4,20,0.008069615954084867,-0.0016588282844371021,-0.013348986678146695,0.005297472654528997,0.08057556319836269,0.0014666782602150645,-0.05027134931344155,0.027502083439648318,threshold_raise,cluster_threshold,random_train_feature_benign,0.04203564622800135,0.020401300302656654,0.006277323170048206,0.0116557867523478,0.0,0.0,0.0,0.0,Danmini_Doorbell
nbaiot,0.5624779545812906,0.1829863052909136,-0.6408891031101592,0.2932398858964234,0.11762306429445757,-0.24326682035873262,-0.5110026679933068,0.2189712038771745,0.4,20,0.00643177362312898,-0.004704959144671186,-0.012730894962257351,0.006121499309929243,0.030215289755704408,-0.02412365511060586,-0.14478095662207863,0.04598673434204534,threshold_raise,cluster_threshold,random_train_feature_benign,0.2531752751905165,0.09146909398814564,-0.12785774767146485,0.10252802884025673,0.24265553993069688,0.12132643300683185,-8.507917832911716e-06,0.12447617404751325,Ecobee_Thermostat
nbaiot,0.3900588780708851,0.01939492907798582,-0.40677579674158615,0.16642825150342297,0.006824821233749445,-0.10505788498402899,-0.22071442585438555,0.08964124101401554,0.4,20,0.008446949946689094,-0.0010049844454095688,-0.015880340420683307,0.005136757617596341,0.08057372462443596,0.005187170189275082,-0.07706480319191164,0.029382938785023776,threshold_raise,cluster_threshold,random_train_feature_benign,0.06678033532253481,0.021795964762716682,-0.004688832054560957,0.02426109050601181,0.6487989886219976,0.22708280657395702,0.0,0.31747993213283543,Ennio_Doorbell
nbaiot,0.2128294683178027,0.014236887237490675,-0.5489439809526875,0.182214997636268,0.02893658370400451,-0.0007270566824202948,-0.27069516256451565,0.0655110246025135,0.4,20,0.0008586833989402028,-0.0047466970882199195,-0.014609897669362477,0.004040896279412655,0.16166673879549465,0.0024049084369586705,-0.08058122214352788,0.04317861311216405,threshold_raise,cluster_threshold,random_train_feature_benign,0.022064417955871163,-0.0004723560740552871,-0.0037091047425817925,0.005615821235568675,0.21471199442950628,-0.010728885673846732,-0.21459828878418352,0.08457444987217781,Philips_B120N10_Baby_Monitor
nbaiot,0.567265654945825,0.1148364879046521,-0.151012529431508,0.18859763015048878,0.05125061978275566,0.012308226164119886,-0.029779192060232385,0.018498696338780773,0.4,20,0.0136221337958847,0.0028041811103743683,-0.0013774969455634884,0.0055864059447867445,0.08374116159241293,0.004938959652124601,-0.0502719762897061,0.02395795892357209,threshold_raise,cluster_threshold,random_train_feature_benign,0.008936550491510278,-0.009070598748882929,-0.044861483467381585,0.012016831889967439,2.6106047987806136e-06,-4.829618877799647e-06,-3.0021955186310123e-05,7.517501705046051e-06,Provision_PT_737E_Security_Camera
nbaiot,0.19093440398217176,0.029322717071203264,-0.04438761606848751,0.058957696647394524,0.06625120689471553,0.007558355291063594,-0.002272637685139911,0.014428989421375606,0.4,20,0.013193542275852059,0.0003486029284389461,-0.0026446817546407235,0.0033490268891046755,0.08109660970456734,0.0015418372940938494,-0.0805806124938371,0.027088370867959028,threshold_raise,cluster_threshold,random_train_feature_benign,0.0012405548663584065,-0.004609789105672718,-0.02977331679260178,0.006632191552356237,0.0,-0.013137191434727784,-0.26265715210522533,0.0587309049973854,Provision_PT_838_Security_Camera
nbaiot,0.18374220218452136,-0.030037404216099926,-0.48312538721821574,0.1581660965087227,0.16119285027185626,-0.09794348782549316,-0.3241106587151686,0.09719242902845292,0.4,20,0.007938698034602093,0.00031788608105395725,-0.011610236160208297,0.005146042435278088,0.08110900293426845,0.010022472815689198,-0.030320409138940796,0.026733908054261915,threshold_raise,cluster_threshold,random_train_feature_benign,0.061248402215594376,0.009629314017895185,-0.020771197273114612,0.015916070720837682,0.6446891095483359,0.06452075698296357,-0.6445993462757527,0.2882742151922531,Samsung_SNH_1011_N_Webcam
nbaiot,0.42640659011276305,0.07655131309448518,-0.024812494225911808,0.12848264633477102,0.05256561711430485,-0.11138788630409784,-0.4382140424102527,0.12177449478168001,0.4,20,0.005624700977516727,-0.00040380681723537143,-0.021976340581669942,0.0057977614099988485,0.11089813801263369,0.009085264281254817,-0.077067402106715,0.03767432389837818,threshold_raise,cluster_threshold,random_train_feature_benign,0.10385119828305711,0.01786097531894599,-0.006438535829259573,0.023821458753188526,0.23594469368783455,0.047224579929966884,-0.00010410657573878268,0.09676491804205596,SimpleHome_XCS7_1002_WHT_Security_Camera
nbaiot,0.2700325434713754,-0.014875131025465399,-0.38610336894664143,0.16837199571456699,-0.20741612489024785,-0.38903581896206874,-0.5938362321505941,0.08400153612291146,0.4,20,0.014245132271934306,0.007754148876927072,-0.005392762368220075,0.0049599100728686335,0.16166756180153707,0.04738029526129735,-0.080588137537578,0.05414357019615515,threshold_raise,cluster_threshold,random_train_feature_benign,0.03468865510378163,0.025106624964458348,0.015638328120557293,0.00481125376840894,0.24174363465327708,0.18130477879172088,6.0146902795432666e-05,0.1073533574443098,SimpleHome_XCS7_1003_WHT_Security_Camera
nbaiot,-0.0013583065994038357,-0.010378357559007224,-0.01947938127006954,0.00444524502756707,-0.006280319558249481,-0.00970032162136503,-0.015168868170844008,0.0023838927914072183,0.1,20,0.0022213349491270887,0.0007617209702317424,0.0003368823447756314,0.00042604446200921625,0.030330161920834042,0.004546988222341246,2.3899455550840942e-06,0.011094366155630185,threshold_lower,global_threshold,low_score_benign,0.0021298060755520695,0.0005884990471920201,0.0001120950566080095,0.0004192241537721868,0.0,0.0,0.0,0.0,Danmini_Doorbell
nbaiot,0.0001435411764248995,-0.0017277835123866326,-0.005489474127982508,0.001698983006205264,-0.00035122649537189243,-0.0015704615496926755,-0.0028766680094930996,0.0006219222397175148,0.1,20,0.0002610414861999017,9.171193561232006e-05,3.96271874207447e-06,7.11257261952379e-05,0.030202015402418875,0.0015107725780086748,0.0,0.006753217844579961,threshold_lower,global_threshold,low_score_benign,0.0008467400508044044,0.0003386960203217609,0.0,0.0003528826221280652,1.2154168332889626e-06,1.2154168332889626e-07,0.0,3.740974079143099e-07,Ecobee_Thermostat
nbaiot,0.00014556339811599983,-0.0007399686369125469,-0.002314195462974178,0.0006913282375646346,-0.00025738651553791625,-0.0007489243770639198,-0.0026381450394789563,0.0004995344577221085,0.1,20,0.00027774141076628315,6.509333851590226e-05,3.96271874207447e-06,6.249809830783983e-05,0.03020156430064791,0.0015103853943229041,0.0,0.006753202788486823,threshold_lower,global_threshold,low_score_benign,0.0,0.0,0.0,0.0,0.0,0.0,0.0,0.0,Ennio_Doorbell
nbaiot,0.00044386863740841775,-0.0025746311623174147,-0.005489474127982508,0.001684203706311078,-0.002057103150420736,-0.0024006738865541416,-0.0028810501512555042,0.00026606503155671504,0.1,20,0.0002922506870067067,0.00018378735680421202,6.623612322214376e-05,7.005457585826409e-05,0.030202168500324367,0.0015112807721140008,3.1626070542967177e-07,0.006753134289658582,threshold_lower,global_threshold,low_score_benign,0.0002853157494293705,0.00011729647476540717,3.170174993659576e-05,6.907322034343209e-05,1.0829109078347443e-06,2.1658218156694887e-07,0.0,4.4441725947013173e-07,Philips_B120N10_Baby_Monitor
nbaiot,0.00024332166004181754,-0.0004429176214874875,-0.001695699732094491,0.00047616244669893476,-0.0002557240012619477,-0.00039840035761396495,-0.0006746460166241475,0.0001095259811219154,0.1,20,8.351371201108628e-05,2.8442580606861837e-05,0.0,2.4616228290000798e-05,1.5309790549200564e-07,2.1941451298218562e-08,0.0,5.3677453110543365e-08,threshold_lower,global_threshold,low_score_benign,0.00017873100983020534,1.7873100983020557e-05,0.0,4.675141767476289e-05,2.6106047987806136e-06,4.568558397866074e-07,0.0,8.756234688690918e-07,Provision_PT_737E_Security_Camera
nbaiot,0.0007347477845026651,-0.0007135666404203489,-0.00257923720960318,0.0007953572151804312,-0.0004145724078020163,-0.0006748495416508792,-0.001119755208492279,0.00015423473868908446,0.1,20,0.00013439962153290446,5.551088888747853e-05,3.96271874207447e-06,3.545302100887719e-05,6.931064686910293e-07,2.1678499826996434e-07,0.0,1.9761597803827164e-07,threshold_lower,global_threshold,low_score_benign,5.6388857561746105e-05,1.1277771512349155e-05,0.0,2.314149886286576e-05,0.0,0.0,0.0,0.0,Provision_PT_838_Security_Camera
nbaiot,-0.004191688476028688,-0.010231704058818607,-0.015779381238905432,0.003567917646194711,-0.0037723624043994874,-0.00981277484032848,-0.014149857891931461,0.0030253193342161715,0.1,20,0.0008235513403715255,0.000536211398154581,0.00019164272667682267,0.00017184380751428108,0.030329691564681155,0.004545428854924179,4.6662796242269433e-07,0.011094739190050964,threshold_lower,global_threshold,low_score_benign,0.00553898593949724,0.0023487430762675764,0.00021303792074989225,0.0015812444198513953,4.333399366085455e-05,1.2690669572107405e-05,0.0,1.1178268326080742e-05,Samsung_SNH_1011_N_Webcam
nbaiot,-0.0002766991782254813,-0.0032591502333456147,-0.009025802219292722,0.002411629282598181,-0.001046231057908742,-0.003198752535714028,-0.006963969601525233,0.0018602810728090282,0.1,20,0.0004995488164240395,0.0002148583122854561,5.6883971917349964e-05,0.00012178803370802208,0.030327660296135442,0.003027487840925763,1.5036725699302256e-07,0.009315051495885754,threshold_lower,global_threshold,low_score_benign,0.0004769285799451628,0.00017884821747943535,0.0,0.00017937040316726467,1.7146965415770765e-05,3.613110569761213e-06,0.0,3.983147976448349e-06,SimpleHome_XCS7_1002_WHT_Security_Camera
nbaiot,-0.006340563071297822,-0.028992762188309578,-0.04889387109373089,0.01033158726662792,-0.01566532651583341,-0.02745094348986929,-0.04529112511211025,0.009058584185399416,0.1,20,0.0039579931973121605,0.0024830981080909025,0.0012724255451594902,0.0008850619121760041,0.08055887340896423,0.010102356767929825,3.794664325415531e-06,0.020685288971022897,threshold_lower,global_threshold,low_score_benign,0.0022746659084446966,0.000909866363377879,0.00028433323855558273,0.0006091287157961867,0.2416221379096305,0.012087963642400196,1.2029380558331582e-06,0.05402673882417061,SimpleHome_XCS7_1003_WHT_Security_Camera
nbaiot,-0.011848455088702692,-0.0209502582656986,-0.029691085447439813,0.006088277410533376,-0.01171824336051941,-0.019096351630157948,-0.026189520623948803,0.0036489114966561727,0.2,20,0.0033398171783166454,0.0016249743562580846,0.0008205392653332954,0.0006476271874355504,0.0805599070568066,0.011610889374200848,3.549539933367374e-06,0.02101010461113064,threshold_lower,global_threshold,low_score_benign,0.0029144714718080944,0.0011097410604192371,0.00044838022643201025,0.0005405333768411863,0.0,0.0,0.0,0.0,Danmini_Doorbell
nbaiot,0.00044386863740841775,-0.002951303163762309,-0.006538278775374051,0.0021835839235268208,-0.0014051891035504194,-0.002886151315437424,-0.004983732932143714,0.0009205015727911984,0.2,20,0.0004310499874126851,0.00016318430538699206,1.7277588788942736e-05,0.00010942731931520493,0.030202168500324367,0.0015115021058442015,1.5309790549200564e-07,0.006753082211297275,threshold_lower,global_threshold,low_score_benign,0.0012701100762066084,0.0006138865368331929,0.0,0.00042281259260561237,1.2154168332889626e-06,1.8231252499334438e-07,0.0,4.4526497732057387e-07,Ecobee_Thermostat
nbaiot,0.0005960835480027793,-0.0014220809828088988,-0.006181363665942685,0.0015434400474462792,-0.0005610586868391998,-0.0014560419528020785,-0.0035572302010324353,0.0007280413130470649,0.2,20,0.0003133815854681485,0.00011646957825186405,1.7277588788942736e-05,8.436276845456885e-05,0.030202015402418875,0.0015106668372898758,0.0,0.006753242737473032,threshold_lower,global_threshold,low_score_benign,0.0,0.0,0.0,0.0,0.0,0.0,0.0,0.0,Ennio_Doorbell
nbaiot,-8.773902935066413e-05,-0.004468142434208411,-0.011469390359872822,0.0025155266992981386,-0.003585861747463559,-0.0043622006103396695,-0.005384704305065935,0.0005311364177018146,0.2,20,0.0005844968796415167,0.00031700870304321525,0.0001040365514302681,0.00013029310003939934,0.03032813732389396,0.0030283400872011864,6.22456516413683e-07,0.0093148709315418,threshold_lower,global_threshold,low_score_benign,0.00047552624904894855,0.00020606137458787705,3.170174993659576e-05,9.892186591682568e-05,1.0829109078347443e-06,5.956009993091094e-07,0.0,5.527369875076675e-07,Philips_B120N10_Baby_Monitor
nbaiot,0.0005960835480027793,-0.0010009855963494575,-0.0033518323506237513,0.001018893544421058,-0.0005218778633409582,-0.0008172150763372549,-0.0012642101281218343,0.00018876672152529086,0.2,20,0.00012813335868125354,6.919114032336257e-05,1.7277588788942953e-05,3.4720226071254374e-05,0.030202015402418875,0.001510338008772,0.0,0.0067533201145688415,threshold_lower,global_threshold,low_score_benign,0.00026809651474530823,2.6809651474530843e-05,0.0,6.547766729803811e-05,2.6106047987806136e-06,5.221209597561228e-07,0.0,8.883327468654266e-07,Provision_PT_737E_Security_Camera
nbaiot,0.0009146710484009279,-0.0014472522342522608,-0.005489474127982508,0.001405399752588043,-0.0008728371726142159,-0.0014312711668511113,-0.002219433999723852,0.0003305747881371423,0.2,20,0.00024772136979056146,0.0001153658697715808,2.6792174349510832e-05,5.940064705319242e-05,0.03020156430064791,0.0015107184591770868,1.5036725699302256e-07,0.006753124398671484,threshold_lower,global_threshold,low_score_benign,0.00011277771512349178,1.409721439043644e-05,0.0,3.1020616004295754e-05,1.354321708335604e-06,2.031482562447895e-07,0.0,4.9615243775957e-07,Provision_PT_838_Security_Camera
nbaiot,-0.010172758703146378,-0.020402238903030195,-0.030396210509136767,0.0055669102365158134,-0.008646619319915783,-0.01872494021223659,-0.0316155935327212,0.004681577796399408,0.2,20,0.001968901100046238,0.0011260531734897327,0.00047313051026889516,0.0003922294925335238,0.030332638811514448,0.007580182993134131,1.057384092534308e-06,0.013461754776514132,threshold_lower,global_threshold,low_score_benign,0.01491265445249254,0.004782701320835109,0.0007456327226246229,0.003342066164341704,0.6444507725832012,0.03224281274762281,6.190570522979222e-06,0.14409880234748695,Samsung_SNH_1011_N_Webcam
nbaiot,-8.773902935066413e-05,-0.007317521541305033,-0.02053854278331635,0.0049074204650011635,-0.00256972312927245,-0.007073957125345892,-0.01549025774002094,0.003650547821740801,0.2,20,0.0012673440218400093,0.0005045433027017761,0.00011053527509377262,0.00027943905889813505,0.03032950254586654,0.004544865250918195,5.017432269938116e-07,0.011094668088872566,threshold_lower,global_threshold,low_score_benign,0.0009538571598903256,0.00041135090020270047,0.0,0.00034486317531412806,2.4495664879720103e-05,7.226221139505773e-06,1.2247832440470674e-06,6.012018799183897e-06,SimpleHome_XCS7_1002_WHT_Security_Camera
nbaiot,-0.022958458868962972,-0.047550448171209875,-0.0841375176475524,0.016126368063021656,-0.02554858922958364,-0.04307926023999827,-0.06178038914998385,0.010765699559634596,0.2,20,0.007025970070384496,0.004342571882839654,0.002626442472533868,0.0010764381003659576,0.08057944341088219,0.014135058662671517,9.63729427657517e-06,0.025823142095132742,threshold_lower,global_threshold,low_score_benign,0.002843332385555869,0.0013932328689223762,0.0002843332385555897,0.0007822224465124885,0.24162334084768644,0.024173581555591378,1.2029380559441805e-06,0.07436604315885285,SimpleHome_XCS7_1003_WHT_Security_Camera
nbaiot,-0.02157492793285598,-0.03415453186053434,-0.054607242754576624,0.010093828687915042,-0.021559203995598686,-0.029303065952327588,-0.03808888097604113,0.004131574610059917,0.4,20,0.005208419666391664,0.0027560168788219,0.0012577109660487377,0.0010279413382284575,0.08056175835597237,0.013124757773760962,5.967594591774206e-06,0.021216794792937328,threshold_lower,global_threshold,low_score_benign,0.006053133056832194,0.0017374733774240575,0.0006725703396480223,0.001093172596781458,0.0,0.0,0.0,0.0,Danmini_Doorbell
nbaiot,-0.000518100182589909,-0.006526776140054452,-0.012825785912458754,0.003759314023786216,-0.004171770314375489,-0.006079828776419152,-0.009410003489918273,0.0014933362788627337,0.4,20,0.00070861355624281,0.0003286024667140899,7.092889196536539e-05,0.0001730178790883038,0.030203703538784724,0.0015128200355124845,9.889024835951776e-07,0.0067531333507462685,threshold_lower,global_threshold,low_score_benign,0.0033869602032176108,0.0014817950889077058,0.0,0.0009466841564351353,0.24261178492469881,0.024261482346678204,0.0,0.07467422787501854,Ecobee_Thermostat
nbaiot,0.00044386863740841775,-0.0036044803942039795,-0.008642959413795226,0.0023108656135758313,-0.0021521365476978582,-0.0036272777658370088,-0.005820948754747757,0.0008477132443909038,0.4,20,0.0006065705803495299,0.0002948342969163167,0.00012385014514064088,0.00014457993296907945,0.030327500645739525,0.0030281138090689297,3.2238811902007836e-07,0.009314839214162545,threshold_lower,global_threshold,low_score_benign,0.0,0.0,0.0,0.0,3.160556257930658e-06,1.580278128965329e-07,0.0,7.067218639445312e-07,Ennio_Doorbell
nbaiot,-0.0019162472467205705,-0.008450406890817158,-0.013557557733302028,0.003402817795608748,-0.006504900443057238,-0.007492318546606469,-0.00966710075736038,0.0007771181853002104,0.4,20,0.001105671264271134,0.0005797276943365136,0.00028641760545580145,0.00019592822755891951,0.030329286993430613,0.004546045030137387,2.0921725694539317e-06,0.011094342440975074,threshold_lower,global_threshold,low_score_benign,0.0008242454983515106,0.00038042099923915807,0.00015850874968298227,0.00015800740288254646,5.4145545391737215e-06,1.3536386347934304e-06,0.0,1.3087220554907812e-06,Philips_B120N10_Baby_Monitor
nbaiot,0.000684068290114026,-0.001787085754913631,-0.005432781527448527,0.001642357263577313,-0.001044618503914907,-0.0017961857571369977,-0.0033268670654957866,0.0005222177818741852,0.4,20,0.00026419423309232575,0.00014095519164479902,4.080405642551115e-05,7.325369628556837e-05,0.030202168500324367,0.0015109191521213352,0.0,0.006753219407392774,threshold_lower,global_threshold,low_score_benign,0.00026809651474530823,3.1277926720285965e-05,0.0,6.659158358986547e-05,2.610604798891636e-06,8.484465596148016e-07,0.0,9.72658901472318e-07,Provision_PT_737E_Security_Camera
nbaiot,0.00044386863740841775,-0.0032049794342967784,-0.008332826316220343,0.0021022746821624584,-0.0022974198891057007,-0.0031492497420145455,-0.004252432783444726,0.0005636399723716982,0.4,20,0.0004391144048362665,0.000248781654936563,0.00010941375031331001,0.00011193990337860379,0.030202015402418875,0.0015116083047822426,4.6662796242269433e-07,0.00675302117221643,threshold_lower,global_threshold,low_score_benign,0.00011277771512349178,3.383331453704745e-05,0.0,3.8375834407280965e-05,1.354321708335604e-06,4.7401259789525696e-07,0.0,6.627515279107403e-07,Provision_PT_838_Security_Camera
nbaiot,-0.022026783591209576,-0.03981159516549786,-0.05511343462747942,0.009327273791111177,-0.02406511240535314,-0.035358691803283125,-0.04734071344137203,0.005867409969133949,0.4,20,0.004443785578100039,0.0024715168915623526,0.0013397597991549358,0.0007186499781153742,0.030339855782879045,0.009094669592481296,4.21619718002364e-06,0.014238997249492222,threshold_lower,global_threshold,low_score_benign,0.022688538559863664,0.009469535577332763,0.0028760119301235593,0.004981686491292289,0.6444569631537242,0.06447819681061806,6.190570522979222e-06,0.19834484900170318,Samsung_SNH_1011_N_Webcam
nbaiot,-0.009584725905513625,-0.02649029946117426,-0.05394767633442532,0.011910255162416656,-0.01248996257781998,-0.024050747752189777,-0.04431269036399016,0.009673398034048835,0.4,20,0.0044683567223827644,0.0020799295200845625,0.0007946097815927711,0.0009979076429400538,0.030341027400972803,0.007581841549477083,3.1580763461477868e-06,0.013462307241451895,threshold_lower,global_threshold,low_score_benign,0.007153928699177303,0.0017288661023011852,0.0,0.001691734773328218,8.695961032290089e-05,2.5414252312694342e-05,2.4495664879831125e-06,2.1919946490193185e-05,SimpleHome_XCS7_1002_WHT_Security_Camera
nbaiot,-0.03182858888224582,-0.0647101131438906,-0.10005167991716712,0.018312088427600622,-0.04409675945838293,-0.05846269884043241,-0.08107191754712001,0.010277912949544001,0.4,20,0.008146032663546814,0.006223322793566459,0.003651375785514457,0.001218737570274723,0.11089941485102067,0.02366846270892954,1.3389347940331864e-05,0.035691439513659454,threshold_lower,global_threshold,low_score_benign,0.0051179982940005656,0.0025163491612169467,0.0011373329542223448,0.0011715190480985913,0.24162935553796594,0.024176649047633936,1.2029380559441805e-06,0.07436663973243256,SimpleHome_XCS7_1003_WHT_Security_Camera
nbaiot,0.008999469957760242,0.00038132056271920065,-0.003498847625751478,0.0026923395249342195,0.005076703098085167,9.490595923526968e-05,-0.0028267006079355506,0.0020271816454770154,0.1,20,0.00017257929084066618,-5.329619914377025e-05,-0.0011430683243506933,0.0002907467129142706,3.193925522768093e-06,2.8071451023195524e-07,-1.3109263167360163e-06,9.077015339521954e-07,threshold_lower,global_threshold,random_benign,0.0006725703396480223,1.1209505660800603e-05,-0.00033628516982401463,0.00018862567112198914,0.0,0.0,0.0,0.0,Danmini_Doorbell
nbaiot,0.0013671129659993397,-0.0003443563020923357,-0.004051320691550009,0.0011248915763189158,0.0011945741044150915,-0.0001371082125438544,-0.002315875887870855,0.0007373584757703829,0.1,20,0.0002157401332589583,1.2165586652906275e-05,-9.344154827951845e-05,5.606178223698836e-05,1.0772864778713087e-06,7.391954416763325e-08,-3.8691065767926247e-07,2.972845355897532e-07,threshold_lower,global_threshold,random_benign,0.00042337002540220395,-1.7347234759768072e-19,-0.0008467400508044079,0.0002747187487396494,0.0,0.0,0.0,0.0,Ecobee_Thermostat
nbaiot,0.0003883455112841938,-9.302600604090272e-05,-0.0013558112659479704,0.00037142277754653133,0.00032213570343120335,-2.084209273259252e-05,-0.0002625030775865178,0.0001397922331725602,0.1,20,5.996986037049327e-05,3.216831789059707e-06,-1.797460081807479e-05,1.648151110068468e-05,1.6316279992378835e-07,9.044842096822548e-09,-1.3536386347934304e-07,5.927112552985219e-08,threshold_lower,global_threshold,random_benign,0.0,0.0,0.0,0.0,0.0,0.0,0.0,0.0,Ennio_Doorbell
nbaiot,0.0015296178651728054,0.0001188706349787294,-0.0009080387493098918,0.0006520259860127413,0.0006666324618789798,0.00012250332575704513,-0.00040302077929182945,0.00029481098174240206,0.1,20,4.89711163225122e-05,-1.1844844240189412e-05,-6.623612322214333e-05,2.8063836362749784e-05,1.5309790549200564e-07,-4.217368628420259e-08,-3.8691065767926247e-07,1.2082427098333235e-07,threshold_lower,global_threshold,random_benign,3.1701749936597495e-05,-4.7552624904894505e-06,-6.340349987319326e-05,2.1266180359178855e-05,1.0829109078347443e-06,0.0,-1.0829109078347443e-06,3.5134269285391286e-07,Philips_B120N10_Baby_Monitor
nbaiot,0.0015296178651728054,-2.3371516694731255e-05,-0.0008859461419513659,0.00044341252191516453,0.00014362322787436765,-1.5485336383200264e-05,-0.00015330811341601747,7.112363752486915e-05,0.1,20,1.4011882076001188e-05,-1.5930381952027695e-06,-5.292125317527506e-05,1.3573528785057786e-05,0.0,0.0,0.0,0.0,threshold_lower,global_threshold,random_benign,0.00017873100983020534,1.3404825737265411e-05,0.0,4.373194682123258e-05,1.3053023993903068e-06,6.526511996951534e-08,0.0,2.918744896230306e-07,Provision_PT_737E_Security_Camera
nbaiot,0.0,-9.215709182998633e-05,-0.0008859461419513659,0.00023169696310174276,0.0001342417465315382,-1.5438497066497246e-05,-0.0002428896725177876,8.344331231767665e-05,0.1,20,2.4485558161256127e-05,3.403362096052461e-06,0.0,7.884830183118196e-06,0.0,-6.768193173967152e-09,-1.3536386347934304e-07,3.0268280043681224e-08,threshold_lower,global_threshold,random_benign,0.0,0.0,0.0,0.0,0.0,0.0,0.0,0.0,Provision_PT_838_Security_Camera
nbaiot,0.004324508184754494,-0.0008243938940000028,-0.005405719211747595,0.002465509911574805,0.00243919889132177,-0.0007002116905318962,-0.005233566959699176,0.0018913490199446085,0.1,20,0.00041305407456084474,4.749794424017109e-05,-0.0002959561614302084,0.00014199001959513074,0.03020156430064791,0.0015101830327348977,-9.185874329797894e-07,0.006753250424429838,threshold_lower,global_threshold,random_benign,0.0007456327226246298,3.195568811248488e-05,-0.001810822326374098,0.000553057015453101,2.1666996830482788e-05,2.7857567353434252e-06,-6.190570522979222e-06,6.422447031318201e-06,Samsung_SNH_1011_N_Webcam
nbaiot,0.0013671129659993397,-0.0002704934454078489,-0.00257923720960318,0.0009163613047021913,0.0007945524321660291,-7.652322451272286e-05,-0.0015908810827466313,0.0005859587529687264,0.1,20,0.00013084151348987522,1.22473842168387e-05,-5.292125317527506e-05,4.564166755669134e-05,1.6316279992378835e-07,-1.9345532883963124e-08,-3.8691065767926247e-07,1.0142642205649162e-07,threshold_lower,global_threshold,random_benign,0.00011923214498629764,-5.961607249311413e-06,-0.00023846428997256752,8.183292490202136e-05,3.6743497319191576e-06,1.8371748659595787e-07,-1.2247832440470674e-06,1.0718004435087755e-06,SimpleHome_XCS7_1002_WHT_Security_Camera
nbaiot,0.014258403061174096,-0.0018184893895763332,-0.029668665073285805,0.009745965124981376,0.011302530765529728,-0.0014723880754583696,-0.03178853789965219,0.00935566959425679,0.1,20,0.0024856464980268357,0.00014315155762801776,-0.0010790762439680072,0.000763792893850301,1.6799566143414768e-05,-0.005498746725602792,-0.08055333373559188,0.018850386656632887,threshold_lower,global_threshold,random_benign,0.0005686664771111793,0.0,-0.0008529997156667621,0.00026092207434809405,8.420566391276196e-06,5.413221251582279e-07,-6.014690279498858e-06,3.158051552793226e-06,SimpleHome_XCS7_1003_WHT_Security_Camera
nbaiot,0.00588541990060476,0.0003039184325753952,-0.003575622094583508,0.0022802660307717796,0.00511045588387371,0.0006648514005872991,-0.003097025553385424,0.002322828998121717,0.2,20,0.00015933444734987764,-4.3241622752210756e-05,-0.0004378310131299646,0.0001616140978468482,0.030327663808539462,-0.0025114107351907463,-0.08055348410284886,0.01957776307316838,threshold_lower,global_threshold,random_benign,0.00011209505660800256,-8.96760452864024e-05,-0.00033628516982401463,0.0001436438236783285,0.0,0.0,0.0,0.0,Danmini_Doorbell
nbaiot,0.002890709010363479,0.00019934800647504746,-0.0012236851335640786,0.0009237754427674878,0.0021423608064650157,0.00027899646096760653,-0.0008312384287516017,0.0007662441015998472,0.2,20,7.305261781514192e-05,-3.912889716916709e-06,-7.853753015623125e-05,4.090062952614361e-05,3.8691065767926247e-07,-9.99896736957051e-08,-1.4124701398360306e-06,3.723006826421633e-07,threshold_lower,global_threshold,random_benign,0.0004233700254022005,-0.00010584250635055047,-0.0008467400508044079,0.00027039219883933356,0.0,0.0,0.0,0.0,Ecobee_Thermostat
nbaiot,0.0013671129659993397,-4.164646703530006e-05,-0.0008859461419513659,0.00041698206794578137,0.0004793100059032329,-3.1959542797668775e-05,-0.00033156946301460266,0.00016475165505348962,0.2,20,2.2341376228775668e-05,6.42122231809942e-07,-5.292125317527506e-05,1.426248516966902e-05,1.6316279992378835e-07,1.492633317015657e-08,0.0,4.6163078421073855e-08,threshold_lower,global_threshold,random_benign,0.0,0.0,0.0,0.0,0.0,0.0,0.0,0.0,Ennio_Doorbell
nbaiot,0.0013671129659993397,-2.3261744848679378e-06,-0.0013558112659479704,0.00048048406877782804,0.000523931201961314,-1.7783118204953152e-05,-0.0006708447304037413,0.00030852307777360716,0.2,20,5.996986037049327e-05,-4.460680236408672e-08,-5.292125317527506e-05,2.1213445967915122e-05,3.8691065767926247e-07,8.294672421138571e-09,-3.8691065767926247e-07,1.3967915531500146e-07,threshold_lower,global_threshold,random_benign,3.1701749936597495e-05,-4.755262490489364e-06,-6.340349987319326e-05,2.9587306761562464e-05,0.0,0.0,0.0,0.0,Philips_B120N10_Baby_Monitor
nbaiot,0.00014994747646823736,-8.280641994240501e-06,-0.00025174045683895585,6.849451829420599e-05,9.576727946603025e-05,-1.10538262459714e-06,-0.00020087651080546998,7.502158104509419e-05,0.2,20,1.4011882076001188e-05,5.024581666963359e-07,-1.3314870046868266e-05,5.436515058695008e-06,0.0,-7.518362849651127e-09,-1.5036725699302256e-07,3.362314082265791e-08,threshold_lower,global_threshold,random_benign,0.0,0.0,0.0,0.0,1.3053023993903068e-06,6.526511996951534e-08,0.0,2.918744896230306e-07,Provision_PT_737E_Security_Camera
nbaiot,0.0013671129659993397,4.493869505580728e-05,-0.00015829996705096772,0.0003200914317808367,0.00022791690296602996,9.132669203804067e-06,-0.0003487307164404263,0.00012296448341908337,0.2,20,4.390732888268122e-05,-5.442434042222336e-08,-5.292125317527506e-05,1.587992093045415e-05,0.0,-2.6113726057930274e-08,-3.8691065767926247e-07,9.014161337913662e-08,threshold_lower,global_threshold,random_benign,0.0,0.0,0.0,0.0,0.0,0.0,0.0,0.0,Provision_PT_838_Security_Camera
nbaiot,0.005013352281202033,-0.000380853033165085,-0.004839995661779284,0.0021705351238259694,0.003057738807466459,-0.00034944751196435976,-0.00297206176651843,0.001647744334735883,0.2,20,0.00023216460706601517,2.1472960855309245e-05,-0.0001788077136055837,9.913604441003149e-05,1.0607627444481071e-06,7.944574218973766e-08,-1.1117932463000635e-06,5.200912211153148e-07,threshold_lower,global_threshold,random_benign,0.0015977844056242058,0.0001384746484874317,-0.0008521516829995829,0.0004985413168876547,1.2381141045958444e-05,-0.032220062400950863,-0.6444229150158478,0.14409759947422093,Samsung_SNH_1011_N_Webcam
nbaiot,0.002835323222209807,0.00024297194456876503,-0.001532703476513908,0.0010362162997081983,0.0017015722062852512,0.00014199157555900844,-0.0009820501009624172,0.0006869708896277553,0.2,20,6.480940940149869e-05,-1.2598392492695097e-05,-0.000167027424022173,5.520788212597074e-05,1.6316279992378835e-07,-1.8065978591580434e-08,-6.876451716791854e-07,1.710985004262805e-07,threshold_lower,global_threshold,random_benign,0.00011923214498629764,-5.961607249312106e-06,-0.00023846428997256752,7.211223546313199e-05,1.224783243936045e-06,-3.674349731974669e-07,-7.348699463838315e-06,1.736657263977993e-06,SimpleHome_XCS7_1002_WHT_Security_Camera
nbaiot,0.040117524060756526,0.007074688265263146,-0.022978690183432682,0.01683785659815206,0.0316894253094987,0.006425473491350683,-0.02137920724021064,0.014011131770405742,0.2,20,0.0014403124154665692,-0.0006664489139954736,-0.003921140569210724,0.0013189893516871146,6.072152645308915e-06,-0.004029880502086266,-0.080555123051495,0.01801217399252052,threshold_lower,global_threshold,random_benign,0.0008529997156667621,-0.00025589991470002864,-0.0031276656241114587,0.0008348487090069828,0.241616123219351,0.012078400284855734,-2.2855823062273295e-05,0.05402757424163788,SimpleHome_XCS7_1003_WHT_Security_Camera
nbaiot,0.00973199409444958,-0.000694548981061216,-0.011843645363779354,0.005703414046396438,0.004907862345377545,-0.0005759421984354335,-0.009066588348812687,0.0037840642336738747,0.4,20,0.0006299584684590162,4.815817785483258e-06,-0.0006897405486029159,0.00033051530705277055,4.2938110925427875e-06,3.213096057691489e-07,-3.084082772275565e-06,1.8398370024291788e-06,threshold_lower,global_threshold,random_benign,0.0004483802264320172,-2.8023764151999946e-05,-0.0004483802264320172,0.00024089801571955342,0.0,0.0,0.0,0.0,Danmini_Doorbell
nbaiot,0.004937966371001412,0.00038010693832775665,-0.0033260702532865727,0.0017691059378236317,0.0024700130025545053,0.0003518379810783623,-0.0019201298554739066,0.0011359189515168697,0.4,20,0.0001693990302063862,-8.52904466883406e-06,-0.00015068306470767518,8.030016670202614e-05,0.030202015402418875,0.001509874115690041,-1.4124701398360306e-06,0.006753429315750877,threshold_lower,global_threshold,random_benign,0.0004233700254022005,-0.0001058425063505503,-0.0008467400508044044,0.0003329371361799527,0.0,-6.077084166444813e-08,-1.2154168332889626e-06,2.717754660231649e-07,Ecobee_Thermostat
nbaiot,0.0013671129659993397,3.274725144956081e-05,-0.0013449322985935597,0.0005048459012578192,0.0007332229779826727,3.7847169571453286e-05,-0.0005953488250572958,0.0003489396515966467,0.4,20,0.00012813335868125354,8.733396772555918e-09,-5.292125317527506e-05,3.528992825351071e-05,3.16260705415794e-07,1.646266588328782e-09,-3.0619581099788906e-07,1.4267590407364258e-07,threshold_lower,global_threshold,random_benign,0.0,0.0,0.0,0.0,0.0,0.0,0.0,0.0,Ennio_Doorbell
nbaiot,0.0015296178651728054,0.00015649223054079454,-0.0005725699024228259,0.0005551320012835451,0.0010577363272507578,0.00021375213646226688,-0.000403244462278185,0.0003888349146091783,0.4,20,2.4485558161256127e-05,-1.9430099138665117e-05,-8.2729289421846e-05,3.182976041995294e-05,1.5036725699302256e-07,-7.34330445298359e-08,-4.592937164898947e-07,1.5249502166638733e-07,threshold_lower,global_threshold,random_benign,3.1701749936597495e-05,-7.925437484149113e-06,-9.510524980978902e-05,2.6968561666985887e-05,0.0,-5.414554539173722e-08,-1.0829109078347443e-06,2.421462403494498e-07,Philips_B120N10_Baby_Monitor
nbaiot,0.0015296178651728054,4.054571771156534e-05,-0.0004702543848306151,0.00040052920089015125,0.00035078550378481177,-9.422362264654983e-06,-0.00028929192986759666,0.00014335065299215846,0.4,20,1.7974600818075875e-05,-7.291587557555786e-07,-5.292125317527506e-05,1.4555311706338394e-05,1.3536386347934304e-07,6.768193173967152e-09,0.0,3.0268280043681224e-08,threshold_lower,global_threshold,random_benign,0.0,0.0,0.0,0.0,1.3053023993903068e-06,6.526511996951534e-08,0.0,2.918744896230306e-07,Provision_PT_737E_Security_Camera
nbaiot,0.0002999860142722799,-4.569427293379391e-05,-0.0005725699024228259,0.00020284819461532027,0.00032137127386200337,2.0790224273953273e-06,-0.00032359485824901,0.00015652350950603216,0.4,20,2.4485558161256127e-05,2.194343639998832e-06,-7.925437484149157e-06,7.655523276129596e-06,1.5309790549200564e-07,-1.8458830783329994e-08,-3.8691065767926247e-07,9.858142040976785e-08,threshold_lower,global_threshold,random_benign,5.6388857561746105e-05,2.8194428780873053e-06,0.0,1.2608931868161736e-05,0.0,0.0,0.0,0.0,Provision_PT_838_Security_Camera
nbaiot,0.008174006996802152,0.00037001595452408885,-0.006064417094199248,0.003093185273758334,0.004936735497580613,0.00023729835947356725,-0.0053437964783774605,0.002620457156948231,0.4,20,0.00041305407456084474,-1.5379281151468717e-05,-0.0005628745415652153,0.00019800886071412376,7.578203799069039e-07,-1.7403286735329093e-07,-1.2437422314964808e-06,5.462857312777131e-07,threshold_lower,global_threshold,random_benign,0.0015977844056242058,-4.793353216872471e-05,-0.0015977844056242058,0.0006898674531075021,1.5476426307392543e-05,-0.03222068145800318,-0.6444291055863709,0.14409891089912158,Samsung_SNH_1011_N_Webcam
nbaiot,0.0016522655022364052,-5.029994851772357e-05,-0.0027157795999320777,0.0009479714437919181,0.0018346031506853433,6.235751840803494e-05,-0.0014835847748650433,0.0008118265145614734,0.4,20,0.00019674305256905326,5.224010931498545e-06,-0.00013570526339484962,6.925982607236178e-05,3.8691065767926247e-07,-0.004027618626443267,-0.08055317790703788,0.018012247639498668,threshold_lower,global_threshold,random_benign,0.00035769643495886516,5.961607249316963e-06,-0.00023846428997256752,0.00011261633973868145,2.4495664879831125e-06,-3.674349731974669e-07,-4.899132975966225e-06,1.4382456905665731e-06,SimpleHome_XCS7_1002_WHT_Security_Camera
nbaiot,0.020105273618411634,-0.005563983363295622,-0.03445803926833668,0.016457084782793573,0.02302648491329584,-0.003645083771811772,-0.02490716841485685,0.015019181300378232,0.4,20,0.0031244947801810285,0.0004181066367478075,-0.001878533391869226,0.0014202838069436075,1.3593721009501347e-05,-0.001470585813109139,-0.029454947160069633,0.0065868374841198795,threshold_lower,global_threshold,random_benign,0.0017059994313335242,0.00021324992891669123,-0.0005686664771111724,0.0005897863429938354,0.24162093497157455,0.01208188880521786,-7.217628335443038e-06,0.054027885564106065,SimpleHome_XCS7_1003_WHT_Security_Camera
nbaiot,0.10141326177950127,0.05733226887356335,0.02330567897460556,0.021837910823504336,0.09047000143263084,0.05900148961279119,0.028415128919813293,0.017778096845273678,0.1,20,-0.002153551043563245,-0.004275320452064101,-0.006491638836699265,0.0011810053847674802,-8.740834101170214e-06,-0.041932839850933976,-0.11090760874121675,0.0418725494664344,threshold_raise,global_threshold,high_score_benign,-0.0012330456226880351,-0.0028808429548256905,-0.004483802264320137,0.0009615996775998729,0.0,0.0,0.0,0.0,Danmini_Doorbell
nbaiot,0.017904125554589423,0.011318862496693676,0.0029640273395629135,0.004200893659660135,0.014835047556294334,0.010835568043920737,0.005713413159052549,0.003054668606052656,0.1,20,-0.00027941586706171163,-0.0006567956258390369,-0.0010185843802675621,0.0002267487088711727,-6.931064686771515e-07,-0.0055037264662838375,-0.08055572452052294,0.018849768884405167,threshold_raise,global_threshold,high_score_benign,-0.000846740050804401,-0.002709568162574089,-0.0067739204064352215,0.0013763381894788293,0.0,-1.2154168332778603e-06,-6.0770841663337904e-06,1.8495870870401308e-06,Ecobee_Thermostat
nbaiot,0.0455513123046859,0.024950675030025578,0.00384303200731384,0.012646219178659287,0.044752279669046435,0.0235954320637715,0.008273802863226987,0.009650853898049977,0.1,20,-0.00045383834959295823,-0.002161664869927906,-0.004446600748096429,0.0010501716545732638,-1.2618380611090219e-06,-0.01910225024966917,-0.08056971224158194,0.03280283684050411,threshold_raise,global_threshold,high_score_benign,0.0,-1.4208581983518078e-05,-0.0001420858198351825,4.373309258675006e-05,0.0,-1.5802781289570022e-06,-9.481668773736462e-06,2.614317926267831e-06,Ennio_Doorbell
nbaiot,0.03307685964469442,0.022414080918087848,0.009368721497396981,0.006829022268254443,0.024987741476959646,0.021150485749045992,0.01779272212750388,0.0019854653042676263,0.1,20,-0.0010455423386704472,-0.0017788066966715108,-0.0033309660180802928,0.0005469719812495878,-2.6687803002800603e-06,-0.008533659138231547,-0.08056242539728667,0.020175715227903887,threshold_raise,global_threshold,high_score_benign,-0.0005389297489221418,-0.0009399568856200861,-0.0016484909967030177,0.00031555836365834786,0.0,-3.140441632754065e-06,-8.663287262677954e-06,2.301227587099495e-06,Philips_B120N10_Baby_Monitor
nbaiot,0.01240287960988673,0.004110254808614993,-0.000503182347342479,0.0031012672756628437,0.005045592329568249,0.003470249200860648,0.0020366456773546204,0.001006185925525068,0.1,20,-0.00012803064236279285,-0.0003530202475014638,-0.0011570802064266937,0.00027673455510494985,-1.5192710416112032e-07,-0.004028643447484585,-0.08055332094004894,0.018012040098827068,threshold_raise,global_threshold,high_score_benign,0.0,-6.702412868632708e-05,-0.00026809651474530866,9.11122272132567e-05,0.0,-5.221209597561228e-07,-2.6106047987806136e-06,7.80888077640075e-07,Provision_PT_737E_Security_Camera
nbaiot,0.01185461469180582,0.005249256910797856,-0.00046689439127345356,0.00334332322076162,0.008186791257725812,0.004619357751475451,0.002344907985793232,0.0019497643220590096,0.1,20,-0.00010634316761851917,-0.00044859092957191284,-0.0012748508932128755,0.00030953678971241765,-1.5192710416112032e-07,-0.0040291873765863845,-0.08055440829142124,0.018012168041791538,threshold_raise,global_threshold,high_score_benign,0.0,-4.793052892748393e-05,-0.00016916657268523745,4.582878656181626e-05,0.0,-4.7401259789525696e-07,-2.708643416560186e-06,9.085066209325473e-07,Provision_PT_838_Security_Camera
nbaiot,0.15616098915916443,0.09180592314878935,0.03236660087631682,0.03797284720537407,0.13149582975440566,0.09894011191195888,0.0762373818291559,0.01567573885462328,0.1,20,-0.0035233062865690132,-0.005221748322367605,-0.008224838749205118,0.0013397423264097008,-1.6414672258137364e-05,-0.02425022001370628,-0.06347434770853483,0.02339942599179679,threshold_raise,global_threshold,high_score_benign,-0.0075628461866212235,-0.01591925862803579,-0.031316574350234334,0.006394077897273635,-4.023870839936494e-05,-0.32231205427892234,-0.6445745839936607,0.3305784889640899,Samsung_SNH_1011_N_Webcam
nbaiot,0.03254516454592993,0.01645951738349726,0.005217719319890346,0.007315113270220817,0.032998654577467146,0.015635383923848504,0.008035772376590311,0.005837148177873313,0.1,20,-0.0007245769635699042,-0.0012347363158653746,-0.002947742966312714,0.0005498516419071101,-1.0127820524036268e-06,-0.004031301215666383,-0.08055596633363762,0.01801203727684919,threshold_raise,global_threshold,high_score_benign,-0.00023846428997256752,-0.0014546321688327119,-0.004769285799451517,0.0012914900770670664,-2.4495664879831125e-06,-0.01179441768293057,-0.23560665351249466,0.05267993516269489,SimpleHome_XCS7_1002_WHT_Security_Camera
nbaiot,0.12138687524358716,0.06969397627252624,0.02435017845009879,0.025603283897980486,0.10436849064297149,0.07059031138817494,0.04994011720021613,0.014528864483567897,0.1,20,-0.0032208446678784752,-0.004981040580127654,-0.00697954710222909,0.0012351510123171853,-1.0623940198552229e-05,-0.031867180722584834,-0.08058949411846994,0.03639618792889634,threshold_raise,global_threshold,high_score_benign,-0.0011373329542223448,-0.004009098663633778,-0.014216661927779359,0.0037922445164091426,-2.4058761117773386e-06,-0.07250414412160262,-0.24164860254686038,0.11360024473873799,SimpleHome_XCS7_1003_WHT_Security_Camera
nbaiot,0.11208096805097156,0.07439742949289449,0.0187505120948116,0.027930823732422276,0.11139372189839691,0.07934756868415405,0.05883589055803096,0.014639714058191027,0.2,20,-0.003709839866940931,-0.005556811932858022,-0.008952213039592125,0.0012150937414410622,-1.3925156648032788e-05,-0.04790558739318286,-0.14111386671223192,0.04283288175331271,threshold_raise,global_threshold,high_score_benign,-0.002466091245376077,-0.0037663939020289193,-0.005380562717184172,0.0008367902792295872,0.0,0.0,0.0,0.0,Danmini_Doorbell
nbaiot,0.024258013009448853,0.017134887496709866,0.000499944763965976,0.005691617556962161,0.024101765453815538,0.016506965955098478,0.008412401543723191,0.003664769886039617,0.2,20,-0.000508660358494416,-0.0009993283660317954,-0.0018181986426195947,0.00033786167109753194,-1.6275513080449278e-06,-0.0070157824196733515,-0.08055737047198958,0.019581346334385605,threshold_raise,global_threshold,high_score_benign,-0.001270110076206605,-0.0039585097375105845,-0.00846740050804403,0.0018028908448559395,0.0,-1.9446669332456866e-06,-6.0770841663337904e-06,2.0261211392850025e-06,Ecobee_Thermostat
nbaiot,0.1822084083576021,0.0991152536910381,-0.06432483532626532,0.06354125661486852,0.17927047991090345,0.12944141240169568,0.09608589683969815,0.02566125489075284,0.2,20,-0.005954813902105026,-0.009250875125735927,-0.018200032164219872,0.002902070421933124,-2.9561295313909608e-05,-0.07311275299264305,-0.14113475663945868,0.04952080707720595,threshold_raise,global_threshold,high_score_benign,0.0,-0.0002060244387610115,-0.0005683432793407196,0.00021362669475342682,0.0,-1.1536030341344206e-05,-4.424778761064063e-05,9.579584029133488e-06,Ennio_Doorbell
nbaiot,0.05337218505596786,0.0352493409776314,0.019060621989734905,0.008795220044213936,0.03993296747406311,0.034487287377317724,0.02912762376169359,0.0026780534639779447,0.2,20,-0.0014918686217083054,-0.002781054933191469,-0.004276203842187222,0.000607656232619655,-5.4814873422237564e-06,-0.01810434399096553,-0.11077020285543607,0.03355874830411755,threshold_raise,global_threshold,high_score_benign,-0.0007925437484149131,-0.0014868120720263756,-0.002853157494293686,0.0005034493413924758,-1.0829109079457666e-06,-4.981390176078682e-06,-1.0829109078458465e-05,2.7530564164937828e-06,Philips_B120N10_Baby_Monitor
nbaiot,0.0174214460509573,0.007332711162941258,-0.0013800687886060814,0.00470401935113698,0.012411369052198196,0.007366542290482248,0.004472889502843247,0.002324535853385433,0.2,20,-0.0002738385631462833,-0.0006767329634814278,-0.0019337020551280946,0.0004356040405782194,-1.5192710416112032e-07,-0.004029848863850193,-0.08055455132443232,0.0180120460285328,threshold_raise,global_threshold,high_score_benign,0.0,-0.00016532618409294007,-0.0005361930294906165,0.00016214619807756013,0.0,-1.7621582391935674e-06,-1.3053023994125112e-05,3.17692590186306e-06,Provision_PT_737E_Security_Camera
nbaiot,0.017731583236927806,0.008024110145170165,-0.0006046615531629662,0.0045933427615869145,0.01219874620437622,0.007194603499439042,0.0035077683627605105,0.00277615563139849,0.2,20,-0.00012520990448388085,-0.0007056332654503843,-0.0018653244310719648,0.00043916421131440816,-3.1508990408490867e-07,-0.004029892065901231,-0.08055501522174621,0.01801214505752245,threshold_raise,global_threshold,high_score_benign,0.0,-6.484718619600763e-05,-0.00016916657268523745,5.864384112401364e-05,0.0,-9.480251957960651e-07,-4.06296512489579e-06,1.1708175171640673e-06,Provision_PT_838_Security_Camera
nbaiot,0.20454269769701772,0.10988064744305821,-0.07752395131890533,0.07319494744574911,0.1946302298042511,0.16066557276580062,0.12370140817430297,0.017335532693973338,0.2,20,-0.0048871704590663975,-0.008281734531369567,-0.013685545794352626,0.0021509637114464383,-2.4707077530043697e-05,-0.03333903532050763,-0.06348557950734798,0.02184808799224337,threshold_raise,global_threshold,high_score_benign,-0.012462718363868766,-0.023162547933532167,-0.0410097997443545,0.009069793932598587,-5.2619849445323386e-05,-0.3545934033280507,-0.6446426802694136,0.32892222363810975,Samsung_SNH_1011_N_Webcam
nbaiot,0.04245100939562929,0.02349257612706912,0.008169849932167295,0.009455201231848284,0.040970259242587626,0.022296678490108975,0.011156990793016242,0.007193559795011167,0.2,20,-0.0009502868392450783,-0.0017362449921412444,-0.0037801308441460803,0.0007136082195973194,-1.875083695937474e-06,-0.005543039582315535,-0.08055756822377987,0.018900413766545773,threshold_raise,global_threshold,high_score_benign,-0.00047692857994513504,-0.002038869679265529,-0.006080839394300708,0.001599152492178796,-3.6743497319191576e-06,-0.0117999904466907,-0.23562135091142244,0.05268208365963419,SimpleHome_XCS7_1002_WHT_Security_Camera
nbaiot,0.16390719797012587,0.09699997467512358,0.006841903129938931,0.04171193502190647,0.14053359164132018,0.10946662422683535,0.06485364702012808,0.018453768071014082,0.2,20,-0.004383957412264336,-0.007059841530661475,-0.010329648600886886,0.001727744462838015,-2.56490331255535e-05,-0.051456829073208164,-0.1109142961644183,0.04290190429573198,threshold_raise,global_threshold,high_score_benign,-0.0017059994313335242,-0.005672448109183964,-0.015353994882001707,0.004280906537163112,-4.8117522236656995e-06,-0.09667550024179054,-0.24165942898936354,0.12144371612429912,SimpleHome_XCS7_1003_WHT_Security_Camera
nbaiot,0.22540598804439194,0.1129920127752996,-0.04605512801280043,0.0745473430590874,0.22286315494113484,0.17136360347270996,0.12456112437778044,0.026685347936849155,0.4,20,-0.007011598538469518,-0.01080059364205726,-0.01651858240311866,0.002489855212931484,-5.8774196126952505e-05,-0.08169399958737414,-0.14114383227511912,0.048088313782935974,threshold_raise,global_threshold,high_score_benign,-0.005492657773792174,-0.007274969173859431,-0.009640174868288304,0.0012116204188708166,0.0,0.0,0.0,0.0,Danmini_Doorbell
nbaiot,0.035167883653451026,0.02453319921276334,0.0013163781343578096,0.008130101360534155,0.03452353162897964,0.023494259491562842,0.01468562152650621,0.004645123677523546,0.4,20,-0.0007111706807026307,-0.0013928687059862285,-0.002829125755913327,0.0004677877256511324,-3.001494976714869e-06,-0.011045947270416205,-0.0805621172881486,0.025464771162523842,threshold_raise,global_threshold,high_score_benign,-0.0016934801016088054,-0.005503810330228619,-0.01143099068585944,0.002394942527304141,0.0,-2.7346878748835122e-06,-1.0938751499600663e-05,2.9476248715685963e-06,Ecobee_Thermostat
nbaiot,0.2345208060117685,0.10140548594411913,-0.16188403814703778,0.10800454104880508,0.28163934258951084,0.20042268562234042,0.15625844407412698,0.030184170598406664,0.4,20,-0.00808346825823792,-0.013567994512258225,-0.023371591425850467,0.003692708609468505,-5.1179421953151394e-05,-0.0902654623621439,-0.1743055017140513,0.05278066697951872,threshold_raise,global_threshold,high_score_benign,0.0,-0.00036942313157146847,-0.0008525149190110812,0.0002456677254534284,-6.321112515805805e-06,-2.2281921618205748e-05,-5.372945638432158e-05,1.2239707951717625e-05,Ennio_Doorbell
nbaiot,0.07405293871820384,0.05271153232004305,0.024090103922403405,0.014316122681346655,0.06461353318558788,0.05280094221234325,0.04319207419951748,0.005714333425497276,0.4,20,-0.0022490020874878494,-0.004023738721388556,-0.0060638327450338505,0.0008392736273668315,-7.354458030836564e-06,-0.03236440908964423,-0.11089862192458737,0.0388915095641377,threshold_raise,global_threshold,high_score_benign,-0.0009510524980978954,-0.00208756023332488,-0.004057823991884353,0.0006565179471359417,-2.1658218156694886e-06,-7.255503082531645e-06,-1.516075270968642e-05,3.6698076436651427e-06,Philips_B120N10_Baby_Monitor
nbaiot,0.02277893405804554,0.013589905810476765,0.0007155291014949716,0.006275427319537032,0.020159513461920964,0.013560596162246322,0.006513194574250147,0.003093260943876953,0.4,20,-0.0005279111740093888,-0.0012143473173032247,-0.0028654530180107106,0.0005898349470001446,-3.0502500965312596e-07,-0.007014163059953218,-0.08055719724429522,0.019581519157223892,threshold_raise,global_threshold,high_score_benign,0.0,-0.0003038427167113494,-0.0008042895442359251,0.00020988130424035739,0.0,-3.45905135841762e-06,-1.827423359168634e-05,4.0237693875265575e-06,Provision_PT_737E_Security_Camera
nbaiot,0.01827619615476017,0.011393173547812302,-0.0015490408832049551,0.006267505886139579,0.015641089942720177,0.010712379867004051,0.0053241238825850745,0.0032379330429498,0.4,20,-0.00022385702335142945,-0.0010260412797271261,-0.0024766532114456332,0.0005255012629532101,-6.313506095007027e-07,-0.005503247192618375,-0.08055669943854904,0.0188500442306457,threshold_raise,global_threshold,high_score_benign,0.0,-8.740272922070597e-05,-0.00022555543024698312,6.960505475201567e-05,0.0,-1.6251860499361114e-06,-5.417286833120372e-06,1.361431057433766e-06,Provision_PT_838_Security_Camera
nbaiot,0.24156683388986222,0.07371554045968368,-0.17094488819074538,0.10872157088916498,0.3322537587748634,0.26351193489299835,0.20627650287416244,0.034000070207171426,0.4,20,-0.007664845375438968,-0.013125339123473353,-0.018452462812437495,0.0028842052120000854,-5.768614048312637e-05,-0.04088266172877934,-0.09371217461855635,0.026658604229789468,threshold_raise,global_threshold,high_score_benign,-0.018001704303366,-0.030357903706859823,-0.04857264593097572,0.009929234408534101,-0.00014857369255150132,-0.45132741308438984,-0.6447076812599049,0.30298633767725897,Samsung_SNH_1011_N_Webcam
nbaiot,0.0597799251183323,0.03843608089563375,0.02123860565255975,0.012086901777331158,0.055721120039622485,0.03654914571179287,0.0252424385812548,0.008109737164570469,0.4,20,-0.0016307405820453302,-0.0026906128874276463,-0.005120723077763319,0.0008037199027641714,-4.878874398858701e-06,-0.01983795886491322,-0.1107675115208325,0.03346643105123303,threshold_raise,global_threshold,high_score_benign,-0.0004769285799451628,-0.003201383092881839,-0.008823178728985331,0.001980937035460142,-6.123916220013292e-06,-0.023597898761866624,-0.23562502526115447,0.07250567897838066,SimpleHome_XCS7_1002_WHT_Security_Camera
nbaiot,0.2026284078690419,0.11007207820770937,-0.002380259637182247,0.063059266682451,0.20681064658694814,0.1619494375586513,0.1145365979936393,0.02230648266903148,0.4,20,-0.006254888143005528,-0.010064058868082086,-0.01342413364650295,0.0020000338273183284,-3.969283656778122e-05,-0.06507371023036772,-0.1403892640838288,0.04483728412344002,threshold_raise,global_threshold,high_score_benign,-0.0025589991470002862,-0.00862951379016207,-0.017344327551890817,0.0049422826960588894,-1.6841132782774437e-05,-0.12085275075845248,-0.24168950244076126,0.12394911021072706,SimpleHome_XCS7_1003_WHT_Security_Camera
nbaiot,0.021016121563977808,0.008130216571408633,-0.0001341935142887829,0.005798310690225885,0.013056410683525865,0.007928187118636206,0.001442004574669753,0.002951821299713711,0.1,20,-0.00026030541322494044,-0.0006840332447276516,-0.0022725856543120418,0.00045152605747506274,-4.681878095769143e-07,-0.005502568171136318,-0.08055737047198958,0.018850069701313133,threshold_raise,global_threshold,high_score_train_feature_benign,0.0,-0.0004707992377536139,-0.0011209505660800326,0.0003098795868989118,0.0,0.0,0.0,0.0,Danmini_Doorbell
nbaiot,0.011706946558832754,0.0041750645235098085,0.0002551164714696963,0.0032883917204588544,0.008018899957338732,0.003668148037460081,0.0011237480574183278,0.0019056967522433222,0.1,20,-3.059245883581122e-05,-0.00022857134448624468,-0.0005038972662482099,0.00013212865145320363,-1.3536386347934304e-07,-0.005501257487655187,-0.08055348410284886,0.018849623299866208,threshold_raise,global_threshold,high_score_train_feature_benign,0.0,-0.0009102455546147325,-0.0038103302286198112,0.000924245901858444,0.0,-3.6462504998113763e-07,-4.861667333044828e-06,1.1222922237195154e-06,Ecobee_Thermostat
nbaiot,0.010881164430809998,0.005372067855266449,-0.00010764838140708832,0.00259237553755265,0.009348743657271008,0.004728093970980879,0.002754143542713583,0.001683967401756711,0.1,20,-0.0001583343427377519,-0.00045126006423572865,-0.000823950750008827,0.00018012049613259256,-3.034651624850282e-07,-0.004029242142742831,-0.08055456138932675,0.018012191158725117,threshold_raise,global_threshold,high_score_train_feature_benign,0.0,-7.104290991758952e-06,-0.00014208581983517904,3.1771355179024834e-05,0.0,-1.580278128965329e-07,-3.160556257930658e-06,7.067218639445312e-07,Ennio_Doorbell
nbaiot,0.023672405608683555,0.014190824276432335,0.0016971309859761252,0.005326365565577191,0.017010824382305112,0.014199658301141524,0.011874269280168714,0.0013407960323858715,0.1,20,-0.00047094851685202044,-0.0012234824694730276,-0.0023448690582081816,0.0004628552713585113,-1.6270285101011028e-06,-0.007014747352073372,-0.08055894610492935,0.01958186846466368,threshold_raise,global_threshold,high_score_train_feature_benign,-0.0002853157494293688,-0.0006340349987319301,-0.001109561247780876,0.0002162382748818346,0.0,-1.7868029979439815e-06,-5.414554539284744e-06,1.6205622198632867e-06,Philips_B120N10_Baby_Monitor
nbaiot,0.012665154459201022,0.005619134110570784,0.0005781179320144547,0.0035525588609832664,0.007986853023370044,0.004795864472786579,0.002180866731537723,0.0014589578846200852,0.1,20,-0.00010377447293471033,-0.00047249506631318977,-0.0014845887869315813,0.0003282887759195329,-1.5192710416112032e-07,-0.0040291160811325505,-0.08055332094004894,0.01801192885987046,threshold_raise,global_threshold,high_score_train_feature_benign,0.0,-0.00011170688114387846,-0.00035746201966041155,0.0001292592642270946,0.0,-8.484465596036995e-07,-2.6106047987806136e-06,9.726589014589872e-07,Provision_PT_737E_Security_Camera
nbaiot,0.012665154459201022,0.005145620905933618,-0.00035961672257978083,0.0035296122548336465,0.008129437516132987,0.004239255843891038,0.0028294717272122627,0.0014065979807449532,0.1,20,-0.00010634316761851917,-0.00042326359615976386,-0.0011854267844731592,0.0002970308905030482,-1.5192710416112032e-07,-0.0040290002838165315,-0.08055348410284886,0.018011994523531086,threshold_raise,global_threshold,high_score_train_feature_benign,0.0,-3.9472200293222076e-05,-0.00016916657268523745,4.8748433848574384e-05,0.0,-4.7401259789525696e-07,-2.708643416560186e-06,9.085066209325473e-07,Provision_PT_838_Security_Camera
nbaiot,0.009883474083973165,0.002847812911759584,-0.0018362840986766438,0.00321838430260955,0.008282058106528656,0.0026562363074885327,-0.0020558910237419292,0.0026468876154949034,0.1,20,7.178799004063673e-05,-0.00017953519325348018,-0.0006068453769932978,0.00020536843490399247,1.068954689972812e-06,-5.308747262268431e-07,-2.083750090128844e-06,7.186924057912901e-07,threshold_raise,global_threshold,high_score_train_feature_benign,0.0005325948018747306,-0.0007296548785683858,-0.00351512569237325,0.0009916024251093306,6.190570522979222e-06,-0.03222269339342314,-0.6444291055863709,0.1440984372878295,Samsung_SNH_1011_N_Webcam
nbaiot,0.003231195459800107,0.0003291220250036586,-0.0009286834836403912,0.001081835049995005,0.0019828120867410592,0.000295736326111698,-0.0010254780451456336,0.000840695873988628,0.1,20,5.1652948107030615e-05,-2.6314681133233365e-05,-0.00018578532260851135,6.92638481850168e-05,3.3245301346573886e-07,-9.337234324613419e-09,-5.454367892343548e-07,1.7639810826238083e-07,threshold_raise,global_threshold,high_score_train_feature_benign,0.0,-5.3654465243828385e-05,-0.0005961607249314327,0.0001420024839528722,1.224783243936045e-06,-9.185874329908917e-07,-6.12391621990227e-06,2.021331820309368e-06,SimpleHome_XCS7_1002_WHT_Security_Camera
nbaiot,0.04633574526240236,0.009644010616941262,-0.010124197837657278,0.015227332313616357,0.04075050089094384,0.00876265476147344,-0.01325654321246611,0.012716987138120067,0.1,20,0.0008416118217122815,-0.0009165309264846282,-0.0038232767481114387,0.0012211571698672813,8.336458556947035e-06,-0.004030237339891165,-0.0805559854481772,0.018012292650834205,threshold_raise,global_threshold,high_score_train_feature_benign,0.0,-0.00032698322433892535,-0.0022746659084446966,0.0005926651219923006,3.608814167721519e-06,-0.01208339247778773,-0.24161732615740683,0.05402668219653927,SimpleHome_XCS7_1003_WHT_Security_Camera
nbaiot,0.034732151273022205,0.014715989130536867,0.0006599996673092301,0.006682079725241206,0.022981595993041948,0.014304120275709311,0.009692222542232731,0.0027496071477387737,0.2,20,-0.0004918381824294068,-0.0011847888120343432,-0.0024644399355863472,0.0004607412797590543,-1.897756237059789e-06,-0.005505053851370802,-0.08056323613357683,0.018851024679473905,threshold_raise,global_threshold,high_score_train_feature_benign,0.0,-0.0008014796547472249,-0.002017711018944067,0.0004487856502533457,0.0,0.0,0.0,0.0,Danmini_Doorbell
nbaiot,0.018483267145518845,0.007888882005788949,-0.0010500822736470017,0.004883940900020711,0.013558640579382608,0.00786915106905831,0.003125508129596666,0.0029407962387492065,0.2,20,-0.00016294092766387078,-0.0004990653552821176,-0.0009138424969618044,0.00021319779881307115,-3.8691065767926247e-07,-0.005502778824492375,-0.08055456138932675,0.018849759717670583,threshold_raise,global_threshold,high_score_train_feature_benign,0.0,-0.001862828111769686,-0.00508044030482642,0.0014562685138892132,0.0,-8.507917832911715e-07,-4.861667333044828e-06,1.5822546559710073e-06,Ecobee_Thermostat
nbaiot,0.028617326297925794,0.015220571828757934,0.0029640273395629135,0.005707734036976037,0.026147958967420726,0.01503060528387613,0.00857221914662254,0.004268124344054894,0.2,20,-0.0006983984669919224,-0.0014004190152204668,-0.0025625231101183503,0.0005459471033063296,-1.897756237059789e-06,-0.011042702312588146,-0.08055838990405811,0.025464456653501485,threshold_raise,global_threshold,high_score_train_feature_benign,0.0,-7.104290991758952e-06,-0.00014208581983517904,3.1771355179024834e-05,0.0,-9.481668773736462e-07,-6.321112515805805e-06,1.805437960110257e-06,Ennio_Doorbell
nbaiot,0.03678817695949943,0.02568601362673626,0.009899913604439536,0.007551370703394087,0.03025478985574509,0.0246646409150627,0.02126298000415172,0.0020246731757064805,0.2,20,-0.0011253779950371769,-0.002059846726276774,-0.003844025800205565,0.0006218131577762545,-3.5400710756000597e-06,-0.01659026896550984,-0.08056350541441305,0.02961701538786983,threshold_raise,global_threshold,high_score_train_feature_benign,-0.0006023332487953351,-0.0010810296728379408,-0.0017752979964494042,0.0003265353138861547,-1.0829109078347443e-06,-4.00677035902186e-06,-8.663287262677954e-06,2.2524327669324523e-06,Philips_B120N10_Baby_Monitor
nbaiot,0.022098106796719863,0.01257154213056949,0.000524274601931829,0.005288704676145476,0.01634592968556614,0.012056308541860817,0.008180628634161302,0.0022252633322639736,0.2,20,-0.0004658929518152146,-0.0011053267641959286,-0.002838823277916974,0.0005441053831544504,-1.6046908706546237e-06,-0.007013747067098994,-0.08055573064793654,0.019581150692095216,threshold_raise,global_threshold,high_score_train_feature_benign,0.0,-0.00026362823949955313,-0.0006255585344057193,0.0001911735945907448,0.0,-2.806400158716915e-06,-1.435832639351542e-05,3.3952391993478164e-06,Provision_PT_737E_Security_Camera
nbaiot,0.021291309709013162,0.01126202595515024,-0.0015490408832049551,0.005739146461217023,0.014198988262150103,0.010286186238129944,0.007076058619552128,0.0022179589145418883,0.2,20,-0.00037320750961195736,-0.0009977466583709054,-0.0026357225082212768,0.0005215271097047204,-9.78837589163395e-07,-0.005503160548836654,-0.08055540213240389,0.018849571739394704,threshold_raise,global_threshold,high_score_train_feature_benign,0.0,-8.176384346453137e-05,-0.00022555543024698312,6.715771021274169e-05,0.0,-1.6251860499361114e-06,-4.06296512489579e-06,1.0398101456999447e-06,Provision_PT_838_Security_Camera
nbaiot,0.015713509039609885,0.003863647401929715,-0.006830600300224199,0.00594560948617372,0.010743646820386421,0.003530663367774739,-0.00779916445414236,0.005473820444564301,0.2,20,0.0002924710160609167,-0.00023825211298051578,-0.0007977674113129197,0.00033265474208897197,0.030328191972910742,0.001515536296662693,-3.945408673822204e-06,0.006781795570180122,threshold_raise,global_threshold,high_score_train_feature_benign,0.0013847464848743135,-0.0009799744354495102,-0.006071580741371971,0.0017926259763829753,6.190570522979222e-06,-0.032223621979001575,-0.6444352961568938,0.14409967586169511,Samsung_SNH_1011_N_Webcam
nbaiot,0.002745990668605147,-0.0004904289222654401,-0.006983969807018986,0.002000959154548393,0.002336675590938919,-0.000461100604799039,-0.005135352081722722,0.0014026779607699512,0.2,20,0.00029916083823920155,2.2522133102129435e-05,-0.00018182260386643688,9.937391593044577e-05,0.030202015402418875,0.0015103316019597628,0.0,0.0067533216463640435,threshold_raise,global_threshold,high_score_train_feature_benign,0.00011923214498629764,-2.3846428997255364e-05,-0.00047692857994513504,0.00014265960215002088,3.67434973203018e-06,1.2247832439915562e-07,-3.67434973203018e-06,1.633581422644699e-06,SimpleHome_XCS7_1002_WHT_Security_Camera
nbaiot,0.03200101637455821,0.010101370862063992,-0.01436048451192462,0.010416584322310135,0.02401103973388652,0.009458321498500122,-0.010891332891252326,0.008080607218136499,0.2,20,0.0006597379079441071,-0.0008894588982314583,-0.0038232767481114387,0.0009132818390174783,3.321447325330129e-06,-0.0055029742704055026,-0.08055615473839074,0.01884989214564484,threshold_raise,global_threshold,high_score_train_feature_benign,0.0,-0.00034119988626670416,-0.0011373329542223518,0.000375854602779297,7.217628335443038e-06,-2.466023014607854e-06,-8.420566391387219e-06,3.77336831734524e-06,SimpleHome_XCS7_1003_WHT_Security_Camera
nbaiot,0.036601151232752205,0.021673379121596774,0.008168003894480358,0.008237577602423558,0.02679560184478752,0.020524142384529064,0.010335587130652302,0.004446097509513403,0.4,20,-0.0009248010986450878,-0.0016856086241053652,-0.0034624944567128186,0.0005760054456093345,-3.4928807392531347e-06,-0.008533728528171209,-0.0805654015960556,0.020175845208219242,threshold_raise,global_threshold,high_score_train_feature_benign,-0.0003362851698240077,-0.001092926801928034,-0.0023539961887680746,0.0005343500240509653,0.0,0.0,0.0,0.0,Danmini_Doorbell
nbaiot,0.033106937287173954,0.020018712222152707,0.003811717566998385,0.007006526311808667,0.02610169880919988,0.019332833571566448,0.011250702540079704,0.004033576986442329,0.4,20,-0.0003547203802673808,-0.0011727615547449679,-0.0022643397029554584,0.0003965530780177327,-2.391834003231952e-06,-0.007016516072658902,-0.08055703801897611,0.01958134876637709,threshold_raise,global_threshold,high_score_train_feature_benign,-0.0016934801016088054,-0.0046570702794242165,-0.009314140558848431,0.0018983443222736185,0.0,-2.4308336665557206e-06,-6.0770841663337904e-06,2.1598523915917983e-06,Ecobee_Thermostat
nbaiot,0.06643888180334101,0.0415128280660437,0.019632899382873714,0.012074499295824753,0.05441353536314403,0.040442558208273305,0.03258714079856867,0.005882262071098378,0.4,20,-0.0019130247903404794,-0.0034327658686783753,-0.004976471202466267,0.0007502463175328864,-6.409853453834269e-06,-0.025306508344976785,-0.11078011188332748,0.03529057110133961,threshold_raise,global_threshold,high_score_train_feature_benign,0.0,-2.8417163967036328e-05,-0.0001420858198351825,5.8310790115667116e-05,0.0,-3.476611883695968e-06,-1.264222503161161e-05,3.059121496673054e-06,Ennio_Doorbell
nbaiot,0.06921300283114273,0.046965065094977665,0.024704054023447664,0.012382537817190951,0.0580896203716596,0.04539598272078569,0.03958411961793895,0.0044564085274152315,0.4,20,-0.0021149406929671473,-0.0035628267625433044,-0.0060638327450338505,0.0007815035414800257,-6.887830068441625e-06,-0.026817908964485167,-0.11078216642796865,0.034793584073075146,threshold_raise,global_threshold,high_score_train_feature_benign,-0.0009193507481612996,-0.001876743596246513,-0.003962718742074564,0.0006481111639760034,-2.1658218156694886e-06,-6.4974654470473235e-06,-1.2994930894127954e-05,3.18154339928438e-06,Philips_B120N10_Baby_Monitor
nbaiot,0.053501004815979525,0.03761178587844734,0.02123860565255975,0.009833188244585515,0.043300005048513446,0.03633089045269615,0.028145707398653075,0.0038007987004163805,0.4,20,-0.0018637613891335503,-0.003041945442167441,-0.005608252272023516,0.0007358903746037946,-5.757202254125238e-06,-0.025114681602705864,-0.11076989063305948,0.03525028080679492,threshold_raise,global_threshold,high_score_train_feature_benign,-0.00017873100983020534,-0.0007327971403038426,-0.0010723860589812334,0.00023661660862147124,-3.91590719817092e-06,-0.013604579522938077,-0.27194278598522925,0.06080650435004349,Provision_PT_737E_Security_Camera
nbaiot,0.053501004815979525,0.0380313636036414,0.017597018531533504,0.011248938179532837,0.043356274316708354,0.036731801306208,0.02813206017017361,0.0036805528308813604,0.4,20,-0.0015186566543153098,-0.0031379707886247353,-0.005555159893379425,0.0007843281725457915,-3.888727679812742e-06,-0.02511513290137286,-0.11077016739863474,0.03524995953785572,threshold_raise,global_threshold,high_score_train_feature_benign,-0.00011277771512349178,-0.00026220818766211783,-0.0006202774331792037,0.00012579033160080888,-2.708643416560186e-06,-5.959015516471266e-06,-1.0834573666240743e-05,2.462208698051369e-06,Provision_PT_838_Security_Camera
nbaiot,0.01934494393622288,0.0073043539908805855,-0.009289893777107205,0.00799259373896639,0.016790101263258028,0.006652793371015114,-0.00811645885308615,0.006846876597699561,0.4,20,0.0003990342438637341,-0.0004403854927938591,-0.0010961550865532456,0.00041847145547447385,0.0303287838998422,0.0015146132357083762,-7.9123320483529e-06,0.006782152326431938,threshold_raise,global_threshold,high_score_train_feature_benign,0.0009586706433745151,-0.0016190881976991902,-0.005645504899872172,0.0017982802275056168,9.285855784468833e-06,-0.032225324385895406,-0.6444352961568938,0.14409927524196442,Samsung_SNH_1011_N_Webcam
nbaiot,0.01263800412387639,-0.0008422153908070218,-0.012045907412065682,0.004867655795938446,0.008232641220092762,-0.0007751471466488663,-0.010877315203349724,0.004171602639340317,0.4,20,0.0009860520182185402,2.227725664947569e-05,-0.0008871373361722029,0.00036398192773939836,0.030328415194494238,-0.0010008925025255036,-0.0805530275397809,0.020901709135519742,threshold_raise,global_threshold,high_score_train_feature_benign,0.0007153928699177303,-0.00011923214498628585,-0.0023846428997257585,0.0006415018324179904,1.1023049195868495e-05,3.0619581100066463e-07,-1.7146965415770765e-05,5.314620482660521e-06,SimpleHome_XCS7_1002_WHT_Security_Camera
nbaiot,0.0345410106440357,0.010830515224405873,-0.02053854278331635,0.013768898155997241,0.02536032398541782,0.009652506940894926,-0.015602085325453208,0.010463781438773157,0.4,20,0.0014018067702162322,-0.0009373667665183013,-0.004057913761409284,0.0011205148845121425,6.308762649648303e-06,-0.005503161935759838,-0.08056095317839455,0.018850926486808695,threshold_raise,global_threshold,high_score_train_feature_benign,0.00028433323855558273,-0.0004264998578333807,-0.001990332669889114,0.000541845382285491,7.217628335443038e-06,-0.012083212037079355,-0.2416161232193509,0.05402644146828496,SimpleHome_XCS7_1003_WHT_Security_Camera
nbaiot,0.0055787299172619376,-9.64105440588281e-05,-0.008332826316220343,0.002950001033840588,0.005439315901862196,0.00026028530465228297,-0.0035220338238609594,0.0026434897236096255,0.1,20,0.00041813924787948407,-9.167957068271184e-06,-0.0004169125020318155,0.00019593697282626918,1.5555031509101314e-06,-0.004027618946618415,-0.08055348410284886,0.018012319658136274,threshold_raise,global_threshold,random_benign,0.00022419011321600513,-5.04427754736015e-05,-0.00044838022643201025,0.00016853544195433417,0.0,0.0,0.0,0.0,Danmini_Doorbell
nbaiot,0.0015296178651728054,9.612779708687014e-05,-0.001562672377675156,0.000685852550351578,0.0010130180252923005,3.287836081451445e-05,-0.0014262947771284673,0.0006086652476237179,0.1,20,8.92239875819788e-05,6.738230568589654e-06,-5.3046972165294724e-05,3.895841727300178e-05,3.8691065769314026e-07,-7.015118126674214e-09,-3.8691065767926247e-07,2.0700905280550133e-07,threshold_raise,global_threshold,random_benign,0.000846740050804401,0.0,-0.0004233700254022005,0.0002379134153044094,0.0,0.0,0.0,0.0,Ecobee_Thermostat
nbaiot,0.0001408587030840014,-5.625117239720368e-05,-0.0005725699024228259,0.00016792905924602197,0.00032812572187840283,-8.330229255912314e-06,-0.0007555402815342949,0.000219955927214079,0.1,20,6.655696623031782e-05,2.7449099368636503e-06,-1.8866736865358206e-05,1.6901610582181545e-05,1.5309790549200564e-07,-6.631660749017998e-09,-1.5036725699302256e-07,5.7807792996727615e-08,threshold_raise,global_threshold,random_benign,0.0,0.0,0.0,0.0,0.0,0.0,0.0,0.0,Ennio_Doorbell
nbaiot,0.0015296178651728054,1.153931248520923e-06,-0.0005725699024228259,0.00041007340250195164,0.0005491333289279199,1.727748662232742e-05,-0.0005007465680440526,0.00024942729650129984,0.1,20,6.38751344457994e-05,3.8835104838968565e-06,-5.292125317527506e-05,2.0228106661282308e-05,3.8691065769314026e-07,1.9985310031195303e-08,-3.8691065767926247e-07,1.6064733031376411e-07,threshold_raise,global_threshold,random_benign,3.1701749936597495e-05,6.340349987319412e-06,0.0,1.3010123663266197e-05,0.0,-5.414554539173722e-08,-1.0829109078347443e-06,2.421462403494498e-07,Philips_B120N10_Baby_Monitor
nbaiot,0.00014994747646823736,-2.861695975198697e-05,-0.0005725699024228259,0.00013695120954021632,0.00014817814032236365,-1.0088998824364647e-05,-0.0001109666294522027,6.377304781877654e-05,0.1,20,1.3314870046868266e-05,6.657435023434241e-07,-3.96271874207447e-06,3.2430310367756946e-06,0.0,-1.428655602361828e-08,-1.5036725699302256e-07,4.40403964388559e-08,threshold_raise,global_threshold,random_benign,8.936550491510289e-05,4.468275245755144e-06,0.0,1.9982734383376166e-05,0.0,0.0,0.0,0.0,Provision_PT_737E_Security_Camera
nbaiot,0.0002999860142722799,-2.462396940862144e-05,-0.0008859461419513659,0.00022626641403259286,0.00014263466000558056,-5.639141632465816e-06,-0.0001575675275590771,7.8624811713351e-05,0.1,20,2.2341376228775668e-05,2.5280132199465567e-06,-7.925437484149157e-06,7.193108172509164e-06,1.6316279992378835e-07,1.6316279992378836e-08,0.0,5.0220450176222426e-08,threshold_raise,global_threshold,random_benign,0.0,0.0,0.0,0.0,0.0,0.0,0.0,0.0,Provision_PT_838_Security_Camera
nbaiot,0.0020262152987293724,-0.00039560138139564384,-0.003593509544737028,0.0012888747537524608,0.0009872929917441597,-0.0004224277867211662,-0.0021303342448340534,0.0010884159165142075,0.1,20,0.0001289013506911616,1.6256482761655906e-05,-9.76333075451332e-05,6.127580173880504e-05,0.030202015402418875,0.0015102011284822963,-4.592937165037725e-07,0.006753352335773923,threshold_raise,global_threshold,random_benign,0.0008521516829995829,7.456327226246402e-05,-0.0005325948018747306,0.0003262150312318137,1.2381141045958444e-05,7.738213153751782e-07,-6.190570522979222e-06,3.4606341272239515e-06,Samsung_SNH_1011_N_Webcam
nbaiot,0.0014673841740980853,0.000167731939074528,-0.001532703476513908,0.0006247768310390211,0.0015042199028864056,0.0001461711194780363,-0.0009210136201647234,0.0005376043649133274,0.1,20,6.480940940149869e-05,-1.7101646404027463e-05,-0.0001396679821369241,4.5280075438237925e-05,5.222745211586055e-07,4.54592589418934e-08,0.0,1.4163326400961482e-07,threshold_raise,global_threshold,random_benign,0.0,-3.576964349588374e-05,-0.00023846428997256752,7.832916243373653e-05,1.224783243936045e-06,-1.2247832441025784e-07,-2.4495664879831125e-06,7.847471318870124e-07,SimpleHome_XCS7_1002_WHT_Security_Camera
nbaiot,0.020804402103481556,-0.0022289056123227513,-0.025793411655627208,0.011748395218928558,0.01755801439285376,-0.0024478010336559247,-0.02450311581293735,0.010832409558603045,0.1,20,0.0027509418770737077,0.00022355971018054067,-0.0011277328707211135,0.001019005630267167,1.0099482879152855e-05,-0.004026649590405039,-0.08055333373559188,0.018012512836883363,threshold_raise,global_threshold,random_benign,0.0011373329542223518,2.8433323855558968e-05,-0.0017059994313335172,0.0005371130175651583,9.623504447331399e-06,5.413221251582279e-07,-1.2029380559108738e-05,4.642172911584347e-06,SimpleHome_XCS7_1003_WHT_Security_Camera
nbaiot,0.008763782634347628,0.0009873792864372789,-0.005398463875902815,0.003640556632744625,0.004705153571234633,0.0008629860811763035,-0.004415259758631329,0.0026729464084650194,0.2,20,0.0002576821509281714,-8.637536129593903e-05,-0.00044179373187203927,0.00022085647452054958,0.03032842578566293,0.003026275417545746,-2.4256231248437343e-06,0.009315545339272625,threshold_raise,global_threshold,random_benign,0.00100885550947203,-1.120950566079991e-05,-0.0006725703396480223,0.0003105191739300431,0.0,0.0,0.0,0.0,Danmini_Doorbell
nbaiot,0.0015296178651728054,0.0001207948742295184,-0.0013177720434770501,0.00058304748728833,0.0012146865328152567,0.0001825855506791041,-0.0010106186072031398,0.0006101939390818812,0.2,20,7.051968497239207e-05,-3.6065598483291735e-07,-5.1832766366828424e-05,2.4873365292475925e-05,3.8691065769314026e-07,-0.0040277126993341714,-0.08055279372702871,0.01801213507203546,threshold_raise,global_threshold,random_benign,0.0004233700254022005,-2.1168501270110023e-05,-0.0004233700254022005,0.00016682238053607328,0.0,-6.077084166444813e-08,-1.2154168332889626e-06,2.717754660231649e-07,Ecobee_Thermostat
nbaiot,0.0015296178651728054,2.6728668816183854e-05,-0.0009286834836403912,0.00048500935758475093,0.00045644127660332545,1.092335002287892e-05,-0.0004856486287381778,0.00023669411471150028,0.2,20,5.1652948107030615e-05,-2.2018362583216818e-06,-5.292125317527506e-05,2.1466099872225698e-05,1.3536386347934304e-07,-1.5309790549894453e-08,-3.0619581099788906e-07,8.134230206878204e-08,threshold_raise,global_threshold,random_benign,0.0,0.0,0.0,0.0,0.0,0.0,0.0,0.0,Ennio_Doorbell
nbaiot,0.0013671129659993397,-0.00017784724847440535,-0.0018672082124026046,0.0006654695010683539,0.0005035388800833096,-0.00013919854950574518,-0.0006243896153238504,0.00032391377550574594,0.2,20,9.44550113922988e-05,1.6623962674672725e-05,-5.292125317527506e-05,3.6026991307481885e-05,3.263255998475767e-07,5.128843862459154e-08,-3.8691065767926247e-07,1.5755465662840356e-07,threshold_raise,global_threshold,random_benign,6.340349987319326e-05,6.340349987319412e-06,-9.510524980978902e-05,3.348685533137236e-05,0.0,0.0,0.0,0.0,Philips_B120N10_Baby_Monitor
nbaiot,0.0015296178651728054,3.6466548697544622e-06,-0.0008859461419513659,0.0004345561453074365,9.084488782612476e-05,9.791720658539061e-06,-0.00010681806339157829,5.66931875340219e-05,0.2,20,1.3314870046868266e-05,-2.646062658763753e-06,-5.292125317527506e-05,1.2792712673652996e-05,0.0,-7.518362849651127e-09,-1.5036725699302256e-07,3.362314082265791e-08,threshold_raise,global_threshold,random_benign,0.00017873100983020534,1.3404825737265411e-05,0.0,4.373194682123258e-05,0.0,0.0,0.0,0.0,Provision_PT_737E_Security_Camera
nbaiot,0.0008925195597551117,-9.303296763105707e-05,-0.0015035670769910636,0.00044499777868669285,0.0003580520550410249,1.8402669164871434e-05,-0.00019203358226344003,0.00015671738969553532,0.2,20,2.2341376228775668e-05,-2.9007171263707833e-06,-5.6883971917350614e-05,1.748067547412001e-05,1.3536386347934304e-07,-2.282815339954558e-08,-3.0619581099788906e-07,8.663001970500617e-08,threshold_raise,global_threshold,random_benign,0.0,0.0,0.0,0.0,0.0,0.0,0.0,0.0,Provision_PT_838_Security_Camera
nbaiot,0.004180842693440989,-0.0007523753331388494,-0.006207290010849742,0.002327580589985543,0.006253568993674352,-0.0007023735013273081,-0.005915537145402661,0.0025383294760701726,0.2,20,0.0003269452430074475,3.2754852058343334e-05,-0.00029512583741518524,0.00014495288695328946,0.03032803887500525,0.003026704632458264,-6.313506095007027e-07,0.009315332208928943,threshold_raise,global_threshold,random_benign,0.0028760119301235593,0.0001917341286749044,-0.0021303792074989364,0.000858157251426877,6.190570522979222e-06,6.190570522979222e-07,-3.095285261545122e-06,2.3764730337197056e-06,Samsung_SNH_1011_N_Webcam
nbaiot,0.003496955019518966,-0.0002656436002860807,-0.004605918909547535,0.0015961919621298802,0.002160709434085195,-0.0001421705881754748,-0.0018923838933307402,0.0010734924092571662,0.2,20,0.00017661203613882108,1.3681009982446563e-05,-0.0001539450147871586,7.432050238528701e-05,9.241885723654253e-07,1.201884185120239e-07,-1.5192710416112032e-07,2.482402769053988e-07,threshold_raise,global_threshold,random_benign,0.0004769285799451628,1.1923214498631152e-05,-0.00011923214498629764,0.00012171641481675062,3.6743497319191576e-06,1.8371748659040676e-07,-3.67434973203018e-06,1.5013622507294747e-06,SimpleHome_XCS7_1002_WHT_Security_Camera
nbaiot,0.031181759509700258,0.003285353487436671,-0.027567941225419834,0.01452802434947361,0.023602448569404633,0.003389993442429551,-0.021946944793063916,0.012105643581130105,0.2,20,0.0021987812771247462,-0.00020171775305642225,-0.0015406762383934117,0.001002079999166704,6.072152645308915e-06,-0.007017447333602732,-0.08055333373559188,0.01959002628109909,threshold_raise,global_threshold,random_benign,0.0017059994313335242,-9.951663349445465e-05,-0.0017059994313335172,0.0006669800589515794,0.24162093497157455,0.012079422782203248,-1.4435256670997099e-05,0.05402846589922714,SimpleHome_XCS7_1003_WHT_Security_Camera
nbaiot,0.01833840244071827,0.0010048496686837882,-0.006358694702786272,0.0066793368987597326,0.011911396185556977,0.0007160100009706155,-0.004480619562996779,0.004737578583991955,0.4,20,0.0005015846117222786,-9.349376433927087e-05,-0.00217416792417767,0.0005938103762969996,3.7439989803850215e-06,-0.0040277068923590354,-0.08055720730918965,0.0180131753524215,threshold_raise,global_threshold,random_benign,0.0004483802264320172,-8.96760452864024e-05,-0.001008855509472037,0.00032852599352765276,0.0,0.0,0.0,0.0,Danmini_Doorbell
nbaiot,0.0040907607657175715,0.00013875892204283092,-0.005489474127982508,0.001976102021306938,0.0024148214194508744,0.00030959456745120463,-0.0024233215385012774,0.0011962795545590957,0.4,20,0.00010910760784843266,-2.7073160746312762e-05,-0.0001967086105738393,8.342235445465842e-05,2.011539944640761e-06,-2.237499718768521e-08,-1.3109263167360163e-06,7.500961841434765e-07,threshold_raise,global_threshold,random_benign,0.0008467400508044044,-2.116850127010985e-05,-0.000846740050804401,0.0003214033253667432,0.0,-6.077084166444813e-08,-1.2154168332889626e-06,2.717754660231649e-07,Ecobee_Thermostat
nbaiot,0.0013671129659993397,2.9424826892515687e-05,-0.0013558112659479704,0.0006072653670839563,0.00029049383269419415,-2.5851362281476e-06,-0.00048268694016662117,0.00021886063629650138,0.4,20,7.504582256018726e-05,9.72089208784986e-07,-5.6883971917350614e-05,3.357448691075425e-05,3.8691065769314026e-07,-2.0926736926663026e-09,-3.0619581099788906e-07,1.2792348305800535e-07,threshold_raise,global_threshold,random_benign,0.0,0.0,0.0,0.0,0.0,0.0,0.0,0.0,Ennio_Doorbell
nbaiot,0.002342209425364894,0.00013642738054918114,-0.00257923720960318,0.0010609500524078447,0.0012554576413498775,6.828320730063175e-05,-0.000988860428333349,0.0005745112921900376,0.4,20,9.286586331587986e-05,-8.334949813213378e-06,-0.00015055456072040826,5.662112870947369e-05,3.263255998475767e-07,-7.595905270121883e-08,-6.123916219957781e-07,2.341631385983242e-07,threshold_raise,global_threshold,random_benign,0.000158508749682984,1.5850874968298748e-06,-6.340349987319326e-05,4.654075116626907e-05,0.0,0.0,0.0,0.0,Philips_B120N10_Baby_Monitor
nbaiot,0.0015296178651728054,2.325678330795111e-05,-0.0006277104660664667,0.0004064577693379259,0.0001389256368081182,-1.7884982128943405e-05,-0.0003536022371715686,0.00013592547428636087,0.4,20,2.7326752122868586e-05,-2.5342947772727135e-07,-5.292125317527506e-05,1.5287628085993898e-05,0.0,-6.768193173967152e-09,-1.3536386347934304e-07,3.0268280043681224e-08,threshold_raise,global_threshold,random_benign,8.936550491510245e-05,4.468275245755123e-06,0.0,1.9982734383376064e-05,1.3053023993903068e-06,6.526511996951534e-08,0.0,2.918744896230306e-07,Provision_PT_737E_Security_Camera
nbaiot,0.0015296178651728054,1.1626487015575781e-05,-0.0006277104660664667,0.000402604942897117,0.00021645070777998043,-6.883165488640042e-05,-0.0004109090401066551,0.00016596901684154806,0.4,20,2.7326752122869453e-05,-6.853172413090881e-07,-5.292125317527506e-05,1.5306175396389624e-05,1.6316279992378835e-07,1.492633317015657e-08,0.0,4.6163078421073855e-08,threshold_raise,global_threshold,random_benign,5.6388857561746105e-05,2.8194428780873053e-06,0.0,1.2608931868161736e-05,0.0,0.0,0.0,0.0,Provision_PT_838_Security_Camera
nbaiot,0.009612056458982665,0.0006730402252803469,-0.006778939805656914,0.003717722584526003,0.005153262615203935,0.0004515871405601585,-0.00524149735768642,0.0028907061741971726,0.4,20,0.00031826413526111574,-5.590997149580747e-05,-0.0007809028674110541,0.00024326625217167868,0.03032803887500525,0.003026258824237807,-2.1534355714031284e-06,0.009315484666194607,threshold_raise,global_threshold,random_benign,0.0012782275244993674,-0.0002396676608436298,-0.0022368981678738825,0.0008625128350316437,1.5476426307392543e-05,1.5476426306060277e-07,-6.190570522979222e-06,4.3164935934626376e-06,Samsung_SNH_1011_N_Webcam
nbaiot,0.0003597607488394772,-0.00045796692120254613,-0.0021417249296815655,0.0006972777031331025,0.0006944126553005692,-0.0002887044350305845,-0.001463609271579236,0.0006262402472631674,0.4,20,0.000161458173199655,3.16793833942407e-05,-3.9944610140605664e-05,5.640741120793683e-05,3.8691065769314026e-07,8.561018177768998e-08,-1.5036725699302256e-07,1.440995714788415e-07,threshold_raise,global_threshold,random_benign,0.00023846428997256752,2.3846428997260914e-05,-0.00011923214498629764,9.154309001429684e-05,3.6743497319191576e-06,5.511524597878737e-07,0.0,1.0864332086720326e-06,SimpleHome_XCS7_1002_WHT_Security_Camera
nbaiot,0.017786468576450387,-0.002486327575916458,-0.027386455755245454,0.013412175492442634,0.028821400801340713,-0.000559597776995896,-0.026416858037312918,0.012777131950201559,0.4,20,0.0026817120998032023,2.824957845756929e-05,-0.0024259539938295484,0.0011550802185208342,0.030334906642098897,-0.002510934591218309,-0.08055426065481278,0.019578586361960474,threshold_raise,global_threshold,random_benign,0.0014216661927779345,-1.4216661927779137e-05,-0.0014216661927779345,0.0005940992804643018,0.24162093497157455,0.012080746014064747,-7.2176283355540605e-06,0.05402815440685638,SimpleHome_XCS7_1003_WHT_Security_Camera
nbaiot,-0.0012140091175008028,-0.006887254970280754,-0.013557557733302028,0.004078900175716857,-0.0026162352826860635,-0.006262800494829854,-0.010276799731784358,0.0021494689463772533,0.1,20,0.0013488894618733024,0.00048335331204193586,0.00016658122844513353,0.0002815369907474709,0.03032842578566293,0.003029280766685791,1.4616578596082785e-06,0.009314713927994774,threshold_raise,global_threshold,random_train_feature_benign,0.0015693307925120498,0.0003418899226544127,0.0,0.00033028269534527045,0.0,0.0,0.0,0.0,Danmini_Doorbell
nbaiot,0.0013671129659993397,-0.00025147017183855814,-0.0014654115246328647,0.000703867210370692,0.00019011083576414567,-0.0004886703731285275,-0.002032826178603675,0.0005237430506076956,0.1,20,0.0001730759266052648,3.3280884615345846e-05,0.0,4.634993680376748e-05,4.855509189577445e-07,1.681475141311617e-07,-1.3536386347934304e-07,2.004425112535494e-07,threshold_raise,global_threshold,random_train_feature_benign,0.0004233700254022005,4.2337002540220046e-05,-0.0004233700254022005,0.00018933683128702662,0.0,0.0,0.0,0.0,Ecobee_Thermostat
nbaiot,0.0015296178651728054,4.157193539671145e-05,-0.0009286834836403912,0.00044749013239063625,0.0006797355910142522,3.9112344384167885e-05,-0.0004763430191411233,0.0002462419603353702,0.1,20,5.1652948107030615e-05,-1.8964912245939491e-06,-5.292125317527506e-05,1.9463580627618552e-05,1.6316279992378835e-07,-1.9728990263701008e-08,-3.8691065767926247e-07,1.215289754007086e-07,threshold_raise,global_threshold,random_train_feature_benign,0.0,0.0,0.0,0.0,0.0,0.0,0.0,0.0,Ennio_Doorbell
nbaiot,0.009858005032870487,0.0033866465776327902,-1.47945011055306e-05,0.0022912707582258387,0.004796516812509921,0.0028608324502905043,0.001713735030757002,0.0007501937709409584,0.1,20,-2.662974009373653e-05,-0.0002586924860352141,-0.0006673909499711131,0.0001548527127489254,-1.5036725699302256e-07,-0.0040285230051233575,-0.08055425792416425,0.018012288987546803,threshold_raise,global_threshold,random_train_feature_benign,-3.1701749936597495e-05,-0.00016643418716713156,-0.0003487192493025603,8.71987706410378e-05,0.0,-1.0829109078347444e-07,-1.0829109078347443e-06,3.333129446025987e-07,Philips_B120N10_Baby_Monitor
nbaiot,0.0015825209280432295,0.0003517540940641328,-0.0010022731936890628,0.0006239544642958984,0.000740902001659105,0.00032615595186751,0.0001298541824023003,0.00013998534680825065,0.1,20,0.0,-2.7303358696190506e-05,-0.00012742104089376555,3.207741737669213e-05,0.0,-8.359720289202732e-08,-3.8691065767926247e-07,1.3400655265775055e-07,threshold_raise,global_threshold,random_train_feature_benign,0.0,0.0,0.0,0.0,0.0,-6.526511996951534e-08,-1.3053023993903068e-06,2.9187448962303054e-07,Provision_PT_737E_Security_Camera
nbaiot,0.0015825209280432295,0.00021759163467877652,-0.0005010840128560901,0.0005389624860106434,0.0005420636799600143,0.0001866189473205132,-6.39230840736027e-05,0.00013815235654621256,0.1,20,3.962718742074687e-06,-1.3235772618251477e-05,-7.416156070629248e-05,2.374562815644536e-05,0.0,-6.06325170668387e-08,-3.8691065767926247e-07,1.2359661205464407e-07,threshold_raise,global_threshold,random_train_feature_benign,0.0,0.0,0.0,0.0,0.0,0.0,0.0,0.0,Provision_PT_838_Security_Camera
nbaiot,-0.0018182666245761814,-0.006661050469499136,-0.013003421944656868,0.0033870149687990738,-0.0020975954002804276,-0.0064326560331716045,-0.010163541303740697,0.002295882552765268,0.1,20,0.0006920378362422937,0.0003439593788650035,8.390553500003608e-05,0.00016876620336946132,0.030328479245765164,0.004544548893412412,4.6662796242269433e-07,0.011094743741323528,threshold_raise,global_threshold,random_train_feature_benign,0.004367277375372819,0.0014806135492117594,0.00021303792074989225,0.0010944449762430968,3.714342313787533e-05,9.131091521391576e-06,0.0,9.552194854711523e-06,Samsung_SNH_1011_N_Webcam
nbaiot,0.00044386863740841775,-0.002068486203411396,-0.008856361358821396,0.0021681213487292424,-0.0007651209831237571,-0.0022907825973298795,-0.006422812408871215,0.0016314013844652654,0.1,20,0.00037332239894549447,0.0001467799340484389,2.5900038302223947e-05,9.644381502477672e-05,0.030202015402418875,0.0015108954981458585,0.0,0.006753188943202592,threshold_raise,global_threshold,random_train_feature_benign,0.0004769285799451628,0.00014307857398354883,0.0,0.00015278962096511046,1.592218217183472e-05,2.6945231367703217e-06,0.0,3.844460100462575e-06,SimpleHome_XCS7_1002_WHT_Security_Camera
nbaiot,0.001065381697772927,-0.017315635861584307,-0.038605712882523235,0.011048723131242005,0.000543442699644292,-0.015531541109085075,-0.031128320429060774,0.00914348934440101,0.1,20,0.0036031897033763152,0.001342479947263733,-8.747643075316075e-05,0.0009854126277478352,0.030332757652169376,0.003038366115397255,-1.3536386347934304e-07,0.009333912864795247,threshold_raise,global_threshold,random_train_feature_benign,0.0017059994313335242,0.0005260164913278367,0.0,0.0005998016238194202,0.24162093497157455,0.012084775856552044,0.0,0.054027205933926695,SimpleHome_XCS7_1003_WHT_Security_Camera
nbaiot,-0.003981404104454134,-0.012004219722866628,-0.023503356036195466,0.005060916083680512,-0.006752036677466489,-0.011539720098177577,-0.018846750259399414,0.002839657135264969,0.2,20,0.0027810134397434974,0.0009191537244970874,0.0004207848997535454,0.0005271972803757796,0.03033195676748216,0.006064032193284008,2.457058689425695e-06,0.01243234062106095,threshold_raise,global_threshold,random_train_feature_benign,0.002241901132160072,0.0006949893509696229,0.0003362851698240077,0.00040758620599606193,0.0,0.0,0.0,0.0,Danmini_Doorbell
nbaiot,0.0011155727701140927,-0.00118763023966717,-0.006298943716689265,0.0019713225691303615,0.000755763385030972,-0.0012201316861642803,-0.003443525565995087,0.0009850047905871615,0.2,20,0.0003988683805004552,7.216611185042558e-05,-5.3046972165294724e-05,9.298690813897771e-05,0.030202015402418875,0.0015106780569091188,0.0,0.0067532400982172535,threshold_raise,global_threshold,random_train_feature_benign,0.001270110076206605,0.00027519051651143066,0.0,0.00039513209334747203,0.0,0.0,0.0,0.0,Ecobee_Thermostat
nbaiot,0.0015296178651728054,0.00026429345867233224,-0.0006683024931903869,0.0005590986103303545,0.0010532242556412497,0.0001641679306824878,-0.0003516588773992968,0.0003422319018679523,0.2,20,3.437535931808766e-05,-1.051210198487019e-05,-5.292125317527506e-05,2.52366445378326e-05,3.263255998475767e-07,-5.609353001118089e-08,-3.8691065767926247e-07,1.5361025666401646e-07,threshold_raise,global_threshold,random_train_feature_benign,0.0,0.0,0.0,0.0,0.0,0.0,0.0,0.0,Ennio_Doorbell
nbaiot,0.01240287960988673,0.005323937375072807,0.0001349053065461403,0.0030242120188029463,0.005837682137886657,0.004438881687819934,0.00261291075083947,0.000857739929040831,0.2,20,-0.0001424834677694536,-0.0004264748375480467,-0.0010277850800515342,0.00021923673941229323,-1.5309790549200564e-07,-0.0040290295516720335,-0.08055471448723224,0.018012277229091343,threshold_raise,global_threshold,random_train_feature_benign,-6.340349987319326e-05,-0.0002330078620339842,-0.00044382449911235106,0.00011185822194000332,0.0,-5.414554539173722e-07,-3.248732723504233e-06,8.95751623410169e-07,Philips_B120N10_Baby_Monitor
nbaiot,0.0022404062786899326,0.0006159811271125082,-0.00048808071312567147,0.0007677310153703884,0.001482176242603217,0.0007328277515868314,8.317670888369211e-05,0.0003384460249221219,0.2,20,0.0,-6.324712628207746e-05,-0.000286759244877104,6.865054164434594e-05,0.0,-1.794916885261566e-07,-7.738213153724027e-07,2.2813782996078584e-07,threshold_raise,global_threshold,random_train_feature_benign,0.0,-4.468275245755144e-06,-8.936550491510289e-05,1.9982734383376166e-05,0.0,0.0,0.0,0.0,Provision_PT_737E_Security_Camera
nbaiot,0.0017227396892631752,0.0003552171635938572,-0.0006277104660664667,0.0006235989058770432,0.0013467042810387242,0.00035629005895720657,-0.00026155908902486535,0.0003857444442019327,0.2,20,1.7974600818075875e-05,-2.9881354640160094e-05,-0.00015847999820455742,4.737773135769476e-05,0.0,-1.2604395402612822e-07,-4.592937165037725e-07,1.7344539800878393e-07,threshold_raise,global_threshold,random_train_feature_benign,5.6388857561746105e-05,2.168404344971009e-20,-5.638885756174567e-05,1.8294961219213126e-05,0.0,0.0,0.0,0.0,Provision_PT_838_Security_Camera
nbaiot,-0.005831565748223855,-0.014233117091919595,-0.022179316278018057,0.004968303066693583,-0.005853206581539538,-0.013111609328124291,-0.0199678033590317,0.0038037617777907785,0.2,20,0.0012641110100882738,0.0007712182000996411,0.00029373806339929594,0.0002856923917294957,0.030331781630081135,0.006062470035687391,6.019918259020374e-07,0.012432694107003957,threshold_raise,global_threshold,random_train_feature_benign,0.008841073711120584,0.0034299105240732848,0.0004260758414997845,0.0025507489822052926,0.6444445820126783,0.03223755076267829,0.0,0.144098583531563,Samsung_SNH_1011_N_Webcam
nbaiot,-0.001231049430153175,-0.005607223637743408,-0.011140613313645908,0.0030848146732787855,-0.0024451971054076926,-0.0053456060091654324,-0.010270444552103686,0.002573774688799071,0.2,20,0.0008475622987772701,0.0003789376075272549,0.00011053527509377262,0.000181097526826929,0.03032802828383656,0.0045444465847197715,2.985266634170092e-07,0.011094581001180968,threshold_raise,global_threshold,random_train_feature_benign,0.0007153928699177303,0.00028019554071778143,0.0,0.00027428849652779195,2.3270881635784058e-05,5.9401987333285165e-06,1.2247832440470674e-06,5.139406303738389e-06,SimpleHome_XCS7_1002_WHT_Security_Camera
nbaiot,-0.006151476826581126,-0.03342521986150707,-0.06257749743196983,0.012682916517711522,-0.013533835940891081,-0.03044437769386491,-0.049019528097576925,0.009447456208814617,0.2,20,0.004061962794265024,0.002814375451205663,0.0012812744197981704,0.0008193650910001079,0.08055870411875068,0.010103762918686348,5.090602866894556e-06,0.020684518269593232,threshold_raise,global_threshold,random_train_feature_benign,0.0022746659084446966,0.0009809496730167756,0.0002843332385555897,0.0005722096047056606,0.2416221379096305,0.012088865845942131,0.0,0.05402652654161296,SimpleHome_XCS7_1003_WHT_Security_Camera
nbaiot,-0.006716825111997338,-0.02259567714642014,-0.033859075784039794,0.007257439469393868,-0.013379593690236447,-0.0204182660910819,-0.030170649290084783,0.004269985687961705,0.4,20,0.0039279492076316974,0.00171248061014567,0.0009118464684342485,0.0006943028943333415,0.0805599070568066,0.01161140377355185,4.24147560071364e-06,0.02100991173338018,threshold_raise,global_threshold,random_train_feature_benign,0.0031386615850240995,0.00118260284721444,0.00044838022643201025,0.0006047175758299507,0.0,0.0,0.0,0.0,Danmini_Doorbell
nbaiot,0.00014556339811599983,-0.0027535773240937476,-0.0066659880421957585,0.0019000282989907256,-0.0008693522877162851,-0.00277441942857371,-0.005820610870917675,0.0012508593432505179,0.4,20,0.0004830405336069414,0.00015908437367671027,2.916574501516658e-05,0.00012088198309454701,0.030202168500324367,0.001511365257058777,1.5309790549200564e-07,0.006753114437774358,threshold_raise,global_threshold,random_train_feature_benign,0.001270110076206605,0.0005503810330228622,0.0,0.0003909316328859604,1.2154168332889626e-06,1.2154168332889626e-07,0.0,3.740974079143099e-07,Ecobee_Thermostat
nbaiot,0.0025230373554244734,0.00022182678738892349,-0.0009173995320087558,0.0009675654698962143,0.0022749404112497595,0.00036253434916337646,-0.0007129681607087046,0.0009020262894599593,0.4,20,8.351371201108628e-05,-1.87572652741404e-05,-0.00013218603457228802,5.783736403114689e-05,3.135300569168109e-07,-1.085217024424101e-07,-7.738213153724027e-07,2.826464867789275e-07,threshold_raise,global_threshold,random_train_feature_benign,0.0,0.0,0.0,0.0,0.0,0.0,0.0,0.0,Ennio_Doorbell
nbaiot,0.015776615500506797,0.007319835201788577,-0.0006046615531629662,0.004001361992999239,0.008566231860054896,0.006551633626222584,0.004513512137863329,0.001081761394925477,0.4,20,-0.0002140925929749823,-0.0005962001631129232,-0.001458276469557704,0.00030369003352278265,-3.034651624850282e-07,-0.004029607174357965,-0.08055572452052294,0.018012379017760007,threshold_raise,global_threshold,random_train_feature_benign,-0.00012680699974638478,-0.00032494293685011424,-0.0005389297489221418,0.00010633090179589429,0.0,-7.03892090098135e-07,-3.248732723504233e-06,8.801116923927717e-07,Philips_B120N10_Baby_Monitor
nbaiot,0.005514511317224691,0.002126226193978331,-0.0002891419951664975,0.0016654277768068009,0.003348586749699345,0.0018278490420844784,0.00044561649362245825,0.0007823556062131491,0.4,20,-2.891590019928579e-05,-0.00017469634864063365,-0.0007228426874151305,0.0001584086302807119,0.0,-5.845371960952473e-07,-1.4012344440733626e-06,4.421290017229808e-07,threshold_raise,global_threshold,random_train_feature_benign,0.0,-3.5746201966041066e-05,-0.0001787310098302049,6.081832416253074e-05,0.0,-3.263255998475767e-07,-1.3053023993903068e-06,5.798958085613241e-07,Provision_PT_737E_Security_Camera
nbaiot,0.003128379657263647,0.000998725868483169,-0.00043836172136624274,0.00104405558926263,0.003383675217628501,0.0010675724844137952,-0.0007575458950466185,0.0007765428623551426,0.4,20,5.950835903509961e-05,-8.892189188919483e-05,-0.000286759244877104,9.187588904880948e-05,0.0,-3.3699904077033604e-07,-9.269192208644084e-07,3.277988260340136e-07,threshold_raise,global_threshold,random_train_feature_benign,5.638885756174567e-05,-8.458328634261872e-06,-5.6388857561746105e-05,2.759447868104164e-05,0.0,-6.77160854167802e-08,-1.354321708335604e-06,3.028355403242054e-07,Provision_PT_838_Security_Camera
nbaiot,-0.014173477792616351,-0.030747663131930707,-0.04716766034076847,0.00880669251301483,-0.016786289546224797,-0.027470546099874704,-0.038994833164744946,0.006449917549323727,0.4,20,0.0027711498946147548,0.0018029780422014793,0.0008595018520756842,0.0005678254902737078,0.03033783500212716,0.00909250646462909,2.830665989175807e-06,0.014238836775778498,threshold_raise,global_threshold,random_train_feature_benign,0.02023860247123989,0.00725926714955262,0.001704303365999138,0.004707972521438905,0.6444569631537242,0.03225209860340729,6.190570522979222e-06,0.14409807401192476,Samsung_SNH_1011_N_Webcam
nbaiot,-0.005976565410572565,-0.01741984306424125,-0.040223639922415955,0.00939486740878692,-0.007213166024949813,-0.016212171481715384,-0.033804456392924176,0.007977714482470689,0.4,20,0.003185288396067143,0.0013065152178027095,0.0004569954731336745,0.0007138274756040673,0.03033900791579118,0.007579792671204481,1.4608761041007279e-06,0.01346268478812964,threshold_raise,global_threshold,random_train_feature_benign,0.0035769643495886516,0.0010253964468820848,0.0,0.0009728087874708609,5.389046273529541e-05,1.635085630719013e-05,2.4495664879831125e-06,1.3966232243885676e-05,SimpleHome_XCS7_1002_WHT_Security_Camera
nbaiot,-0.02073815687853897,-0.0458965305574168,-0.07851226581729476,0.017787927926413604,-0.01945816344685042,-0.041814256492588006,-0.06940498716301396,0.01166574556812161,0.4,20,0.005741069061589207,0.004149150306610096,0.0024233569118180687,0.001075753167387279,0.08056040505065948,0.01010707278771397,8.624317346765664e-06,0.020684606888282848,threshold_raise,global_threshold,random_train_feature_benign,0.002843332385555869,0.001407449530850156,0.0002843332385555897,0.0008918946646224148,0.24162334084768644,0.024172799645855024,1.2029380559441805e-06,0.07436589910981045,SimpleHome_XCS7_1003_WHT_Security_Camera
nbaiot,-0.0015954921497291497,-0.004864849029531932,-0.00752248095337868,0.0016599083994416083,-0.056522876024246105,-0.08730289459228517,-0.13651981353759612,0.02145503512266496,0.1,20,0.0,0.0,0.0,0.0,0.0,0.0,0.0,0.0,threshold_lower,local_threshold,low_score_benign,0.005828942943616189,0.003917722228449725,0.0026902813585920823,0.000811167026160976,0.0,0.0,0.0,0.0,Danmini_Doorbell
nbaiot,0.08467977214873346,0.03296768240372526,0.0022393299723371674,0.023097074161551,-0.003161038458347365,-0.014134153947234085,-0.02589001208543823,0.005597300157457661,0.1,20,0.0,0.0,0.0,0.0,0.0,0.0,0.0,0.0,threshold_lower,local_threshold,low_score_benign,0.02074513124470788,0.008933107535986454,0.0004233700254022005,0.005762385377621119,0.2426142157583655,0.012133080850743171,0.0,0.054249630086051714,Ecobee_Thermostat
nbaiot,0.011957358864853884,0.002648480822049888,-0.004492426867496513,0.004053343973401825,-0.0023164786398411075,-0.006740319393575202,-0.023743305355310523,0.004495810119498987,0.1,20,0.0,0.0,0.0,0.0,0.0,0.0,0.0,0.0,threshold_lower,local_threshold,low_score_benign,0.008383063370275647,0.005427678317703894,0.0032679738562091526,0.0017714151999465018,0.6487452591656131,0.0324386852085967,0.0,0.14506351523934072,Ennio_Doorbell
nbaiot,-0.0025552759644259515,-0.006257013979654567,-0.009106052682808674,0.0015214148573521639,-0.018513928353786777,-0.021606064978987122,-0.025929451361299316,0.002394585284010445,0.1,20,0.0,0.0,0.0,0.0,0.0,0.0,0.0,0.0,threshold_lower,local_threshold,low_score_benign,0.005199086989601823,0.004384352016231296,0.0039310169921379645,0.0004276923563533636,3.3570238142877074e-05,1.7976321070117818e-05,4.3316436314499995e-06,7.827927812281166e-06,Philips_B120N10_Baby_Monitor
nbaiot,0.02359338787411311,0.006335093912769675,-0.0032044099276387628,0.005631505341931008,-0.002301516011357335,-0.003585603218525659,-0.006071814149618104,0.00098573383009728,0.1,20,0.0,0.0,0.0,0.0,0.0,0.0,0.0,0.0,threshold_lower,local_threshold,low_score_benign,0.007596067917783736,0.005366398570151921,0.004021447721179627,0.0008151774932456397,6.526511997062556e-06,1.63162799927119e-06,0.0,1.790491892911249e-06,Provision_PT_737E_Security_Camera
nbaiot,-0.0038317545083605964,-0.011736971222611697,-0.01579065732374174,0.002909527684525863,-0.0037311516702175362,-0.0060736458748579135,-0.010077796876430456,0.001388112648201738,0.1,20,0.0,0.0,0.0,0.0,0.0,0.0,0.0,0.0,threshold_lower,local_threshold,low_score_benign,0.005074997180557123,0.0030337205368219235,0.0006202774331792033,0.0010451532020629476,1.760618220780774e-05,6.297595943532963e-06,0.0,4.8587983226318845e-06,Provision_PT_838_Security_Camera
nbaiot,-0.0001406932971455277,-0.008992023002651419,-0.019341506772301176,0.00499077757791806,-0.0339512616395955,-0.08831497356295623,-0.12734872102738315,0.027227874007945657,0.1,20,0.0,0.0,0.0,0.0,0.0,0.0,0.0,0.0,threshold_lower,local_threshold,low_score_benign,0.013314870046868342,0.004990413293566255,0.0014912654452492527,0.0030463746379983487,0.6444693442947702,0.0645021852713946,1.5476426307448055e-05,0.19834246880302847,Samsung_SNH_1011_N_Webcam
nbaiot,0.044643706786445025,0.018858442351256034,-0.00130644266324359,0.011362286127656154,-0.009416079521178844,-0.028788772821426334,-0.06267572641372698,0.0167425296552812,0.1,20,0.0,0.0,0.0,0.0,0.0,0.0,0.0,0.0,threshold_lower,local_threshold,low_score_benign,0.011923214498628827,0.007428162632645759,0.002146178609753184,0.002526069207362241,0.00010165700925079957,3.1048255235022196e-05,6.12391621990227e-06,2.619425596543703e-05,SimpleHome_XCS7_1002_WHT_Security_Camera
nbaiot,-0.003996254764811635,-0.031981789573477824,-0.05004271563415935,0.015002080130035388,-0.14098793864250087,-0.24705849140882363,-0.4076201260089921,0.08152725766859473,0.1,20,0.0,0.0,0.0,0.0,0.0,0.0,0.0,0.0,threshold_lower,local_threshold,low_score_benign,0.019050326983224338,0.01334944555018482,0.0051179982940005656,0.004767163940324727,0.24170393769743226,0.18127314152085056,3.849401778899253e-05,0.10733974796461637,SimpleHome_XCS7_1003_WHT_Security_Camera
nbaiot,0.000959520177432005,-0.007038378130838384,-0.012444951612486266,0.0038764932892701004,-0.10546419024467463,-0.17186716467142144,-0.23570568561553956,0.0328402034699056,0.2,20,0.0,0.0,0.0,0.0,0.0,0.0,0.0,0.0,threshold_lower,local_threshold,low_score_benign,0.010424840264544336,0.00883869521354108,0.007061988566304231,0.001015894254568181,0.0,0.0,0.0,0.0,Danmini_Doorbell
nbaiot,0.13349694958064057,0.06399691353555803,0.026343851006401298,0.03084282533557005,-0.012646701931953441,-0.025975361838936707,-0.04485359638929354,0.008284514155120758,0.2,20,0.0,0.0,0.0,0.0,0.0,0.0,0.0,0.0,threshold_lower,local_threshold,low_score_benign,0.03132938187976292,0.016532599491955968,0.0067739204064352215,0.007195946794727441,0.24261786200886526,0.03639565707257133,0.0,0.08887995331763991,Ecobee_Thermostat
nbaiot,0.030441571179783966,0.010532654635272271,-0.004001399492116031,0.009237957406995536,-0.005049528181552937,-0.013104377575218673,-0.03201507180929197,0.006552371817423507,0.2,20,0.0,0.0,0.0,0.0,0.0,0.0,0.0,0.0,threshold_lower,local_threshold,low_score_benign,0.015771526001705033,0.011295822676896845,0.007530548451264565,0.0023674737318132755,0.6487642225031606,0.06488005689001264,0.0,0.19968092878361327,Ennio_Doorbell
nbaiot,-0.0005702382244582305,-0.009296740507145454,-0.014752562413924752,0.0038877565885895872,-0.03227275572717196,-0.03925980549305692,-0.04846233874559393,0.004780227759316362,0.2,20,0.0,0.0,0.0,0.0,0.0,0.0,0.0,0.0,threshold_lower,local_threshold,low_score_benign,0.011697945726604105,0.009719756530560486,0.007925437484149124,0.000883012725355214,0.21465893179502227,0.010768141194255815,1.6243663617521165e-05,0.04799091325278567,Philips_B120N10_Baby_Monitor
nbaiot,0.0687844468142374,0.01985774400674082,-0.004228184399567736,0.01491289920936546,-0.004696900770068152,-0.00735493568703533,-0.011377891153097092,0.0016989004937276039,0.2,20,0.0,0.0,0.0,0.0,0.0,0.0,0.0,0.0,threshold_lower,local_threshold,low_score_benign,0.01662198391420911,0.012234137622877572,0.008668453976764974,0.0021646500574205156,1.1747721594623783e-05,2.6106047988194712e-06,0.0,2.9033424410191e-06,Provision_PT_737E_Security_Camera
nbaiot,-0.011674951569064534,-0.024311216868408862,-0.03722463554831923,0.005153910573520925,-0.007855534553527804,-0.012881440501660107,-0.019974905997514752,0.002975173093234369,0.2,20,0.0,0.0,0.0,0.0,0.0,0.0,0.0,0.0,threshold_lower,local_threshold,low_score_benign,0.01246193752114582,0.006890718394045337,0.002932220593210782,0.002370281506548032,3.927532954040025e-05,1.422037793701869e-05,1.3543217082245818e-06,9.937630759691856e-06,Provision_PT_838_Security_Camera
nbaiot,0.0023715029538269317,-0.01539336837552221,-0.02878090032203512,0.008760503776915965,-0.07781957387924177,-0.16852446191012932,-0.28454034179449084,0.042134200167594775,0.2,20,0.0,0.0,0.0,0.0,0.0,0.0,0.0,0.0,threshold_lower,local_threshold,low_score_benign,0.019492969748615252,0.012611844908393696,0.003408606731998297,0.004269914813270685,0.6445869651347067,0.16122799252179082,4.333399366085455e-05,0.28630138022562057,Samsung_SNH_1011_N_Webcam
nbaiot,0.1220697669292034,0.05019365155214561,0.005820352921238281,0.028332572683425487,-0.023127508163452104,-0.063665614128113,-0.1394123196601883,0.03285493039566718,0.2,20,0.0,0.0,0.0,0.0,0.0,0.0,0.0,0.0,threshold_lower,local_threshold,low_score_benign,0.025515679027065703,0.01663884583283653,0.006915464409204722,0.004857960077640803,0.00013472615683840505,5.523772430374163e-05,1.837174865970681e-05,3.2167269959559466e-05,SimpleHome_XCS7_1002_WHT_Security_Camera
nbaiot,-0.003974916756205926,-0.03470027017628583,-0.054095884513821524,0.014506986173075137,-0.22993730306625254,-0.38771334215998443,-0.5560235023498541,0.09689129603671133,0.2,20,0.0,0.0,0.0,0.0,0.0,0.0,0.0,0.0,threshold_lower,local_threshold,low_score_benign,0.029286323571225476,0.0216946261017913,0.00682399772533409,0.006009780817639828,0.24175686697189214,0.2175515879985276,7.939391168987342e-05,0.0743700152253603,SimpleHome_XCS7_1003_WHT_Security_Camera
nbaiot,0.0778824786410397,0.0221490420559842,-0.010538687432074312,0.02388008217440287,-0.19403283596038856,-0.2637275935709483,-0.3427999287843705,0.03718417149053926,0.4,20,0.0,0.0,0.0,0.0,0.0,0.0,0.0,0.0,threshold_lower,local_threshold,low_score_benign,0.038000224190113216,0.02950341889922654,0.02432462728393677,0.0030850212833403996,0.0,0.0,0.0,0.0,Danmini_Doorbell
nbaiot,0.2760127055457053,0.16544792667329494,0.07161048547880278,0.04637182823373694,-0.03754593282938007,-0.05471845898777241,-0.08469003140926418,0.013440026509764596,0.4,20,0.0,0.0,0.0,0.0,0.0,0.0,0.0,0.0,threshold_lower,local_threshold,low_score_benign,0.05715495342929721,0.03909822184589331,0.02074513124470788,0.010498134449241752,0.24262150825936513,0.048530196423514416,0.0,0.09956549530673627,Ecobee_Thermostat
nbaiot,0.1109714456688563,0.06480141732534732,0.028554321700567153,0.027696770546532967,-0.019369228929281168,-0.03264549989253295,-0.05238853879272952,0.007629419199518001,0.4,20,0.0,0.0,0.0,0.0,0.0,0.0,0.0,0.0,threshold_lower,local_threshold,low_score_benign,0.038931514634839445,0.03170645069622052,0.023586246092639956,0.0039707237109845635,0.6487737041719343,0.2270766434892541,3.1605562578751467e-06,0.3174692749453553,Ennio_Doorbell
nbaiot,0.03906527723848613,0.007409005971498258,-0.01773612257360946,0.01603936674797983,-0.058544103987515056,-0.06743086691945807,-0.08700390681624406,0.00699406366770192,0.4,20,0.0,0.0,0.0,0.0,0.0,0.0,0.0,0.0,threshold_lower,local_threshold,low_score_benign,0.02849987319300025,0.025735480598529037,0.023522698452954606,0.0013307820766491447,0.21468925330044164,0.010800682667036338,3.3570238142988096e-05,0.04799039174353526,Philips_B120N10_Baby_Monitor
nbaiot,0.17137012243649835,0.08384275144342726,0.01466751539841682,0.03390647289024152,-0.009401566535234454,-0.01616567181423307,-0.02994180358946319,0.0046999600368677966,0.4,20,0.0,0.0,0.0,0.0,0.0,0.0,0.0,0.0,threshold_lower,local_threshold,low_score_benign,0.040125111706881135,0.03288650580875782,0.026273458445040213,0.003497233926173068,0.27193887007803097,0.027198651361560945,0.0,0.0836982728513942,Provision_PT_737E_Security_Camera
nbaiot,-0.0038509799488927465,-0.04544166012438246,-0.08075987855653022,0.017766268565434177,-0.020676779001951168,-0.028343247678130866,-0.038271895051002675,0.005072759751345357,0.4,20,0.0,0.0,0.0,0.0,0.0,0.0,0.0,0.0,threshold_lower,local_threshold,low_score_benign,0.029491372504793053,0.018182587120784934,0.007443329198150446,0.005887211495552406,0.26257860144614475,0.026282034787107406,9.48025195790514e-06,0.08081056428833398,Provision_PT_838_Security_Camera
nbaiot,0.09709789556913456,0.023733682943512083,-0.032291312975181286,0.04125322109012428,-0.21658601164817814,-0.31822822622954805,-0.42606642097234804,0.0528066897222056,0.4,20,0.0,0.0,0.0,0.0,0.0,0.0,0.0,0.0,threshold_lower,local_threshold,low_score_benign,0.050063911376224964,0.03705262036642522,0.023434171282488286,0.008275514465581899,0.6447572058240887,0.45136502080031693,0.0001950029714738455,0.3029904607230544,Samsung_SNH_1011_N_Webcam
nbaiot,0.26810309910949065,0.19553784221224382,0.09324226378351025,0.047681937564889004,-0.11240966320037993,-0.21645672976970792,-0.3988142132759108,0.08706058230643941,0.4,20,0.0,0.0,0.0,0.0,0.0,0.0,0.0,0.0,threshold_lower,local_threshold,low_score_benign,0.07499701919637533,0.052152140217002506,0.03326576845117443,0.009259663875400998,0.2357279070536492,0.012005692792518046,6.368872868722786e-05,0.05265893584697158,SimpleHome_XCS7_1002_WHT_Security_Camera
nbaiot,0.04556575908603944,0.0024956651022632614,-0.043378961600832155,0.022169879021778093,-0.39687083512544635,-0.5261642895638918,-0.7296472579240799,0.092501216545896,0.4,20,0.0,0.0,0.0,0.0,0.0,0.0,0.0,0.0,threshold_lower,local_threshold,low_score_benign,0.05402331532556155,0.04266420244526585,0.02843332385555871,0.007815952748002172,0.2417797227949544,0.2175618731189056,7.939391168987342e-05,0.07437291555479013,SimpleHome_XCS7_1003_WHT_Security_Camera
nbaiot,0.003717419821959833,0.00012992165637016744,-0.0016492253247825106,0.0013188958078868918,0.04569032788276639,0.0008541536331174188,-0.025440305471420344,0.018244634809293194,0.1,20,0.0,0.0,0.0,0.0,0.0,0.0,0.0,0.0,threshold_lower,local_threshold,random_benign,0.0008967604528640274,-5.604752830400197e-05,-0.0021298060755520626,0.0007795920754154034,0.0,0.0,0.0,0.0,Danmini_Doorbell
nbaiot,0.0419611244591056,0.004043968452933128,-0.03318340038240852,0.0145758106442308,0.010751166939735934,-0.0012339739128947285,-0.020842882990837863,0.006636226281933473,0.1,20,0.0,0.0,0.0,0.0,0.0,0.0,0.0,0.0,threshold_lower,local_threshold,random_benign,0.015241320914479259,0.0012489415749364948,-0.006350550381033021,0.0042944854276691655,6.0770841663337904e-06,4.2539589164558576e-07,-2.430833666577925e-06,1.6857459971793276e-06,Ecobee_Thermostat
nbaiot,0.0015701953047872752,5.0477239378728114e-05,-0.0015934448645139598,0.000634387286258494,0.00289922133088108,-0.00018757883459332437,-0.0023625276982785215,0.0012581300985530714,0.1,20,0.0,0.0,0.0,0.0,0.0,0.0,0.0,0.0,threshold_lower,local_threshold,random_benign,0.0034100596760443316,0.0003339016766126749,-0.0017050298380221623,0.001131322313601129,0.0,0.0,0.0,0.0,Ennio_Doorbell
nbaiot,0.0012914901360421838,0.00020293865261933054,-0.0015328336081070204,0.000825426235479715,0.005999692156910805,0.0011025299318134605,-0.003627187013626146,0.0026532988356816095,0.1,20,0.0,0.0,0.0,0.0,0.0,0.0,0.0,0.0,threshold_lower,local_threshold,random_benign,0.0007925437484149131,-0.00012205173725589671,-0.0006974384986051241,0.0004508335202560769,2.1658218156694886e-06,-7.038920900925838e-07,-7.58037635484321e-06,2.515844300242921e-06,Philips_B120N10_Baby_Monitor
nbaiot,0.0017311788137247541,-5.263170440215903e-06,-0.0016487197266786824,0.0008044554106561493,0.0012926090508699056,-0.000139368027448656,-0.0013797730207443237,0.000640112737723825,0.1,20,0.0,0.0,0.0,0.0,0.0,0.0,0.0,0.0,threshold_lower,local_threshold,random_benign,0.002234137622877566,0.000192135835567471,-0.0012511170688114387,0.0008518883770911833,0.0,0.0,0.0,0.0,Provision_PT_737E_Security_Camera
nbaiot,0.0030671659082583402,-0.0004759656837846307,-0.006383007170749799,0.0019230706768640436,0.001208175718784149,-0.00013894647359847802,-0.002186007052659922,0.000750989810859023,0.1,20,0.0,0.0,0.0,0.0,0.0,0.0,0.0,0.0,threshold_lower,local_threshold,random_benign,0.0014661102966053892,0.00010713882936731695,-0.0006202774331792033,0.00044245825673922863,4.06296512489579e-06,4.06296512489579e-07,-1.354321708335604e-06,1.325503055851332e-06,Provision_PT_838_Security_Camera
nbaiot,0.0011162952896712208,-0.00042748459851186664,-0.0036831022041924344,0.0012065202471322515,0.021952790021896207,-0.006301905214786979,-0.04710210263729242,0.017022141179501564,0.1,20,0.0,0.0,0.0,0.0,0.0,0.0,0.0,0.0,threshold_lower,local_threshold,random_benign,0.001704303365999145,0.00019706007669365136,-0.00042607584149979144,0.0005478223634692708,4.333399366085455e-05,6.9643918383516246e-06,-1.2381141045958444e-05,1.4617689576755427e-05,Samsung_SNH_1011_N_Webcam
nbaiot,0.007024675060731123,-0.0004423007230313247,-0.0058828544431274166,0.0033617793825046023,0.0071509718894943175,-0.0006887090206144808,-0.014317929744719238,0.005273628776718542,0.1,20,0.0,0.0,0.0,0.0,0.0,0.0,0.0,0.0,threshold_lower,local_threshold,random_benign,0.0023846428997257585,-4.1731250745201746e-05,-0.002026946464766907,0.0013148440397182807,1.7146965415770765e-05,1.2860224061828073e-06,-2.4495664879831125e-06,4.874494779319356e-06,SimpleHome_XCS7_1002_WHT_Security_Camera
nbaiot,0.022286915705271804,-0.00048080128908499915,-0.0373380809157946,0.012662748140191473,0.1017227768897675,-0.013251492679125296,-0.28609684109686984,0.08420102634831113,0.1,20,0.0,0.0,0.0,0.0,0.0,0.0,0.0,0.0,threshold_lower,local_threshold,random_benign,0.0133636622121126,0.00036963321012226346,-0.007676997441000852,0.004187067672160909,0.24164379079463683,0.01208507659106602,-0.241616123219351,0.0952104556417949,SimpleHome_XCS7_1003_WHT_Security_Camera
nbaiot,0.00402938470853248,0.0005969947789628477,-0.0016503180785000793,0.0015762485332507475,0.045994102954863725,0.005983662605285667,-0.02787322998046865,0.02090546098309547,0.2,20,0.0,0.0,0.0,0.0,0.0,0.0,0.0,0.0,threshold_lower,local_threshold,random_benign,0.0011209505660800326,-0.0003530994283152119,-0.0023539961887680746,0.0009345167391984435,0.0,0.0,0.0,0.0,Danmini_Doorbell
nbaiot,0.01696696875310527,-0.003809459779163589,-0.05463004989513626,0.015743573364389724,0.019281247258185585,0.0025109681487083787,-0.007481145858764804,0.006896196914398689,0.2,20,0.0,0.0,0.0,0.0,0.0,0.0,0.0,0.0,threshold_lower,local_threshold,random_benign,0.006350550381033028,-0.0007408975444538532,-0.01058425063505504,0.0038775142732062175,1.2154168332889626e-06,-2.430833666522414e-07,-2.430833666577925e-06,7.481948158210259e-07,Ecobee_Thermostat
nbaiot,0.0027933975443851233,0.00019398858638852156,-0.0014411073623274429,0.0009311718485467252,0.004313790053129429,-0.000287635885179037,-0.002984125167131424,0.001482764895481443,0.2,20,0.0,0.0,0.0,0.0,0.0,0.0,0.0,0.0,threshold_lower,local_threshold,random_benign,0.003978402955385055,0.0003125888036373977,-0.004120488775220234,0.0015195807567048342,0.0,0.0,0.0,0.0,Ennio_Doorbell
nbaiot,0.00138257232496386,6.228709789618952e-05,-0.0021202043272126048,0.0008142453809824376,0.00471538081765191,-0.00016004806384458393,-0.006037602573633574,0.002776707699962523,0.2,20,0.0,0.0,0.0,0.0,0.0,0.0,0.0,0.0,threshold_lower,local_threshold,random_benign,0.001172964747654076,-3.0116662439766752e-05,-0.0008242454983515071,0.0004517945744360721,7.58037635484321e-06,1.0829109078347444e-07,-4.331643631338977e-06,2.481882394939326e-06,Philips_B120N10_Baby_Monitor
nbaiot,0.0011950531163132938,-0.00013384499614356866,-0.001887977605720681,0.0007231991377599572,0.0008619055151938559,-9.948443621404096e-06,-0.0018078885972499237,0.0006751942294059547,0.2,20,0.0,0.0,0.0,0.0,0.0,0.0,0.0,0.0,threshold_lower,local_threshold,random_benign,0.0013404825737265424,-7.596067917783784e-05,-0.0011617515638963419,0.0007365131928311067,1.305302399501329e-06,1.305302399445818e-07,0.0,4.017636014268654e-07,Provision_PT_737E_Security_Camera
nbaiot,0.005587636889161418,0.00029163436214074413,-0.004597782560614688,0.0023168527727937286,0.0020512521266937145,8.219402283428517e-05,-0.003138576447963698,0.0011066803507717212,0.2,20,0.0,0.0,0.0,0.0,0.0,0.0,0.0,0.0,threshold_lower,local_threshold,random_benign,0.0019736100146610994,-4.229164317130947e-05,-0.0010713882936731704,0.0006294835973383745,8.12593024979158e-06,1.354321708335604e-07,-4.0629651247847676e-06,2.148122220878022e-06,Provision_PT_838_Security_Camera
nbaiot,0.0019441080786802845,-0.00010944732019979586,-0.0016901742343163884,0.0011217743205126193,0.027519649267198076,-0.0031450276076792406,-0.026748555898665982,0.014829699012622995,0.2,20,0.0,0.0,0.0,0.0,0.0,0.0,0.0,0.0,threshold_lower,local_threshold,random_benign,0.0013847464848743066,7.45632722624628e-05,-0.0009586706433745151,0.0005399443563159401,2.1666996830482788e-05,3.7143423137930844e-06,-1.5476426307392543e-05,9.611399163490335e-06,Samsung_SNH_1011_N_Webcam
nbaiot,0.00909885691717438,0.0003470850154232638,-0.009334743833115111,0.0038088652392997695,0.01531414985656765,0.0012779241800310926,-0.008838450908661422,0.006182738006649813,0.2,20,0.0,0.0,0.0,0.0,0.0,0.0,0.0,0.0,threshold_lower,local_threshold,random_benign,0.002503875044712049,-0.00016692500298080525,-0.0022654107547394747,0.0014341287017285054,1.2247832439915562e-05,-6.123916220790449e-08,-1.4697398927787653e-05,6.019565200625765e-06,SimpleHome_XCS7_1002_WHT_Security_Camera
nbaiot,0.05428698685287697,0.007247383978374361,-0.03499133074812999,0.02028750127150401,0.2852048277854885,0.05782926142215613,-0.19241286516189604,0.12610018593365172,0.2,20,0.0,0.0,0.0,0.0,0.0,0.0,0.0,0.0,threshold_lower,local_threshold,random_benign,0.015069661643446117,-0.001506966164344612,-0.017628660790446407,0.006784663836147613,0.2416666466176991,-6.315424793512658e-06,-0.24162334084768644,0.07839999094150037,SimpleHome_XCS7_1003_WHT_Security_Camera
nbaiot,0.003944459552909174,-3.790920151904159e-05,-0.004564056943456074,0.002377815931585861,0.04417076110839818,-0.0051834797859188295,-0.08159929513931391,0.03405657810306488,0.4,20,0.0,0.0,0.0,0.0,0.0,0.0,0.0,0.0,threshold_lower,local_threshold,random_benign,0.0033628516982401047,0.00010649030377760347,-0.00201771101894406,0.0014922032917189935,0.0,0.0,0.0,0.0,Danmini_Doorbell
nbaiot,0.03362426538631619,-0.0022933031538342323,-0.03663842828299846,0.017274319990716734,0.022230117022990825,0.003166541829705283,-0.017281168699264715,0.010223270563651804,0.4,20,0.0,0.0,0.0,0.0,0.0,0.0,0.0,0.0,threshold_lower,local_threshold,random_benign,0.009314140558848438,-0.000994919559695173,-0.009737510584250639,0.005069798486519572,6.0770841663337904e-06,-3.6462504998668877e-07,-4.86166733315585e-06,2.0903384266173726e-06,Ecobee_Thermostat
nbaiot,0.005278818635716387,-0.00032762058419515404,-0.0060688507560627825,0.002221707960798946,0.006599006801843804,0.00034062452614305597,-0.0053581394255159676,0.0031404568643698797,0.4,20,0.0,0.0,0.0,0.0,0.0,0.0,0.0,0.0,threshold_lower,local_threshold,random_benign,0.00525717533390168,0.0001349815288434225,-0.005115089514066494,0.0027772235514513088,1.5802781289542267e-05,4.740834386868231e-07,-6.321112515805805e-06,3.874269084110823e-06,Ennio_Doorbell
nbaiot,0.003229988495018099,0.0006046728961679196,-0.001085648843733078,0.001116281055332113,0.00951962694525696,0.0019237692281603388,-0.0036292001605034013,0.00349951423148264,0.4,20,0.0,0.0,0.0,0.0,0.0,0.0,0.0,0.0,threshold_lower,local_threshold,random_benign,0.0006974384986051241,-0.00028690083692619814,-0.0014265787471468422,0.0005694693082867911,4.331643631338977e-06,-9.204742716595326e-07,-6.497465447008466e-06,2.635655702510096e-06,Philips_B120N10_Baby_Monitor
nbaiot,0.004107541055927977,1.0470149249865169e-05,-0.004941306390622513,0.0020077042907356325,0.003157069534063195,-8.480126038196283e-05,-0.0026036273688079953,0.0012901558769293426,0.4,20,0.0,0.0,0.0,0.0,0.0,0.0,0.0,0.0,threshold_lower,local_threshold,random_benign,0.003932082216264524,0.0001474530831099198,-0.0032171581769436935,0.0019182712890802327,2.610604798891636e-06,-0.013596421382941782,-0.2719323435660339,0.06080596663823128,Provision_PT_737E_Security_Camera
nbaiot,0.006672322043131118,9.790599264050125e-05,-0.006467637354928779,0.0031588618303550315,0.0028923414647579193,1.8711201846602354e-05,-0.0029123537242412567,0.001408711585554224,0.4,20,0.0,0.0,0.0,0.0,0.0,0.0,0.0,0.0,threshold_lower,local_threshold,random_benign,0.0018608322995376167,8.458328634262154e-06,-0.0015224991541671375,0.0007570389960464873,4.06296512489579e-06,5.551115123125783e-18,-5.417286833120372e-06,2.0135836887458885e-06,Provision_PT_838_Security_Camera
nbaiot,0.00504868230934985,0.0003352952526186434,-0.0029902052973012627,0.0021126880431958798,0.044430619478225686,0.00213568523526213,-0.048094168305397145,0.02358411441253423,0.4,20,0.0,0.0,0.0,0.0,0.0,0.0,0.0,0.0,threshold_lower,local_threshold,random_benign,0.0013847464848743066,-0.00014912654452492474,-0.0019173412867490372,0.0009275812654145495,4.333399366085455e-05,3.0952852615173663e-07,-3.095285261489611e-05,1.597030799546303e-05,Samsung_SNH_1011_N_Webcam
nbaiot,0.016587788540036785,-0.001008872155693384,-0.014995072895041761,0.006307811474392917,0.016511428356168256,0.0005612176656724033,-0.013352262973785556,0.00730643863105338,0.4,20,0.0,0.0,0.0,0.0,0.0,0.0,0.0,0.0,threshold_lower,local_threshold,random_benign,0.0048885179444378285,-0.00026827232621914855,-0.00524621437939668,0.002398993860960061,2.3270881635673035e-05,1.2247832437695116e-07,-1.3472615683851608e-05,8.258269197597908e-06,SimpleHome_XCS7_1002_WHT_Security_Camera
nbaiot,0.04625270254194502,-0.005273652532833633,-0.05065294726999678,0.021927152133457237,0.20723836421966235,-0.0328057539463059,-0.22416451573371138,0.1351726317034041,0.4,20,0.0,0.0,0.0,0.0,0.0,0.0,0.0,0.0,threshold_lower,local_threshold,random_benign,0.016775661074779638,0.0027295990901336368,-0.009951663349445548,0.007066846910148367,0.24167386424603454,0.04833212638548391,-4.089989390076987e-05,0.0991738908267098,SimpleHome_XCS7_1003_WHT_Security_Camera
nbaiot,0.08443586957536481,0.06339817237902654,0.05096725705519928,0.008683147562217783,0.8142300128936767,0.5310134065151207,0.2557361602783201,0.16000287160746293,0.1,20,0.0,0.0,0.0,0.0,0.0,0.0,0.0,0.0,threshold_raise,local_threshold,high_score_benign,-0.017038448604416542,-0.019611030153570227,-0.02342786683107275,0.0016931744504513617,0.0,-9.290322580457478e-07,-4.129032258104459e-06,9.991288170874076e-07,Danmini_Doorbell
nbaiot,0.019249753966848915,-0.03429451623833276,-0.13214163061289158,0.04264767499961266,0.13351542800664878,0.0975201123952867,0.051420718431473,0.027492017454473976,0.1,20,0.0,0.0,0.0,0.0,0.0,0.0,0.0,0.0,threshold_raise,local_threshold,high_score_benign,-0.01735817104149026,-0.03408128704487722,-0.04911092294665537,0.010031467114953434,-2.430833666577925e-06,-0.04853408575738089,-0.24263001617719804,0.09956661761750402,Ecobee_Thermostat
nbaiot,0.03676401348112596,0.0290185233124151,0.007814289041029099,0.006705033551840622,0.40277051702141775,0.2123588885739435,0.07446422576904313,0.0868576850824498,0.1,20,0.0,0.0,0.0,0.0,0.0,0.0,0.0,0.0,threshold_raise,local_threshold,high_score_benign,-0.014919011082693948,-0.01873401534526854,-0.02216538789428815,0.0018789261018443335,-9.481668773680951e-06,-0.1946559734513274,-0.64878002528445,0.3050090481194524,Ennio_Doorbell
nbaiot,0.08326253260657679,0.07230423144880374,0.06316253165686503,0.005736990826781825,0.22488967329263682,0.19035437174141406,0.16013449914753486,0.017869187738408624,0.1,20,0.0,0.0,0.0,0.0,0.0,0.0,0.0,0.0,threshold_raise,local_threshold,high_score_benign,-0.019052751711894498,-0.020615647983768703,-0.022698452954603095,0.0009199604163357926,-5.6311367207517726e-05,-0.1825044372274448,-0.21473798429129431,0.07862979488943062,Philips_B120N10_Baby_Monitor
nbaiot,0.05205016797300677,0.03366598822778296,0.008293422928835864,0.011625103858116976,0.04541033096611502,0.031232242807745857,0.018329811096191473,0.009055673329725658,0.1,20,0.0,0.0,0.0,0.0,0.0,0.0,0.0,0.0,threshold_raise,local_threshold,high_score_benign,-0.020554066130473638,-0.024512957998212688,-0.029043789097408398,0.002174955759208803,0.0,-0.013607385923096788,-0.2719662814284185,0.06081137434784884,Provision_PT_737E_Security_Camera
nbaiot,0.13291924244645903,0.06591573206839088,0.01792471323057704,0.028349427006879927,0.0736811213195325,0.04157421976327898,0.02110417187213906,0.017547878898531138,0.1,20,0.0,0.0,0.0,0.0,0.0,0.0,0.0,0.0,threshold_raise,local_threshold,high_score_benign,-0.0028194428780872896,-0.012882034509980827,-0.023739709033494982,0.005934888662299359,-4.06296512489579e-06,-0.05254260357513844,-0.26261923109739327,0.10776061087127103,Provision_PT_838_Security_Camera
nbaiot,0.07737364006315789,0.051497522730526935,0.03929695087455515,0.01018568183564655,1.1834624677896506,0.89046100720763,0.686136436462403,0.14108164969160955,0.1,20,0.0,0.0,0.0,0.0,0.0,0.0,0.0,0.0,threshold_raise,local_threshold,high_score_benign,-0.009799744354495099,-0.01476352790796762,-0.02609714529186195,0.004354939848108084,-0.00010833498415213638,-0.06463698494453247,-0.6447231576862122,0.19836676718904492,Samsung_SNH_1011_N_Webcam
nbaiot,0.059325698774656876,0.008431387962829438,-0.056160097528875186,0.03365669466245023,0.29698789119720503,0.14071845531463653,0.07232195138931274,0.052534333600859934,0.1,20,0.0,0.0,0.0,0.0,0.0,0.0,0.0,0.0,threshold_raise,local_threshold,high_score_benign,-0.019434839632764996,-0.030529390723739124,-0.05031596518421366,0.007397297795126918,-4.8991329759440205e-05,-0.00014519805357447458,-0.0004739911154223453,9.390474545898287e-05,SimpleHome_XCS7_1002_WHT_Security_Camera
nbaiot,0.15181863509225452,0.0985084963569923,0.05415111659867189,0.022959485640911926,0.9393164157867435,0.6353128024935746,0.449461054801945,0.13075978035211114,0.1,20,0.0,0.0,0.0,0.0,0.0,0.0,0.0,0.0,threshold_raise,local_threshold,high_score_benign,-0.012226329257890247,-0.02037247654250782,-0.03184532271822576,0.005240633828472219,-2.8870513341772153e-05,-0.024223503484911563,-0.24167627012214632,0.07436439923823905,SimpleHome_XCS7_1003_WHT_Security_Camera
nbaiot,0.12500827180415663,0.10780760147720925,0.0901045352066725,0.009968285789676576,1.0025434970855711,0.7141281181573864,0.5295230150222784,0.13175742652371908,0.2,20,0.0,0.0,0.0,0.0,0.0,0.0,0.0,0.0,threshold_raise,local_threshold,high_score_benign,-0.024548817397152783,-0.027990135635018492,-0.029817285057728952,0.0013734082375845519,-1.0322580644706036e-06,-2.2193548386895134e-06,-6.1935483870456665e-06,1.5806486261761593e-06,Danmini_Doorbell
nbaiot,0.05571256695027432,-0.004987100784054357,-0.10054638758267109,0.04310138452694555,0.21691588908433973,0.14856269359588636,0.07571161389350928,0.032982928974356444,0.2,20,0.0,0.0,0.0,0.0,0.0,0.0,0.0,0.0,threshold_raise,local_threshold,high_score_benign,-0.021168501270110072,-0.042845046570702795,-0.056731583403895,0.010349096832990711,-3.6462504998668877e-06,-0.09706039284702883,-0.24264217034553082,0.12194557513630698,Ecobee_Thermostat
nbaiot,0.07244299488966183,0.04885990399397381,0.026955205260900783,0.009941712841323466,1.6134343191981315,1.1649727116152613,0.8647730715572834,0.2309512940167755,0.2,20,0.0,0.0,0.0,0.0,0.0,0.0,0.0,0.0,threshold_raise,local_threshold,high_score_benign,-0.01804489911906792,-0.024111963626030124,-0.0312588803637397,0.003214076522549582,-0.0001580278128950896,-0.19482869785082174,-0.6489791403286979,0.3050129772550424,Ennio_Doorbell
nbaiot,0.13038835546003913,0.11073304557023297,0.09655750685540165,0.008848863973309135,0.3593967072665683,0.3103855863958596,0.26214861385524263,0.0241024811758015,0.2,20,0.0,0.0,0.0,0.0,0.0,0.0,0.0,0.0,threshold_raise,local_threshold,high_score_benign,-0.02634415419731169,-0.02756942683236115,-0.02869008369261983,0.0007850180623757401,-8.663287262700159e-05,-0.19325996250962438,-0.21476072542035896,0.06606277547404445,Philips_B120N10_Baby_Monitor
nbaiot,0.08599590668925616,0.07250754552998796,0.05444916367455338,0.008583385767810496,0.1117023214697835,0.06629888061434021,0.040256005525589056,0.0209208226804689,0.2,20,0.0,0.0,0.0,0.0,0.0,0.0,0.0,0.0,threshold_raise,local_threshold,high_score_benign,-0.029401251117068813,-0.033404825737265414,-0.038337801608579095,0.0026022981767480986,-2.6106047987806136e-06,-0.02721627294395292,-0.2719858609644097,0.08370764800925212,Provision_PT_737E_Security_Camera
nbaiot,0.14890341470595536,0.08644190935778566,0.022347608590729706,0.033751881851130254,0.10978871583938593,0.06475143149495129,0.03156991526484487,0.024985400682586402,0.2,20,0.0,0.0,0.0,0.0,0.0,0.0,0.0,0.0,threshold_raise,local_threshold,high_score_benign,-0.0034961091688282394,-0.016194879891733394,-0.025938874478403068,0.006791734234787006,-6.771608541455976e-06,-0.05255492790268386,-0.26264496320985076,0.10776436302496656,Provision_PT_838_Security_Camera
nbaiot,0.10128999467989613,0.0825278348281012,0.06671644290653045,0.011176971035464982,1.75167206823826,1.4459901548922054,1.1133126735687262,0.15601979424576004,0.2,20,0.0,0.0,0.0,0.0,0.0,0.0,0.0,0.0,threshold_raise,local_threshold,high_score_benign,-0.016084363016616955,-0.02079782701320835,-0.03057094162760971,0.0041383065253489055,-0.00015785954833597016,-0.06470895032686211,-0.6447695869651346,0.1983606795310544,Samsung_SNH_1011_N_Webcam
nbaiot,0.10745027022671688,0.046251821506909915,-0.012539264706908304,0.036955725951694364,0.368732333183289,0.20067010641098082,0.10041291713714606,0.06474203815510061,0.2,20,0.0,0.0,0.0,0.0,0.0,0.0,0.0,0.0,threshold_raise,local_threshold,high_score_benign,-0.029331107666626926,-0.03988315249791344,-0.059377608203171575,0.008210175480252473,-6.981264490724115e-05,-0.0001938831875229141,-0.0005548268095253439,0.00010936191454813274,SimpleHome_XCS7_1002_WHT_Security_Camera
nbaiot,0.1657420123661441,0.12224924064197078,0.08822254281851527,0.019474477005239608,1.2648023247718811,0.9851996180415179,0.5836828231811532,0.16608391263912659,0.2,20,0.0,0.0,0.0,0.0,0.0,0.0,0.0,0.0,threshold_raise,local_threshold,high_score_benign,-0.01677566107477964,-0.024168325277224907,-0.03383565538811487,0.004781890887847557,-3.729107973304835e-05,-0.024246960777001746,-0.24171837295410314,0.07436625213483293,SimpleHome_XCS7_1003_WHT_Security_Camera
nbaiot,0.16461462924265785,0.13858110281941582,0.12305613512837199,0.010725023875824392,2.005768394470214,1.5422724312543896,1.1210501194000235,0.24016813143164253,0.4,20,0.0,0.0,0.0,0.0,0.0,0.0,0.0,0.0,threshold_raise,local_threshold,high_score_benign,-0.031162425737025,-0.03300078466539626,-0.0344131823786571,0.0008701106222599179,-7.225806451627292e-06,-0.030651922580645162,-0.20424051612903227,0.07481470060797324,Danmini_Doorbell
nbaiot,0.09591994065386061,0.032659949910411136,-0.046175559444316894,0.039262176411904375,0.3107117846608168,0.21144833542406555,0.13217059373855627,0.041806113097711844,0.4,20,0.0,0.0,0.0,0.0,0.0,0.0,0.0,0.0,threshold_raise,local_threshold,high_score_benign,-0.030059271803556307,-0.05027519051651143,-0.06562235393734123,0.010740304188188065,-1.2154168332778603e-05,-0.1213257037567319,-0.24264824742969726,0.12445784335269557,Ecobee_Thermostat
nbaiot,0.11990266025522245,0.09987679846299698,0.07681913061138818,0.013018014973166622,2.5347540833055975,1.8038041706010635,1.4063259966671422,0.27165753538565984,0.4,20,0.0,0.0,0.0,0.0,0.0,0.0,0.0,0.0,threshold_raise,local_threshold,high_score_benign,-0.026996305768684285,-0.034533958510940606,-0.038221085535663536,0.003396470570531396,-0.0002560050568899963,-0.1949072376738306,-0.6490549936788874,0.3050076335407464,Ennio_Doorbell
nbaiot,0.15503487886060424,0.13391308029991061,0.1173620467298021,0.010822367880596779,0.5815217986702914,0.4752084799110892,0.3887286677956579,0.05142900082947551,0.4,20,0.0,0.0,0.0,0.0,0.0,0.0,0.0,0.0,threshold_raise,local_threshold,high_score_benign,-0.029672837940654326,-0.031313403499873195,-0.032684504184630994,0.0007366731220739967,-0.00011153982350720071,-0.19327680177424125,-0.2147715545294373,0.06606112734829485,Philips_B120N10_Baby_Monitor
nbaiot,0.12930343835971575,0.1108957247890849,0.0941504280131305,0.009330327514633283,0.18143562115728856,0.12204536546021694,0.058618751168251104,0.027839348494892672,0.4,20,0.0,0.0,0.0,0.0,0.0,0.0,0.0,0.0,threshold_raise,local_threshold,high_score_benign,-0.03601429848078642,-0.04037980339588919,-0.04450402144772118,0.002526353248996864,-1.1747721594623783e-05,-0.02723448191242465,-0.27200805110519954,0.08371012612696682,Provision_PT_737E_Security_Camera
nbaiot,0.1564442927426411,0.10149374121798645,0.024204014800545848,0.03637514200539311,0.14076980948448176,0.09641141880303647,0.04791711494326589,0.029141397386548158,0.4,20,0.0,0.0,0.0,0.0,0.0,0.0,0.0,0.0,threshold_raise,local_threshold,high_score_benign,-0.003778053456636968,-0.018495545280252622,-0.02706665162963798,0.007302944295203927,-1.218889537468737e-05,-0.052566710501545974,-0.2626544434618088,0.10776682927893712,Provision_PT_838_Security_Camera
nbaiot,0.1383339463729295,0.11425796457458359,0.08951656990509005,0.013345193159551254,2.9902838289737703,2.3716074140369847,1.8564885258674617,0.30600063186454296,0.4,20,0.0,0.0,0.0,0.0,0.0,0.0,0.0,0.0,threshold_raise,local_threshold,high_score_benign,-0.02183638687686408,-0.02620899020025564,-0.037388155091606305,0.004246364554134657,-0.0001980982567353351,-0.06475847489104594,-0.6448376832408874,0.19837020692281968,Samsung_SNH_1011_N_Webcam
nbaiot,0.14170571292991485,0.0979088476624008,0.03820523477371279,0.03118086457838648,0.5014900803566028,0.32894231140613595,0.22718194723129315,0.07298763448113442,0.4,20,0.0,0.0,0.0,0.0,0.0,0.0,0.0,0.0,threshold_raise,local_threshold,high_score_benign,-0.035888875640872786,-0.049224991057589124,-0.07225467986169071,0.008675598905381813,-0.00012370310764253656,-0.00031133990062109376,-0.0006564838187761435,0.00013942248217549674,SimpleHome_XCS7_1002_WHT_Security_Camera
nbaiot,0.16979195712625778,0.13905745368580608,0.11411554655240708,0.01694013848038542,1.8612958192825326,1.4575449380278613,1.0308293819427532,0.20075834402128326,0.4,20,0.0,0.0,0.0,0.0,0.0,0.0,0.0,0.0,threshold_raise,local_threshold,high_score_benign,-0.020756326414557862,-0.026713107762297413,-0.0352573215808928,0.004516924928624594,-7.337922141037456e-05,-0.02427210218237022,-0.24175085228161264,0.07436711595128996,SimpleHome_XCS7_1003_WHT_Security_Camera
nbaiot,0.007285622188231866,0.0046614067500208595,0.0014783294394944968,0.0016309542707721766,0.11750769615173307,0.07135368406772587,0.012978041172027832,0.026566391697423496,0.1,20,0.0,0.0,0.0,0.0,0.0,0.0,0.0,0.0,threshold_raise,local_threshold,high_score_train_feature_benign,-0.0007846653962560249,-0.0025781863019840824,-0.003811231924672122,0.0007488719887490753,0.0,0.0,0.0,0.0,Danmini_Doorbell
nbaiot,0.0013774140653630418,-0.036483705480504315,-0.14267528980941624,0.03305124959343136,0.07217009961604814,0.03301333233714081,0.010113732516765561,0.017151270770189783,0.1,20,0.0,0.0,0.0,0.0,0.0,0.0,0.0,0.0,threshold_raise,local_threshold,high_score_train_feature_benign,-0.00508044030482642,-0.014352243861134628,-0.03429297205757832,0.008341571414211917,0.0,-0.024265250138861362,-0.2426239390930317,0.0746756412229366,Ecobee_Thermostat
nbaiot,0.03146159767697515,0.01970604983626579,-0.0033765002156278534,0.008606472142210452,0.08413869291543971,0.042552845738827866,0.024787291884422302,0.015155706615810415,0.1,20,0.0,0.0,0.0,0.0,0.0,0.0,0.0,0.0,threshold_raise,local_threshold,high_score_train_feature_benign,-0.010372264847968174,-0.015380789997158278,-0.019181585677749358,0.002363149985516382,0.0,-0.16219927307206067,-0.6487642225031605,0.2882094621919444,Ennio_Doorbell
nbaiot,0.055956945930598134,0.04374728312475167,0.03426228696490469,0.005004578222049735,0.15309741944074629,0.12779692471027373,0.10686842352151879,0.012067164291472785,0.1,20,0.0,0.0,0.0,0.0,0.0,0.0,0.0,0.0,threshold_raise,local_threshold,high_score_train_feature_benign,-0.012141770225716459,-0.014438562008622877,-0.017467664215064675,0.001218873755513437,-2.8155683603703352e-05,-0.10736563512183288,-0.21471416025132195,0.11009637889518352,Philips_B120N10_Baby_Monitor
nbaiot,0.06341937470321268,0.048815549627562134,0.003657571822278771,0.013942078168800637,0.07188167721033091,0.043162780255079185,0.01962780058383931,0.013130620961580889,0.1,20,0.0,0.0,0.0,0.0,0.0,0.0,0.0,0.0,threshold_raise,local_threshold,high_score_train_feature_benign,-0.022162645218945485,-0.028378016085790887,-0.03413762287756926,0.003075889511721074,-2.6106047987806136e-06,-0.027208180069076583,-0.27197541854521445,0.08370751370131972,Provision_PT_737E_Security_Camera
nbaiot,0.1345358525165974,0.061673932252898835,0.014637874071767976,0.025462643486025727,0.07316493764519699,0.03815330259501938,0.02546524554491042,0.012659381826704542,0.1,20,0.0,0.0,0.0,0.0,0.0,0.0,0.0,0.0,threshold_raise,local_threshold,high_score_train_feature_benign,-0.0023119431600315777,-0.012160257133190482,-0.023965264463741965,0.005328995138501551,-5.417286833120372e-06,-0.05254138468560099,-0.26262193974080983,0.10776123598009837,Provision_PT_838_Security_Camera
nbaiot,0.0069419471312985315,0.002322826898710209,-0.0012719166548392224,0.0022303711540610925,0.07453852295875696,0.02390612676739682,-0.018503019213677585,0.023821988539454022,0.1,20,0.0,0.0,0.0,0.0,0.0,0.0,0.0,0.0,threshold_raise,local_threshold,high_score_train_feature_benign,0.00042607584149978797,-0.0011131231359181935,-0.0039412015338730275,0.0011168996147252772,6.190570522979222e-06,-1.3154962361328072e-05,-4.333399366085455e-05,1.3580508969195022e-05,Samsung_SNH_1011_N_Webcam
nbaiot,0.011423499169645412,-0.001569386078228889,-0.02278320467918682,0.007490737770154439,0.017845308780670144,0.0026616269350052844,-0.00922930240631148,0.007566262865897777,0.1,20,0.0,0.0,0.0,0.0,0.0,0.0,0.0,0.0,threshold_raise,local_threshold,high_score_train_feature_benign,0.0027423393346846306,-0.0007213544771670459,-0.007392392989149871,0.0025731341405801,9.79826595193245e-06,-2.5108056501799146e-06,-1.7146965415770765e-05,7.94222591464294e-06,SimpleHome_XCS7_1002_WHT_Security_Camera
nbaiot,0.05384182187452463,0.007836938021162521,-0.022432569223551607,0.018148692380069747,0.3667545080184944,0.07886389285326098,-0.11930888891219515,0.11445288424308057,0.1,20,0.0,0.0,0.0,0.0,0.0,0.0,0.0,0.0,threshold_raise,local_threshold,high_score_train_feature_benign,0.006255331248222914,-0.002232015922661359,-0.015353994882001707,0.005195785856159092,0.24162454378574227,0.012069318102533644,-4.8117522236212906e-05,0.05403169591683729,SimpleHome_XCS7_1003_WHT_Security_Camera
nbaiot,0.011381678340761148,0.008389887401580077,0.005889648584665563,0.0013988857600367038,0.20683436393737764,0.12873708248138388,0.08723000288009508,0.02474646432964891,0.2,20,0.0,0.0,0.0,0.0,0.0,0.0,0.0,0.0,threshold_raise,local_threshold,high_score_train_feature_benign,-0.002466091245376084,-0.004349288196390541,-0.006725703396480216,0.000981004508199649,0.0,0.0,0.0,0.0,Danmini_Doorbell
nbaiot,0.01578601139130531,-0.04346043190612761,-0.1389141269947442,0.039670641679570094,0.12202776521444325,0.07082235962152476,0.028129573166370325,0.026467166148742886,0.2,20,0.0,0.0,0.0,0.0,0.0,0.0,0.0,0.0,threshold_raise,local_threshold,high_score_train_feature_benign,-0.01143099068585944,-0.02747671464860288,-0.046570702794242164,0.01114296970665308,-1.2154168331779402e-06,-0.036399911031487785,-0.24263001617719804,0.0888819614670396,Ecobee_Thermostat
nbaiot,0.03676401348112596,0.028763570294152812,0.007415124080443758,0.006613324496733137,0.23533163070678675,0.13527544755488524,0.07714997231960302,0.03841311909649412,0.2,20,0.0,0.0,0.0,0.0,0.0,0.0,0.0,0.0,threshold_raise,local_threshold,high_score_train_feature_benign,-0.014919011082693948,-0.01865586814435919,-0.022023302074452966,0.0018646351087187587,-6.321112515805805e-06,-0.19464933628318584,-0.64878002528445,0.30501067545704685,Ennio_Doorbell
nbaiot,0.10863087345178402,0.08524820124531944,0.06592530116293804,0.009681234004649592,0.27229310870170614,0.22198176823556431,0.19136682003736513,0.018222058581358332,0.2,20,0.0,0.0,0.0,0.0,0.0,0.0,0.0,0.0,threshold_raise,local_threshold,high_score_train_feature_benign,-0.019972102460055794,-0.023055097641389806,-0.025266294699467413,0.001572385099306601,-6.172592174669145e-05,-0.1932444227380969,-0.21475531086581978,0.06606227660639341,Philips_B120N10_Baby_Monitor
nbaiot,0.12564249377327746,0.10099110467798855,0.08643364331071512,0.011193619101774575,0.14711336717009516,0.10850677687674737,0.07362565770745214,0.020027369990375746,0.2,20,0.0,0.0,0.0,0.0,0.0,0.0,0.0,0.0,threshold_raise,local_threshold,high_score_train_feature_benign,-0.03297587131367292,-0.03863270777479892,-0.044057193923145666,0.0032619343527080184,-1.0442419195233477e-05,-0.0272297175586668,-0.27200805110519954,0.0837117550573137,Provision_PT_737E_Security_Camera
nbaiot,0.15602270264892387,0.10066357536597184,0.024948793458776264,0.0342047773873809,0.1277908943593505,0.09257567614316953,0.06368452757596968,0.019961630230876878,0.2,20,0.0,0.0,0.0,0.0,0.0,0.0,0.0,0.0,threshold_raise,local_threshold,high_score_train_feature_benign,-0.00389083117176046,-0.018377128679372957,-0.02706665162963798,0.007012387278407653,-1.760618220780774e-05,-0.05256725223022927,-0.2626544434618088,0.10776637727528747,Provision_PT_838_Security_Camera
nbaiot,0.019410737350076424,0.0031720369482291138,-0.005504158169867601,0.005396453102899678,0.09669282138347701,0.031775970309972694,-0.07019248008728196,0.04926438400107886,0.2,20,0.0,0.0,0.0,0.0,0.0,0.0,0.0,0.0,threshold_raise,local_threshold,high_score_train_feature_benign,0.0019173412867490407,-0.0015711546655304645,-0.010545377077119729,0.002707094199031302,2.4762282091916887e-05,-1.8262183042785927e-05,-6.190570522979222e-05,2.5856092134536065e-05,Samsung_SNH_1011_N_Webcam
nbaiot,0.016105248826348395,0.0016342531524044246,-0.013615716221358931,0.006449171894800348,0.021030080318450217,-0.004149905443191349,-0.04621816873550455,0.012624101646929564,0.2,20,0.0,0.0,0.0,0.0,0.0,0.0,0.0,0.0,threshold_raise,local_threshold,high_score_train_feature_benign,0.007750089424108743,0.0007630857279122434,-0.006080839394300708,0.0028438409069559112,6.00143789553087e-05,5.144089624720127e-06,-9.79826595193245e-06,1.4495099242280287e-05,SimpleHome_XCS7_1002_WHT_Security_Camera
nbaiot,0.0516899404909647,0.01377117500803357,-0.0038692352401911156,0.015935137644142543,0.216099357604978,0.08512489348650104,-0.09802199602127093,0.0727254649632284,0.2,20,0.0,0.0,0.0,0.0,0.0,0.0,0.0,0.0,threshold_raise,local_threshold,high_score_train_feature_benign,0.0008529997156667621,-0.0039095820301393224,-0.014785328404890531,0.0046719580148679085,1.6841132782663415e-05,-1.3954081448519506e-05,-4.8117522236212906e-05,1.4484766581131529e-05,SimpleHome_XCS7_1003_WHT_Security_Camera
nbaiot,0.018140550526415333,0.012051449281802377,0.007416524203891717,0.0027824332447577526,0.2411604166030875,0.18471728146076158,0.09302028417587127,0.04001487758562062,0.4,20,0.0,0.0,0.0,0.0,0.0,0.0,0.0,0.0,threshold_raise,local_threshold,high_score_train_feature_benign,-0.0035870418114561167,-0.005812128685124986,-0.009864364981504316,0.0014625697763891118,0.0,0.0,0.0,0.0,Danmini_Doorbell
nbaiot,0.09075915428355358,0.013421493946538498,-0.06856372163164554,0.040400332533343845,0.2349152892827987,0.17399550214409804,0.10125632286071751,0.03630219287798109,0.4,20,0.0,0.0,0.0,0.0,0.0,0.0,0.0,0.0,threshold_raise,local_threshold,high_score_train_feature_benign,-0.027942421676545297,-0.04633784928027095,-0.06646909398814564,0.012187480929953753,-6.0770841663337904e-06,-0.10919262290598872,-0.24263609326136448,0.1238333388722086,Ecobee_Thermostat
nbaiot,0.037676554350243585,0.03012691336725908,0.00862654690680742,0.006661639691564449,0.48972181826829675,0.36398302387445974,0.2932842671871181,0.052940358639885464,0.4,20,0.0,0.0,0.0,0.0,0.0,0.0,0.0,0.0,threshold_raise,local_threshold,high_score_train_feature_benign,-0.015061096902529127,-0.01907502131287298,-0.02244955953395851,0.001905654141351039,-2.528445006322322e-05,-0.19467161820480405,-0.6487863463969659,0.30500561627033407,Ennio_Doorbell
nbaiot,0.15032250750226694,0.12587063428295325,0.10627076820166637,0.011164829927565734,0.5228065833449365,0.4085638444870712,0.356257076561451,0.0401076767467371,0.4,20,0.0,0.0,0.0,0.0,0.0,0.0,0.0,0.0,threshold_raise,local_threshold,high_score_train_feature_benign,-0.02799264519401471,-0.030032652802434695,-0.03227238143545524,0.0009452100512821071,-9.529615988967954e-05,-0.1932711164919751,-0.21476722288580596,0.06606307166091063,Philips_B120N10_Baby_Monitor
nbaiot,0.1856975340354407,0.16501162717342382,0.15118671570341113,0.009583738280309426,0.3897000454366204,0.3269780140742654,0.25331136658787695,0.03420718830374748,0.4,20,0.0,0.0,0.0,0.0,0.0,0.0,0.0,0.0,threshold_raise,local_threshold,high_score_train_feature_benign,-0.04369973190348525,-0.04864164432529043,-0.052815013404825736,0.0027231369528353507,-6.395981757090219e-05,-0.04088566073102155,-0.27208897985396274,0.09964008856051702,Provision_PT_737E_Security_Camera
nbaiot,0.18308320052389376,0.12080251817750895,0.04280991481743657,0.03644601739103295,0.39020646885037513,0.330586211755872,0.2531885415315628,0.03312497547793229,0.4,20,0.0,0.0,0.0,0.0,0.0,0.0,0.0,0.0,threshold_raise,local_threshold,high_score_train_feature_benign,-0.006541107477162512,-0.021300890943949477,-0.03247998195556558,0.0073217997077224895,-5.823583345632155e-05,-0.06573701510204137,-0.26269236446964084,0.11666034483707699,Provision_PT_838_Security_Camera
nbaiot,0.022004974386868603,0.005650418001684282,-0.005128384060693714,0.006457180330948711,0.15111091136932298,0.05987514033913614,-0.07304812967777463,0.06162188937929604,0.4,20,0.0,0.0,0.0,0.0,0.0,0.0,0.0,0.0,threshold_raise,local_threshold,high_score_train_feature_benign,0.0017043033659991519,-0.0025138474648487433,-0.011504047720494244,0.003264053593410859,3.714342313787533e-05,-0.032249003318145786,-0.6444507725832012,0.14409734820973558,Samsung_SNH_1011_N_Webcam
nbaiot,0.03706560656754038,0.0032623527553832174,-0.04677603094562477,0.019488612071202824,0.07409377098083503,-0.006976324319839772,-0.09789583683014758,0.037544423754062896,0.4,20,0.0,0.0,0.0,0.0,0.0,0.0,0.0,0.0,threshold_raise,local_threshold,high_score_train_feature_benign,0.014665553833313465,0.0005961607249314403,-0.01705019673303923,0.008196174465354472,7.226221139511324e-05,2.020892352561088e-06,-5.5115245979342475e-05,3.105171655189667e-05,SimpleHome_XCS7_1002_WHT_Security_Camera
nbaiot,0.07944280313083607,0.015912715954983024,-0.0038692352401911156,0.019910261290166802,0.22824291586876017,0.08687256246805435,-0.14041876792907848,0.09417403294895833,0.4,20,0.0,0.0,0.0,0.0,0.0,0.0,0.0,0.0,threshold_raise,local_threshold,high_score_train_feature_benign,0.0022746659084446966,-0.004236565254478249,-0.020187659937446686,0.005425438341396232,0.2416461966707486,-1.3773640740138981e-05,-0.24162334084768644,0.07839667289393412,SimpleHome_XCS7_1003_WHT_Security_Camera
nbaiot,0.00402938470853248,0.00019528772315798997,-0.002117106752246578,0.001696623533771994,0.04895384311676004,0.0023425677418706103,-0.031698304414748635,0.0237914075124867,0.1,20,0.0,0.0,0.0,0.0,0.0,0.0,0.0,0.0,threshold_raise,local_threshold,random_benign,0.0016814258491200523,-0.00010649030377760452,-0.0023539961887680746,0.001063100539075639,0.0,0.0,0.0,0.0,Danmini_Doorbell
nbaiot,0.020934512309433495,-0.0012964461016012855,-0.03752800170368448,0.011719053644388721,0.009117162227630593,0.00029590524733075495,-0.01283665299415604,0.0054779872286135,0.1,20,0.0,0.0,0.0,0.0,0.0,0.0,0.0,0.0,threshold_raise,local_threshold,random_benign,0.0076206604572396225,-0.0002328535139712106,-0.007197290431837422,0.0029698704092191172,6.0770841663337904e-06,3.0385420832224064e-07,-2.430833666577925e-06,1.8443250932034113e-06,Ecobee_Thermostat
nbaiot,0.0015701953047872752,-3.282882755015482e-05,-0.0017493255250580209,0.0006739014426033967,0.0029531314969062084,-7.497206330309147e-05,-0.0067998625338085705,0.001979603344926781,0.1,20,0.0,0.0,0.0,0.0,0.0,0.0,0.0,0.0,threshold_raise,local_threshold,random_benign,0.0034100596760443316,-7.104290991758258e-06,-0.0014208581983518043,0.0010198920168605701,0.0,0.0,0.0,0.0,Ennio_Doorbell
nbaiot,0.0014145139871863943,-3.540695092228846e-05,-0.0015976600034919852,0.0007537281728150447,0.004942199960351043,0.00015549737960098703,-0.004506719112396362,0.0022448456685116767,0.1,20,0.0,0.0,0.0,0.0,0.0,0.0,0.0,0.0,threshold_raise,local_threshold,random_benign,0.0008559472482881081,9.510524980978901e-06,-0.0007608419984783121,0.00039409348253659237,3.248732723504233e-06,-2.1658218156694887e-07,-4.331643631338977e-06,1.7776690378805265e-06,Philips_B120N10_Baby_Monitor
nbaiot,0.0010627356693317935,0.00012203201472650304,-0.0008122013591442823,0.0005025299532763017,0.0013336032629013422,-9.080098941922077e-05,-0.0009986996650696023,0.0005739574303689399,0.1,20,0.0,0.0,0.0,0.0,0.0,0.0,0.0,0.0,threshold_raise,local_threshold,random_benign,0.0013404825737265424,0.00018319928507596096,-0.001519213583556743,0.0007039483679466648,0.0,0.0,0.0,0.0,Provision_PT_737E_Security_Camera
nbaiot,0.0030671659082583402,-0.00013199364518828583,-0.003303012152510665,0.0017275577454307148,0.0012837119400500308,-5.0752274692061894e-05,-0.0014181077480316107,0.0007076233054201492,0.1,20,0.0,0.0,0.0,0.0,0.0,0.0,0.0,0.0,threshold_raise,local_threshold,random_benign,0.001071388293673172,7.048607195218256e-05,-0.0007330551483026963,0.0004439591915262234,5.417286833231394e-06,7.448769395623777e-07,-1.354321708335604e-06,1.7285238090805957e-06,Provision_PT_838_Security_Camera
nbaiot,0.0010614897015235325,-0.0002453890350850002,-0.0013560111558952315,0.0008571622687720222,0.008885636925696883,-0.003801850080490482,-0.019173008203506425,0.009795743248627845,0.1,20,0.0,0.0,0.0,0.0,0.0,0.0,0.0,0.0,threshold_raise,local_threshold,random_benign,0.0013847464848743066,0.00014380059650617814,-0.0004260758414997845,0.0004361530595210545,2.1666996830427276e-05,3.404813787644123e-06,-1.5476426307392543e-05,8.749027167055922e-06,Samsung_SNH_1011_N_Webcam
nbaiot,0.010026768215657345,-0.0006769727588830807,-0.006741248597736338,0.0034106817230754893,0.013537979125978539,0.001315540075302396,-0.0082891225814824,0.004838439284220139,0.1,20,0.0,0.0,0.0,0.0,0.0,0.0,0.0,0.0,threshold_raise,local_threshold,random_benign,0.00262310718969834,-0.0003457732204602385,-0.002503875044712056,0.0012659192782052732,9.798265951821428e-06,-7.34869946411587e-07,-1.1023049195868495e-05,4.953622882431904e-06,SimpleHome_XCS7_1002_WHT_Security_Camera
nbaiot,0.02306555512611802,-0.004752091181131556,-0.03940903911401866,0.014493992484936831,0.15802212953568406,-0.022030209302903316,-0.22052804231643663,0.09749168602742743,0.1,20,0.0,0.0,0.0,0.0,0.0,0.0,0.0,0.0,threshold_raise,local_threshold,random_benign,0.012510662496445835,0.0014643161785612736,-0.007961330679556441,0.004931940566799235,0.24162574672379822,0.012086038941510757,-1.3232318614941896e-05,0.054028043645648983,SimpleHome_XCS7_1003_WHT_Security_Camera
nbaiot,0.004099056621882424,0.0006865296056530315,-0.002747764225190241,0.002005320405594768,0.04234638214111186,0.007766874730586728,-0.03973733782768224,0.02405651767618528,0.2,20,0.0,0.0,0.0,0.0,0.0,0.0,0.0,0.0,threshold_raise,local_threshold,random_benign,0.0013451406792960377,-0.00038112319246721185,-0.002241901132160072,0.00112648267051795,0.0,0.0,0.0,0.0,Danmini_Doorbell
nbaiot,0.014658490630305887,-0.003058554634766722,-0.03752800170368448,0.01061358334324066,0.010932178795337533,0.0016432699561119673,-0.009095567464828092,0.005491745451736984,0.2,20,0.0,0.0,0.0,0.0,0.0,0.0,0.0,0.0,threshold_raise,local_threshold,random_benign,0.00550381033022862,-0.0006773920406435207,-0.007197290431837422,0.0026719840905212733,6.0770841663337904e-06,1.2154168332334515e-07,-2.430833666577925e-06,1.8453786923185716e-06,Ecobee_Thermostat
nbaiot,0.004633760053639968,4.280662296056448e-05,-0.004019127159319291,0.001489523863702495,0.004107971489429568,9.831015020598521e-05,-0.004370837658643767,0.0021302470324034367,0.2,20,0.0,0.0,0.0,0.0,0.0,0.0,0.0,0.0,threshold_raise,local_threshold,random_benign,0.0028417163967036085,-2.841716396703546e-05,-0.0024154589371980645,0.0013309685327154964,0.0,-3.160556257902902e-07,-6.321112515805805e-06,1.4134437278766492e-06,Ennio_Doorbell
nbaiot,0.0013274007406145483,-0.00031834213828330765,-0.0014088902441836693,0.0008359878931107451,0.004531849920749842,-0.0012527869455516518,-0.005619506537914529,0.002915223979551767,0.2,20,0.0,0.0,0.0,0.0,0.0,0.0,0.0,0.0,threshold_raise,local_threshold,random_benign,0.0012046664975906632,0.00021557189956885638,-0.0007925437484149131,0.000508852198877808,9.746198170512699e-06,1.0829109078347443e-06,-4.331643631338977e-06,2.9604661516981686e-06,Philips_B120N10_Baby_Monitor
nbaiot,0.002277795150519235,7.717462567578132e-05,-0.0024537585089682845,0.0010208314605921413,0.0008176039904355115,8.812548592685987e-05,-0.0009613625705242046,0.0005102386878061487,0.2,20,0.0,0.0,0.0,0.0,0.0,0.0,0.0,0.0,threshold_raise,local_threshold,random_benign,0.0012511170688114387,-7.59606791778368e-05,-0.001876675603217158,0.0008587682657388594,2.6106047987806136e-06,1.9579535991409714e-07,0.0,6.387634151555511e-07,Provision_PT_737E_Security_Camera
nbaiot,0.008470205437518308,0.0001447574836984142,-0.00434690966398682,0.0030505497109840195,0.003222468495369113,0.00016562402248383734,-0.0017283022403717097,0.0014104565072597653,0.2,20,0.0,0.0,0.0,0.0,0.0,0.0,0.0,0.0,threshold_raise,local_threshold,random_benign,0.0011841660087966617,-2.8194428780875006e-06,-0.0018608322995376132,0.000707018001849695,2.708643416560186e-06,-6.771608541344953e-07,-5.417286833120372e-06,2.0842571316758456e-06,Provision_PT_838_Security_Camera
nbaiot,0.004257464836000091,-0.00034498645973810304,-0.0031879633027554477,0.0017219433578559915,0.056282120943068836,-0.006321361511945728,-0.05323983430862378,0.02284496528463142,0.2,20,0.0,0.0,0.0,0.0,0.0,0.0,0.0,0.0,threshold_raise,local_threshold,random_benign,0.0021303792074989364,0.00012782275244993657,-0.0033020877716233438,0.0010428670344658781,2.7857567353406498e-05,5.416749207606819e-06,-9.285855784468833e-06,1.1749001066576903e-05,Samsung_SNH_1011_N_Webcam
nbaiot,0.01493342458467356,0.0005156775339448819,-0.0174529857995801,0.006640646889280684,0.019446384906766978,-0.001279535293579276,-0.017031455039976606,0.00966143168331454,0.2,20,0.0,0.0,0.0,0.0,0.0,0.0,0.0,0.0,threshold_raise,local_threshold,random_benign,0.00655776797424585,0.00035173482770954926,-0.004888517944437815,0.0026077947919194936,7.10374281511772e-05,4.0417847051277265e-06,-1.8371748659817833e-05,1.7471274774236783e-05,SimpleHome_XCS7_1002_WHT_Security_Camera
nbaiot,0.0634942114115884,0.006326358363829084,-0.02749402296937037,0.019408453766845284,0.21242203712464192,0.03050994098186601,-0.19752250313757513,0.10895079223017097,0.2,20,0.0,0.0,0.0,0.0,0.0,0.0,0.0,0.0,threshold_raise,local_threshold,random_benign,0.010804663065112314,-0.001435882854705715,-0.013079328973557007,0.005294914322889196,0.2416221379096305,-4.210283195671405e-06,-0.24161973203351872,0.07839218528642224,SimpleHome_XCS7_1003_WHT_Security_Camera
nbaiot,0.006689699291298201,0.00033201018314488043,-0.002959487964038998,0.002503254166139616,0.10720256567001274,0.006444090008735551,-0.04032557606697118,0.04263820725592759,0.4,20,0.0,0.0,0.0,0.0,0.0,0.0,0.0,0.0,threshold_raise,local_threshold,random_benign,0.00201771101894406,-0.00017374733774240607,-0.0035870418114561167,0.0014815285159903244,0.0,0.0,0.0,0.0,Danmini_Doorbell
nbaiot,0.08467977214873346,0.0012330246672432848,-0.026740751136903496,0.025241807149081228,0.02173339277505809,0.0027863511070609,-0.021809893846511275,0.010766515991031863,0.4,20,0.0,0.0,0.0,0.0,0.0,0.0,0.0,0.0,threshold_raise,local_threshold,random_benign,0.01905165114309907,-0.00016934801016087983,-0.011007620660457247,0.0065363436486792215,6.0770841663337904e-06,1.2154168332889626e-07,-2.430833666577925e-06,1.802754496022004e-06,Ecobee_Thermostat
nbaiot,0.0014257936855403552,-0.00011171985047744721,-0.0015934448645139598,0.0006104951447783167,0.0026144444942475253,-2.3266226053317297e-05,-0.004344182461500007,0.001969745726668542,0.4,20,0.0,0.0,0.0,0.0,0.0,0.0,0.0,0.0,threshold_raise,local_threshold,random_benign,0.0019892014776925274,7.104290991759125e-05,-0.0022733731173628854,0.0012737771548204148,0.0,0.0,0.0,0.0,Ennio_Doorbell
nbaiot,0.0029197032461699135,0.0001789376288543393,-0.0022260935317438,0.001358762056550118,0.011299118772148758,0.0006145488657056664,-0.00889974385499974,0.005170601629710246,0.4,20,0.0,0.0,0.0,0.0,0.0,0.0,0.0,0.0,threshold_raise,local_threshold,random_benign,0.0015850874968298262,-8.717981232563982e-05,-0.0015216839969566312,0.0007972267772676062,5.4145545391737215e-06,-2.707277269642372e-07,-6.497465447008466e-06,2.873179923557336e-06,Philips_B120N10_Baby_Monitor
nbaiot,0.007297914983706355,0.0005217693913633608,-0.00603302029191799,0.002750907714791535,0.0012503307312726059,-0.0001609648391604511,-0.0031824201345443115,0.0012233292685772524,0.4,20,0.0,0.0,0.0,0.0,0.0,0.0,0.0,0.0,threshold_raise,local_threshold,random_benign,0.0034852546916890118,0.00022788203753351216,-0.0020554066130473655,0.001548256439430138,1.3053023993903068e-06,-1.305302399445818e-07,-2.6106047987806136e-06,8.363376288860093e-07,Provision_PT_737E_Security_Camera
nbaiot,0.0038205150948564803,-0.0010929821382883397,-0.0067209630093451045,0.0029912154290693644,0.0019480563700198794,-0.0006194848939776495,-0.0036981813609598124,0.0014937211515739428,0.4,20,0.0,0.0,0.0,0.0,0.0,0.0,0.0,0.0,threshold_raise,local_threshold,random_benign,0.002086387729784596,0.00022555543024698312,-0.0011841660087966617,0.0008093323612499905,5.417286833231394e-06,6.771608541566998e-07,-5.417286833120372e-06,2.1300704536079007e-06,Provision_PT_838_Security_Camera
nbaiot,0.0037781815058849366,0.00045058548523128764,-0.0026168207091007978,0.0017541570992267016,0.04637936353683514,0.004064284265041312,-0.04717347621917767,0.026016355567774485,0.4,20,0.0,0.0,0.0,0.0,0.0,0.0,0.0,0.0,threshold_raise,local_threshold,random_benign,0.0011717085641244143,-0.0002077119727311453,-0.0029825308904985054,0.0009237588985774295,2.1666996830427276e-05,-1.5476426307448055e-06,-3.095285261489611e-05,1.3265896138214888e-05,Samsung_SNH_1011_N_Webcam
nbaiot,0.011277702117049981,0.002296554058672949,-0.0027952194771505567,0.00425905833123819,0.006249713897705345,-0.002598339915275255,-0.013172483444212735,0.005636162225368544,0.4,20,0.0,0.0,0.0,0.0,0.0,0.0,0.0,0.0,threshold_raise,local_threshold,random_benign,0.003815428639561219,0.0008644330511505885,-0.001669250029808042,0.0015949242000996525,1.4697398927787653e-05,3.245675596552644e-06,-4.899132975966225e-06,5.720986138410566e-06,SimpleHome_XCS7_1002_WHT_Security_Camera
nbaiot,0.06557989715728618,-0.0006026456906633657,-0.04790216097739908,0.0237499896709971,0.2593926072120665,-0.0050363799929630275,-0.2377517223358161,0.11499418755181405,0.4,20,0.0,0.0,0.0,0.0,0.0,0.0,0.0,0.0,threshold_raise,local_threshold,random_benign,0.014216661927779355,0.0002843332385555869,-0.019903326698891104,0.007363829299664849,0.24168228481242582,5.052339834810127e-06,-0.241616123219351,0.07840135732770895,SimpleHome_XCS7_1003_WHT_Security_Camera
nbaiot,-0.0007171012180767211,-0.003253488140314355,-0.005468385189055652,0.0011731689673079705,-0.023546117544174516,-0.05636520445346862,-0.09249119758605928,0.019345220517395297,0.1,20,0.0,0.0,0.0,0.0,0.0,0.0,0.0,0.0,threshold_raise,local_threshold,random_train_feature_benign,0.0033628516982401047,0.002337181930276873,0.00100885550947203,0.0006164155340139325,0.0,0.0,0.0,0.0,Danmini_Doorbell
nbaiot,0.051315630706448345,0.009105531290862612,-0.00295287426481855,0.012528516315437518,0.001710997521877311,-0.004398033358156682,-0.018295435607433463,0.004713687455469328,0.1,20,0.0,0.0,0.0,0.0,0.0,0.0,0.0,0.0,threshold_raise,local_threshold,random_train_feature_benign,0.012277730736663856,0.0024767146486028785,-0.0012701100762066014,0.0032045532844703407,9.723334666200678e-06,1.4585001999301018e-06,0.0,2.6918843813206583e-06,Ecobee_Thermostat
nbaiot,0.004686757507398331,0.0003730080297345478,-0.0011911043137632915,0.0011815408875386956,0.006117620319128159,0.00035201109945766086,-0.004287087172270054,0.0022161776430182872,0.1,20,0.0,0.0,0.0,0.0,0.0,0.0,0.0,0.0,threshold_raise,local_threshold,random_train_feature_benign,0.0025575447570332505,-0.0003054845126456374,-0.00468883205456095,0.0016513867728571094,0.0,-3.160556257902902e-07,-6.321112515805805e-06,1.4134437278766492e-06,Ennio_Doorbell
nbaiot,0.0118501904917514,0.007469079940084178,0.004528699203742825,0.002253716122175851,0.04316865131258951,0.025747492052614635,0.015423615276813546,0.006751743938468647,0.1,20,0.0,0.0,0.0,0.0,0.0,0.0,0.0,0.0,threshold_raise,local_threshold,random_train_feature_benign,-0.0023142277453715443,-0.003495117930509764,-0.004818665990362667,0.000758605336520322,-4.331643631338977e-06,-0.010744100572101817,-0.21462211282415578,0.047987905485864006,Philips_B120N10_Baby_Monitor
nbaiot,0.0036037085561835824,-0.0015993089201012042,-0.008254827332455694,0.003265273771743828,0.006668118014931737,0.002935403566807494,0.0011686876416206193,0.0012598681212742603,0.1,20,0.0,0.0,0.0,0.0,0.0,0.0,0.0,0.0,threshold_raise,local_threshold,random_train_feature_benign,-0.0020554066130473655,-0.0038829311885612157,-0.006434316353887394,0.0012350473416954774,0.0,-0.013597530889981285,-0.2719349541708328,0.060806319964328524,Provision_PT_737E_Security_Camera
nbaiot,0.009613791734447569,0.004110236091679677,-0.001214631391514731,0.002718108252317556,0.004878573119640378,0.0016795705258846286,-0.0005753077566624798,0.0012433712089159811,0.1,20,0.0,0.0,0.0,0.0,0.0,0.0,0.0,0.0,threshold_raise,local_threshold,random_train_feature_benign,0.00022555543024698269,-0.0009896244502086392,-0.0024811097327168165,0.0006804827979296456,1.354321708335604e-06,-1.5574699645359847e-06,-1.2188895374576347e-05,3.021174468611296e-06,Provision_PT_838_Security_Camera
nbaiot,-0.00014208264587214914,-0.005420443752087102,-0.01360121568315914,0.003684945059263922,-0.018878358602523737,-0.05789390429854435,-0.09147187173366644,0.02066294297488748,0.1,20,0.0,0.0,0.0,0.0,0.0,0.0,0.0,0.0,threshold_raise,local_threshold,random_train_feature_benign,0.0057520238602471185,0.0026576480613549206,0.0004260758414997845,0.0016122855361505627,0.00011762083993660521,4.008394413629324e-05,3.095285261489611e-06,2.858964012613635e-05,Samsung_SNH_1011_N_Webcam
nbaiot,0.03167850782678305,0.012492065486186515,-0.0015093002265070266,0.007632755134576453,-0.006886088848113925,-0.020617043375968917,-0.05780531167984104,0.014682612460187434,0.1,20,0.0,0.0,0.0,0.0,0.0,0.0,0.0,0.0,threshold_raise,local_threshold,random_train_feature_benign,0.011088589483724813,0.005341600095385715,0.002503875044712049,0.0021571672496005674,8.083569410299862e-05,2.492433901509772e-05,4.899132975966225e-06,2.3640387327091597e-05,SimpleHome_XCS7_1002_WHT_Security_Camera
nbaiot,0.0,-0.018396929713581534,-0.04742250284507207,0.014364498088985484,0.004890984296798406,-0.1397838699817657,-0.28015488386154713,0.08229140409960907,0.1,20,0.0,0.0,0.0,0.0,0.0,0.0,0.0,0.0,threshold_raise,local_threshold,random_train_feature_benign,0.013932328689223773,0.00639749786750071,0.0,0.004542311600037494,0.2416907053788172,0.08459746083835158,-2.4058761117773386e-06,0.11823852996775891,SimpleHome_XCS7_1003_WHT_Security_Camera
nbaiot,-0.001645585168379149,-0.005378276056598494,-0.007931665192783793,0.0016757007032103901,-0.06076833009719851,-0.10385748088359825,-0.16962075233459473,0.025556914217384725,0.2,20,0.0,0.0,0.0,0.0,0.0,0.0,0.0,0.0,threshold_raise,local_threshold,random_train_feature_benign,0.006501513283264211,0.004668759107723348,0.0029144714718080944,0.00092312454329075,0.0,0.0,0.0,0.0,Danmini_Doorbell
nbaiot,0.08259856153316725,0.026801855046094482,-0.0025820661619600505,0.023824976206306556,0.006801870465278637,-0.010981185175478431,-0.030991730093955783,0.008865043115284365,0.2,20,0.0,0.0,0.0,0.0,0.0,0.0,0.0,0.0,threshold_raise,local_threshold,random_train_feature_benign,0.01862828111769687,0.006943268416596105,-0.001693480101608802,0.005703971030861187,0.2426130003415321,0.012132655454851515,-2.430833666577925e-06,0.05424944414641075,Ecobee_Thermostat
nbaiot,0.004035458845865314,0.00025085466680331987,-0.0017493255250580209,0.0013728682118800749,0.009479018300771497,0.001477511376142397,-0.0031649298965931716,0.00308008711681158,0.2,20,0.0,0.0,0.0,0.0,0.0,0.0,0.0,0.0,threshold_raise,local_threshold,random_train_feature_benign,0.005825518613242403,-0.0005896561523159978,-0.004546746234725771,0.0025208354629551784,3.1605562578751467e-06,-4.740834386895987e-07,-6.321112515805805e-06,1.855698320521851e-06,Ennio_Doorbell
nbaiot,0.01623008235802298,0.01143050509003255,0.005176380304433681,0.0025566197415791366,0.05253913924097983,0.039949935190379496,0.023516196757555036,0.007719659361367501,0.2,20,0.0,0.0,0.0,0.0,0.0,0.0,0.0,0.0,threshold_raise,local_threshold,random_train_feature_benign,-0.0028214557443570903,-0.005056429114887143,-0.007227998985544003,0.0009013384660236571,-5.4145545391737215e-06,-0.02147834665494235,-0.2146318590223263,0.06605340490410389,Philips_B120N10_Baby_Monitor
nbaiot,0.011889034226437722,-0.00014792464732015924,-0.01516804475138489,0.00700605112797963,0.013339586183428717,0.006595449764281494,0.00074859037995334,0.0030460142242989723,0.2,20,0.0,0.0,0.0,0.0,0.0,0.0,0.0,0.0,threshold_raise,local_threshold,random_train_feature_benign,-0.0014298480786416393,-0.00788650580875782,-0.012779267202859691,0.0026688459754491633,0.0,-0.013599293048220485,-0.2719532284044245,0.06081020652547172,Provision_PT_737E_Security_Camera
nbaiot,0.027616321191943294,0.007651657751091533,-0.00392161937590646,0.007849617003135311,0.012120338529348379,0.0032066105306148714,-0.002354031801223788,0.003471699997817414,0.2,20,0.0,0.0,0.0,0.0,0.0,0.0,0.0,0.0,threshold_raise,local_threshold,random_train_feature_benign,0.0007330551483026963,-0.0018269989850005642,-0.006484718619600767,0.001882639515230913,1.354321708335604e-06,-3.521236441550446e-06,-2.5732112457377276e-05,5.769373665853518e-06,Provision_PT_838_Security_Camera
nbaiot,3.353152689206107e-06,-0.012498784972504406,-0.02301500910841231,0.006273016051092572,-0.05267885923385596,-0.11800448395311858,-0.17971023023128552,0.03423385600011705,0.2,20,0.0,0.0,0.0,0.0,0.0,0.0,0.0,0.0,threshold_raise,local_threshold,random_train_feature_benign,0.015764806135492117,0.007626757562846186,0.0023434171282488286,0.003152180799578856,0.6445033924326465,0.06452245938985737,2.1666996830427276e-05,0.1983455915718816,Samsung_SNH_1011_N_Webcam
nbaiot,0.09118424429568683,0.03739161236739367,0.0026640388425839823,0.021743226647743287,-0.022006773948669123,-0.04811045408248886,-0.09243400096893406,0.023163972199191703,0.2,20,0.0,0.0,0.0,0.0,0.0,0.0,0.0,0.0,threshold_raise,local_threshold,random_train_feature_benign,0.02170025038750447,0.013109574341242398,0.007392392989149871,0.0036836192831670124,0.000133501373594469,4.629680662264768e-05,1.1023049195868495e-05,3.213460945863205e-05,SimpleHome_XCS7_1002_WHT_Security_Camera
nbaiot,-0.003864321408370175,-0.03277743697811265,-0.05248712104009459,0.0153267930930322,-0.12180452346802018,-0.2739993992447841,-0.44117575287819216,0.08502710587933152,0.2,20,0.0,0.0,0.0,0.0,0.0,0.0,0.0,0.0,threshold_raise,local_threshold,random_train_feature_benign,0.020471993176002273,0.014273528575490474,0.004833665055444983,0.005164840255441951,0.24170995238771176,0.16920045519176036,3.849401778899253e-05,0.11360095959324874,SimpleHome_XCS7_1003_WHT_Security_Camera
nbaiot,0.007831940786510783,-0.006340590575749441,-0.014261940323077982,0.005802262848851447,-0.12041634321212846,-0.18376439481973703,-0.2715358436107635,0.03842987119165547,0.4,20,0.0,0.0,0.0,0.0,0.0,0.0,0.0,0.0,threshold_raise,local_threshold,random_train_feature_benign,0.01434816724582446,0.010094159847550724,0.007398273736128232,0.002074109312923691,0.0,0.0,0.0,0.0,Danmini_Doorbell
nbaiot,0.12716965156624616,0.0630253147324111,0.0072561201897882455,0.03511209517495428,-0.007824170589446788,-0.024969774857163365,-0.05238549783825894,0.011257734089254644,0.4,20,0.0,0.0,0.0,0.0,0.0,0.0,0.0,0.0,threshold_raise,local_threshold,random_train_feature_benign,0.03556308213378494,0.0161727349703641,0.0029635901778154103,0.008283351127109637,0.24261786200886526,0.024264460117919745,0.0,0.07467445653507425,Ecobee_Thermostat
nbaiot,0.01545011226325238,0.0031080458285648108,-0.0007814876716168984,0.004248833329307238,0.020474463701248363,0.0032628091424703855,-0.006416713446378702,0.008118236605139644,0.4,20,0.0,0.0,0.0,0.0,0.0,0.0,0.0,0.0,threshold_raise,local_threshold,random_train_feature_benign,0.008383063370275647,-0.0015416311452117065,-0.012361466325660701,0.005690397274865481,0.0,-2.3704171934285646e-06,-2.212389380534807e-05,5.968172599948117e-06,Ennio_Doorbell
nbaiot,0.023000733205163215,0.016818728295748205,0.0107242098092723,0.0037390433502073814,0.07709608674049373,0.05896470263600334,0.04062160924077038,0.00973585255432921,0.4,20,0.0,0.0,0.0,0.0,0.0,0.0,0.0,0.0,threshold_raise,local_threshold,random_train_feature_benign,-0.0045333502409333,-0.006953778848592443,-0.00951052498097895,0.0012173017905662137,-1.191201998629321e-05,-0.05367848591728508,-0.21465568306229876,0.09534132066063455,Philips_B120N10_Baby_Monitor
nbaiot,0.03497839108413475,0.012092685953564436,-0.02153691572722327,0.01555966135290145,0.03013728074729416,0.01645064137876029,0.004010548442602041,0.007041200455918445,0.4,20,0.0,0.0,0.0,0.0,0.0,0.0,0.0,0.0,threshold_raise,local_threshold,random_train_feature_benign,-0.007059874888293113,-0.016264521894548706,-0.02296693476318141,0.004318938062432013,0.0,-0.013602360508859069,-0.27195844961402205,0.0608107136058542,Provision_PT_737E_Security_Camera
nbaiot,0.07569965290403641,0.021269324197140414,-0.0034851106749639316,0.01629800663936034,0.030453076958656317,0.009608152359724089,-0.006817913055419761,0.006988885761196291,0.4,20,0.0,0.0,0.0,0.0,0.0,0.0,0.0,0.0,threshold_raise,local_threshold,random_train_feature_benign,0.0005638885756174584,-0.004578775234013758,-0.01516860268410962,0.0032910392778455946,5.417286833120372e-06,-0.013137191434727784,-0.2625758928027281,0.05871177888623914,Provision_PT_838_Security_Camera
nbaiot,0.025904165855145822,-0.012218583032567816,-0.03167718084470744,0.0160102073878324,-0.15107660591602312,-0.24723491489887217,-0.35095349848270396,0.05804925794391369,0.4,20,0.0,0.0,0.0,0.0,0.0,0.0,0.0,0.0,threshold_raise,local_threshold,random_train_feature_benign,0.025138474648487435,0.02133574776310183,0.011930123561994035,0.0038952655346341817,0.6446426802694136,0.25796974049128363,0.00012071612519809483,0.3238962579108518,Samsung_SNH_1011_N_Webcam
nbaiot,0.23502019475800928,0.1273364346789557,0.053857210529430544,0.04837817947120138,-0.0649184942245482,-0.1459095433354384,-0.30424010753631736,0.07179943034223632,0.4,20,0.0,0.0,0.0,0.0,0.0,0.0,0.0,0.0,threshold_raise,local_threshold,random_train_feature_benign,0.049958268749254804,0.03615118635984261,0.02456182186717539,0.0071472946425007134,0.00037478367265952883,0.00014085007305831288,3.429393083154153e-05,8.335727552932457e-05,SimpleHome_XCS7_1002_WHT_Security_Camera
nbaiot,0.003121316495005244,-0.03454221024227485,-0.053635058785980905,0.015270890258047532,-0.17512347102165376,-0.37632830843329196,-0.624644884467125,0.10499171011309437,0.4,20,0.0,0.0,0.0,0.0,0.0,0.0,0.0,0.0,threshold_raise,local_threshold,random_train_feature_benign,0.03241398919533693,0.020614159795280067,0.009098663633778786,0.005567569015659957,0.24174243171522125,0.20546572949772526,7.939391168987342e-05,0.08851210653560744,SimpleHome_XCS7_1003_WHT_Security_Camera
