bootstrap_ci_lower,bootstrap_ci_upper,bootstrap_mean,bootstrap_n_seed_aggregates,dataset,exact_binomial_p,exact_support_count,exact_support_n,expected_sign_seed_support,fraction,gate3_metric_pass,mean_effect,median_harm,metric,n_seeds_negative,per_seed_values,permutation_p,policy,summary_metric
0.024106943862999965,0.0689752868419854,0.04401430320857328,10,nbaiot,0.0009765625,10,10,10,0.1,True,0.04401430320857328,0.026874443377191047,victim_delta_tpr,0,"{'0': 0.02685394406825599, '1': 0.026845554133936023, '2': 0.026858705262306548, '3': 0.026889601869981326, '4': 0.050721273314345214, '5': 3.8020815099503046e-06, '6': 0.026859284884400765, '7': 0.12747596313157322, '8': 0.09846126793106016, '9': 0.029173635408363614}",0.001953125,cluster_threshold,victim_delta_tpr
0.0033512851749245326,0.006975284877323711,0.004918456481318046,10,nbaiot,0.0009765625,10,10,10,0.1,True,0.004918456481318046,0.004249467642496163,victim_delta_fpr,0,"{'0': 0.004249675234933882, '1': 0.0021741635874766487, '2': 0.004249260050058444, '3': 0.005579457946962467, '4': 0.006778219340351723, '5': 0.003768672165436928, '6': 0.0037783674583035604, '7': 0.012660956692168544, '8': 0.004363974879685373, '9': 0.0015818174578028925}",0.001953125,cluster_threshold,victim_delta_fpr
-39984.96805555555,-19777.904166666678,-28876.355555555558,10,nbaiot,1.0,0,10,0,0.1,False,-28876.355555555558,-22326.722222222223,victim_delta_fn,10,"{'0': -22325.222222222223, '1': -22320.666666666668, '2': -22326.444444444445, '3': -22352.444444444445, '4': -44359.444444444445, '5': -2.4444444444444446, '6': -22327.0, '7': -65748.11111111111, '8': -45460.555555555555, '9': -21541.222222222223}",0.001953125,cluster_threshold,victim_delta_fn
24.62194444444445,54.87777777777777,37.922222222222224,10,nbaiot,0.0009765625,10,10,10,0.1,True,37.922222222222224,26.166666666666664,victim_delta_fp,0,"{'0': 23.88888888888889, '1': 13.777777777777779, '2': 26.11111111111111, '3': 46.0, '4': 62.111111111111114, '5': 39.666666666666664, '6': 24.11111111111111, '7': 99.44444444444444, '8': 26.22222222222222, '9': 17.88888888888889}",0.001953125,cluster_threshold,victim_delta_fp
0.010082921696226443,0.031374609144219134,0.019547923363627616,10,nbaiot,0.0107421875,9,10,9,0.1,True,0.019547923363627616,0.01193807699313914,victim_delta_ba,1,"{'0': 0.011302134416661058, '1': 0.01233569527322969, '2': 0.011304722606124053, '3': 0.010655071961509412, '4': 0.021971526986996757, '5': -0.0018824350419634915, '6': 0.011540458713048589, '7': 0.057407503219702324, '8': 0.04704864652568741, '9': 0.013795908975280368}",0.00390625,cluster_threshold,victim_delta_ba
0.050559192153247244,0.11149948732146978,0.07810605867771712,10,nbaiot,0.0107421875,9,10,9,0.1,True,0.07810605867771712,0.05958852400830571,victim_delta_macro_f1,1,"{'0': 0.05924990423240703, '1': 0.05948741300086248, '2': 0.059592505573290974, '3': 0.05958454244332044, '4': 0.10752662522118649, '5': -0.000583530035978176, '6': 0.05959842108357227, '7': 0.18648732527887846, '8': 0.13572898133879482, '9': 0.054388398640836395}",0.00390625,cluster_threshold,victim_delta_macro_f1
-0.009127511235604664,0.013097302920341142,0.0018001776141999756,10,nbaiot,0.171875,7,10,7,0.1,False,0.0018001776141999756,0.00038788548392086543,nonvictim_mean_delta_tpr,3,"{'0': 0.0003874859648208304, '1': -0.002988234661491113, '2': 0.00038828500302090047, '3': 0.0033675097170056045, '4': -0.007901887121777328, '5': -0.036041699137449854, '6': 0.000386148992193254, '7': 0.040730947209565826, '8': 0.012378441698062743, '9': 0.00729477847804889}",0.65234375,cluster_threshold,nonvictim_mean_delta_tpr
-0.1095318529433361,-0.009549239622156147,-0.05186415545616561,10,nbaiot,1.0,0,10,0,0.1,False,-0.05186415545616561,-0.02385183468570857,nonvictim_worst_delta_tpr,9,"{'0': -0.02385628351348623, '1': -0.023871748549340717, '2': -0.02385123306853755, '3': -2.1352396491486963e-05, '4': -0.1348057018832245, '5': -0.28834386852085964, '6': -0.023852436302879587, '7': -2.809575317014929e-05, '8': -1.0834573666290086e-05, '9': 0.0}",0.00390625,cluster_threshold,nonvictim_worst_delta_tpr
-0.0023356771198243,0.0009463690743720506,-0.00043434316044043797,10,nbaiot,0.0546875,8,10,8,0.1,True,-0.00043434316044043797,0.0005585874122396888,nonvictim_mean_delta_fpr,2,"{'0': 0.0003795690491010075, '1': 0.0002480844716552778, '2': 0.0015985800336202438, '3': 0.0007376057753783701, '4': -0.007410755712704016, '5': 6.165811830634372e-05, '6': 0.001251543622377829, '7': -0.0034489537743066373, '8': 0.0014935855280450538, '9': 0.0007456512841221484}",0.7265625,cluster_threshold,nonvictim_mean_delta_fpr
0.008119210904360262,0.018803929312321874,0.01256395220029347,10,nbaiot,0.0009765625,10,10,10,0.1,True,0.01256395220029347,0.012198038934220092,nonvictim_worst_delta_fpr,0,"{'0': 0.011985264538473726, '1': 0.012677474114067824, '2': 0.015150972488678185, '3': 0.009149284974430344, '4': 0.005611960550868927, '5': 0.005227456822241776, '6': 0.012410813329966455, '7': 0.036751981812651796, '8': 0.012703951630491902, '9': 0.003970361741063767}",0.001953125,cluster_threshold,nonvictim_worst_delta_fpr
-0.004500633972055526,0.007013200686281861,0.0011172603873202034,10,nbaiot,0.623046875,5,10,5,0.1,False,0.0011172603873202034,-0.00012080362333837046,nonvictim_mean_delta_ba,5,"{'0': 3.958457859902663e-06, '1': -0.0016181595665731975, '2': -0.0006051475152996798, '3': 0.0013149519708136172, '4': -0.0002455657045366436, '5': -0.018051678627878105, '6': -0.00043269731509229216, '7': 0.02208995049193621, '8': 0.00544242808500885, '9': 0.0032745635969633727}",0.591796875,cluster_threshold,nonvictim_mean_delta_ba
-0.010145330900592027,0.023567976163992047,0.005336256024029582,10,nbaiot,0.171875,7,10,7,0.1,False,0.005336256024029582,0.0014054960624519694,nonvictim_mean_delta_macro_f1,3,"{'0': 0.0014175581045712685, '1': -0.005985549822833386, '2': 0.001288231155552015, '3': 0.007615072324688995, '4': -0.018010887721695238, '5': -0.03875833470159717, '6': 0.0013934340203326705, '7': 0.0737924629488789, '8': 0.017005265182877725, '9': 0.013605308749520055}",0.626953125,cluster_threshold,nonvictim_mean_delta_macro_f1
-69193.78638888887,24863.078055555554,-16886.755555555552,10,nbaiot,0.9453125,3,10,3,0.1,False,-16886.755555555552,-155.33333333333331,nonvictim_delta_fn_total,7,"{'0': -156.0, '1': 22059.88888888889, '2': -154.66666666666666, '3': -22164.11111111111, '4': 44818.77777777778, '5': 91224.88888888889, '6': -142.33333333333334, '7': -216288.66666666666, '8': -44975.77777777778, '9': -43089.555555555555}",0.626953125,cluster_threshold,nonvictim_delta_fn_total
-39.879166666666656,99.04444444444444,16.37777777777778,10,nbaiot,0.9453125,3,10,3,0.1,False,16.37777777777778,-32.388888888888886,nonvictim_delta_fp_total,7,"{'0': -40.333333333333336, '1': -83.55555555555556, '2': -9.777777777777779, '3': -40.77777777777778, '4': -53.55555555555556, '5': 47.77777777777778, '6': -34.333333333333336, '7': 349.22222222222223, '8': -30.444444444444443, '9': 59.55555555555556}",0.892578125,cluster_threshold,nonvictim_delta_fp_total
-0.0014196048191475622,0.0012714562490045845,0.00016041235531050437,10,nbaiot,0.0546875,8,10,8,0.1,True,0.00016041235531050437,0.0008240697421401115,delta_mean_fpr,2,"{'0': 0.0008095808475268847, '1': 0.00046209326230209347, '2': 0.0018931000354467137, '3': 0.0012755893499988276, '4': -0.00583420292903116, '5': 0.0004735485679875254, '6': 0.0015323018263695828, '7': -0.0016589637224760684, '8': 0.0018125176782273057, '9': 0.0008385586367533384}",0.880859375,cluster_threshold,delta_mean_fpr
-0.07766656572034933,0.0013896915244853468,-0.029185844217308805,10,nbaiot,0.623046875,5,10,5,0.1,False,-0.029185844217308805,-0.0022522814014455045,delta_cv_fpr,5,"{'0': 0.007740781199697653, '1': -0.01825053148619429, '2': 0.0011459888053990427, '3': 0.003693431332635191, '4': -0.05501731561886326, '5': 0.005691802571514711, '6': -0.0076744193556917235, '7': -0.23124945986889056, '8': -0.005650551608290051, '9': 0.007711831855595184}",0.21875,cluster_threshold,delta_cv_fpr
-0.018417260281189805,-0.015066722351609376,-0.016703564154881077,10,nbaiot,1.0,0,10,0,0.1,False,-0.016703564154881077,-0.016309369576198142,fixed_cluster_victim_delta_tau,10,"{'0': -0.020337752259715954, '1': -0.014852572370458386, '2': -0.021002377003983254, '3': -0.013014944960122081, '4': -0.01432840467465155, '5': -0.016879611441658657, '6': -0.013795102925763907, '7': -0.015739127710737624, '8': -0.01761325367346959, '9': -0.01947249452824978}",0.001953125,cluster_threshold,fixed_cluster_victim_delta_tau
0.005605454494005289,0.04074168179990704,0.02105190197011724,10,nbaiot,0.0009765625,10,10,10,0.1,True,0.02105190197011724,0.013427213419597574,fixed_cluster_victim_delta_tpr,0,"{'0': 3.0707150341245814e-06, '1': 0.02684846183660707, '2': 0.026852556912243017, '3': 1.873815498025048e-06, '4': 3.922941256815113e-06, '5': 2.9896706379058577e-06, '6': 5.965002588080735e-06, '7': 0.029176235570170756, '8': 0.09845030782877301, '9': 0.029173635408363614}",0.001953125,cluster_threshold,fixed_cluster_victim_delta_tpr
0.0013247706021335755,0.0017215697433504212,0.0015147230399335015,10,nbaiot,0.0009765625,10,10,10,0.1,True,0.0015147230399335015,0.0014074257340881194,fixed_cluster_victim_delta_fpr,0,"{'0': 0.0020900895064306247, '1': 0.0011711331446288345, '2': 0.0013743350824408397, '3': 0.0012646276924518814, '4': 0.001139644380601693, '5': 0.0019084537164888009, '6': 0.0014405163857353991, '7': 0.001908711195118405, '8': 0.0012679018376356456, '9': 0.0015818174578028925}",0.001953125,cluster_threshold,fixed_cluster_victim_delta_fpr
-0.004236837081909841,0.0021521030456057547,-0.0010542282581197508,10,nbaiot,0.828125,4,10,4,0.1,False,-0.0010542282581197508,-0.0010678581732340832,fixed_cluster_delta_cv_fpr,6,"{'0': 0.0033753210603046555, '1': -0.00028541145717828374, '2': -0.0070618285985154395, '3': 0.004067998784605114, '4': 0.0010162329175742199, '5': -0.0018503048892898827, '6': -0.0035975130626936494, '7': -0.009527967867201436, '8': -0.0043906413243979875, '9': 0.007711831855595184}",0.54296875,cluster_threshold,fixed_cluster_delta_cv_fpr
0.0006972242283803683,0.0008872720563091399,0.0007902109226317079,10,nbaiot,0.0009765625,10,10,10,0.1,True,0.0007902109226317079,0.0008119857278642716,fixed_cluster_delta_mean_fpr,0,"{'0': 0.0010853148382788799, '1': 0.0007854128189752048, '2': 0.0008508082784346865, '3': 0.0006584301854038597, '4': 0.0005627793805432976, '5': 0.0008526674392531214, '6': 0.0007077152181884203, '7': 0.0009578621860049228, '8': 0.0006025602444813476, '9': 0.0008385586367533384}",0.001953125,cluster_threshold,fixed_cluster_delta_mean_fpr
0.0008970131245014399,0.00653267997510932,0.0036155597293202487,10,nbaiot,0.0009765625,10,10,10,0.1,True,0.0036155597293202487,2.832490360542746e-06,fixed_cluster_nonvictim_mean_delta_tpr,0,"{'0': 2.5624319015006094e-06, '1': 1.1910926885211337e-06, '2': 0.00895346307510653, '3': 1.970669420526785e-06, '4': 1.7168068446238921e-06, '5': 1.1665732476584224e-06, '6': 3.1025488195848827e-06, '7': 0.010942858128307217, '8': 0.00895278748881743, '9': 0.00729477847804889}",0.001953125,cluster_threshold,fixed_cluster_nonvictim_mean_delta_tpr
0.0006144133276560611,0.0007870053834131387,0.0006996469079689839,10,nbaiot,0.0009765625,10,10,10,0.1,True,0.0006996469079689839,0.0007289459664335797,fixed_cluster_nonvictim_mean_delta_fpr,0,"{'0': 0.000959718004759909, '1': 0.0007371977782685052, '2': 0.0007853674279339133, '3': 0.000582655497022854, '4': 0.0004906712555360032, '5': 0.0007206941545986542, '6': 0.0006161150722450415, '7': 0.0008390060598657451, '8': 0.000519392545337065, '9': 0.0007456512841221484}",0.001953125,cluster_threshold,fixed_cluster_nonvictim_mean_delta_fpr
0.043328242375116836,0.12408774016690294,0.08145420586664123,10,nbaiot,0.0009765625,10,10,10,0.2,True,0.08145420586664123,0.05229665809111117,victim_delta_tpr,0,"{'0': 0.026858661120889853, '1': 0.026854119478442726, '2': 0.19751504606055004, '3': 0.05386663910611525, '4': 0.050726677076107084, '5': 1.560424615106489e-05, '6': 0.026862556200450565, '7': 0.15132908722838603, '8': 0.12542605763493755, '9': 0.15508761051438208}",0.001953125,cluster_threshold,victim_delta_tpr
0.013122302210677252,0.02654453930303748,0.019545933184408327,10,nbaiot,0.0009765625,10,10,10,0.2,True,0.019545933184408327,0.017376702564940776,victim_delta_fpr,0,"{'0': 0.0072385181184043195, '1': 0.011105413680806675, '2': 0.026012351682573112, '3': 0.041707123894692444, '4': 0.014459681868203067, '5': 0.02782083745152544, '6': 0.005666641940845881, '7': 0.020293723261678488, '8': 0.012221498235040018, '9': 0.028933541710313808}",0.001953125,cluster_threshold,victim_delta_fpr
-69023.79444444444,-29227.016944444455,-49064.01111111111,10,nbaiot,1.0,0,10,0,0.2,False,-49064.01111111111,-44451.83333333333,victim_delta_fn,10,"{'0': -22328.777777777777, '1': -22324.555555555555, '2': -90452.77777777778, '3': -44541.0, '4': -44362.666666666664, '5': -12.11111111111111, '6': -22328.666666666668, '7': -87779.0, '8': -67645.33333333333, '9': -88865.22222222222}",0.001953125,cluster_threshold,victim_delta_fn
78.72083333333333,135.0675,106.22222222222221,10,nbaiot,0.0009765625,10,10,10,0.2,True,106.22222222222221,110.11111111111111,victim_delta_fp,0,"{'0': 50.22222222222222, '1': 84.11111111111111, '2': 110.77777777777777, '3': 175.0, '4': 121.88888888888889, '5': 124.11111111111111, '6': 43.333333333333336, '7': 182.22222222222223, '8': 61.111111111111114, '9': 109.44444444444444}",0.001953125,cluster_threshold,victim_delta_fp
0.012126321050152865,0.05145007095674044,0.030954136341116444,10,nbaiot,0.0107421875,9,10,9,0.2,True,0.030954136341116444,0.014365727366877171,victim_delta_ba,1,"{'0': 0.009810071501242752, '1': 0.007874352898818042, '2': 0.08575134718898846, '3': 0.006079757605711395, '4': 0.018133497603952022, '5': -0.013902616602687176, '6': 0.01059795712980232, '7': 0.06551768198335375, '8': 0.056602279699948785, '9': 0.06307703440203412}",0.01171875,cluster_threshold,victim_delta_ba
0.07838483405581242,0.1912073441875064,0.13334457855896126,10,nbaiot,0.0107421875,9,10,9,0.2,True,0.13334457855896126,0.10926563509101409,victim_delta_macro_f1,1,"{'0': 0.05881182477959901, '1': 0.0586019131815057, '2': 0.26952152163960413, '3': 0.11272567475785032, '4': 0.10580559542417785, '5': -0.006300325315233866, '6': 0.05927770606828415, '7': 0.23291844187526933, '8': 0.19536133257688493, '9': 0.24672210060167105}",0.00390625,cluster_threshold,victim_delta_macro_f1
-0.01597621259957783,0.017390499654063623,0.0011635827743886305,10,nbaiot,0.171875,7,10,7,0.2,False,0.0011635827743886305,0.0003880762252369521,nonvictim_mean_delta_tpr,3,"{'0': 0.00038838121321984546, '1': 0.000380703837668669, '2': -0.002206289011732154, '3': 0.003735937254732752, '4': -0.00828933495019947, '5': -0.060402673473653086, '6': 0.0003877712372540587, '7': 0.05473080583450715, '8': 0.021471143182941743, '9': 0.0014393826191468032}",0.892578125,cluster_threshold,nonvictim_mean_delta_tpr
-0.17139042372846208,-0.02732087250603165,-0.0862081236444457,10,nbaiot,1.0,0,10,0,0.2,False,-0.0862081236444457,-0.02654869322575166,nonvictim_worst_delta_tpr,10,"{'0': -0.023853877044802154, '1': -0.023881216855288084, '2': -0.07155057079632335, '3': -0.02390001618310836, '4': -0.16176297911551463, '5': -0.43251334457086665, '6': -0.023848345306116642, '7': -3.181867791796695e-05, '8': -0.02919737026839496, '9': -0.07154169762612429}",0.001953125,cluster_threshold,nonvictim_worst_delta_tpr
-0.002210476442770079,0.0016963481593341861,2.0333320918605043e-06,10,nbaiot,0.376953125,6,10,6,0.2,False,2.0333320918605043e-06,0.0011480096611251533,nonvictim_mean_delta_fpr,4,"{'0': 0.0012617623886881932, '1': 0.0010342569335621134, '2': 0.0032518787076726164, '3': -0.0007504513790341066, '4': -0.008108752135260622, '5': -0.0002138660044574336, '6': 0.002198007256255884, '7': -0.00291221562000574, '8': 0.0021394582153802205, '9': 0.002120254958117481}",1.0,cluster_threshold,nonvictim_mean_delta_fpr
0.01722904924406291,0.029605416861599745,0.023249370910989914,10,nbaiot,0.0009765625,10,10,10,0.2,True,0.023249370910989914,0.019529564261611634,nonvictim_worst_delta_fpr,0,"{'0': 0.01705474047078934, '1': 0.020493132620682628, '2': 0.03684169115529515, '3': 0.016282172424170935, '4': 0.0076882655001074725, '5': 0.017367454638333592, '6': 0.01856599590254064, '7': 0.039778626260294055, '8': 0.02340887682559522, '9': 0.03501275331209012}",0.001953125,cluster_threshold,nonvictim_worst_delta_fpr
-0.008196711977719739,0.00888795566704383,0.0005807747211483819,10,nbaiot,0.9453125,3,10,3,0.2,False,0.0005807747211483819,-0.00033360635871602695,nonvictim_mean_delta_ba,7,"{'0': -0.0004366905877341796, '1': -0.00032677654794672123, '2': -0.0027290838597023937, '3': 0.002243194316883423, '4': -9.029140746941012e-05, '5': -0.030094403734597836, '6': -0.0009051180095009181, '7': 0.028821510727256423, '8': 0.009665842483780765, '9': -0.0003404361694853327}",0.908203125,cluster_threshold,nonvictim_mean_delta_ba
-0.019017855734069205,0.027128112172920882,0.003653398295740328,10,nbaiot,0.171875,7,10,7,0.2,False,0.003653398295740328,0.0012544332703153956,nonvictim_mean_delta_macro_f1,3,"{'0': 0.0012994944624243456, '1': 0.0011770617004597643, '2': -0.003516310765388761, '3': 0.009241699390030547, '4': -0.019408575962082973, '5': -0.07185632076577825, '6': 0.0012093720782064455, '7': 0.08642527938826604, '8': 0.028626723195383976, '9': 0.0033355602358821532}",0.697265625,cluster_threshold,nonvictim_mean_delta_macro_f1
-72334.55194444444,49687.225555555546,-8383.533333333331,10,nbaiot,0.828125,4,10,4,0.2,False,-8383.533333333331,-137.11111111111111,nonvictim_delta_fn_total,6,"{'0': -161.88888888888889, '1': -122.0, '2': 21722.11111111111, '3': -22426.11111111111, '4': 44965.77777777778, '5': 181192.77777777778, '6': -152.22222222222223, '7': -240193.66666666666, '8': -68844.66666666667, '9': 184.55555555555554}",0.697265625,cluster_threshold,nonvictim_delta_fn_total
-110.67805555555557,40.85555555555554,-38.544444444444444,10,nbaiot,0.828125,4,10,4,0.2,False,-38.544444444444444,-57.66666666666667,nonvictim_delta_fp_total,6,"{'0': 17.444444444444443, '1': -46.22222222222222, '2': -69.11111111111111, '3': -255.88888888888889, '4': 15.333333333333334, '5': -74.0, '6': 22.22222222222222, '7': 237.33333333333334, '8': -96.11111111111111, '9': -136.44444444444446}",0.3671875,cluster_threshold,nonvictim_delta_fp_total
7.448907424175238e-05,0.0038192542876832425,0.0021735777601270224,10,nbaiot,0.0546875,8,10,8,0.2,True,0.0021735777601270224,0.00274225607815328,delta_mean_fpr,2,"{'0': 0.001925846358656654, '1': 0.0021532743499226145, '2': 0.005780820149328233, '3': 0.00396705698471329, '4': -0.0056011483570979955, '5': 0.0029011010462073367, '6': 0.002583411110099223, '7': -0.0003337779664852772, '8': 0.003259684884231304, '9': 0.005099509041694845}",0.072265625,cluster_threshold,delta_mean_fpr
-0.05204617916699418,0.05078225655766781,0.003999497202579102,10,nbaiot,0.376953125,6,10,6,0.2,False,0.003999497202579102,0.007913753908123686,delta_cv_fpr,4,"{'0': 0.014797610898347623, '1': 0.0010298969178997492, '2': 0.04175658984158079, '3': 0.06939702754911421, '4': -0.05769410086978996, '5': 0.05576979805370218, '6': -0.0017599894813335644, '7': -0.20291902441882748, '8': -0.007010199428574331, '9': 0.1266273629636718}",0.9140625,cluster_threshold,delta_cv_fpr
-0.0331379257189714,-0.02852140933137251,-0.030798905903335526,10,nbaiot,1.0,0,10,0,0.2,False,-0.030798905903335526,-0.029787037278421948,fixed_cluster_victim_delta_tau,10,"{'0': -0.033692624820051455, '1': -0.029157677430797342, '2': -0.03428049584229798, '3': -0.027163732603744276, '4': -0.02731374955425675, '5': -0.03692014809283943, '6': -0.025007130895499496, '7': -0.030416397126046553, '8': -0.028855203036908774, '9': -0.0351818996309132}",0.001953125,cluster_threshold,fixed_cluster_victim_delta_tau
0.010978931824676508,0.05506611863656288,0.030901488501211917,10,nbaiot,0.0009765625,10,10,10,0.2,True,0.030901488501211917,0.02685394643291836,fixed_cluster_victim_delta_tpr,0,"{'0': 6.738031645352965e-06, '1': 0.026851885994801657, '2': 0.0984619331189062, '3': 9.9441128182202e-06, '4': 8.6614410581862e-06, '5': 4.915533799998428e-06, '6': 0.026856006871035065, '7': 0.029179668380524906, '8': 0.09845431481135693, '9': 0.029180816716172602}",0.001953125,cluster_threshold,fixed_cluster_victim_delta_tpr
0.0032664106156586824,0.003952035218422256,0.00361591757489049,10,nbaiot,0.0009765625,10,10,10,0.2,True,0.00361591757489049,0.003832393380001387,fixed_cluster_victim_delta_fpr,0,"{'0': 0.003720293912393551, '1': 0.002821653222948943, '2': 0.003422454425366508, '3': 0.002832061689049005, '4': 0.00396299684227342, '5': 0.004066529378914718, '6': 0.004213383166006214, '7': 0.004323888311344862, '8': 0.0028514219529984595, '9': 0.003944492847609223}",0.001953125,cluster_threshold,fixed_cluster_victim_delta_fpr
-0.007952990001168704,0.003360690382452233,-0.002480847707899622,10,nbaiot,0.828125,4,10,4,0.2,False,-0.002480847707899622,-0.00181842076544525,fixed_cluster_delta_cv_fpr,6,"{'0': 0.0016057093329756207, '1': -0.0012898605123990744, '2': -0.011412208687604163, '3': 0.005522396913078998, '4': 0.003678189866401819, '5': -0.0023469810184914256, '6': -0.011144292823375776, '7': -0.015736060563569416, '8': -0.00892431667207848, '9': 0.01523894708606567}",0.416015625,cluster_threshold,fixed_cluster_delta_cv_fpr
0.0013749050362302732,0.001722378207980812,0.0015465722104089268,10,nbaiot,0.0009765625,10,10,10,0.2,True,0.0015465722104089268,0.0015317713100493138,fixed_cluster_delta_mean_fpr,0,"{'0': 0.001798865775131543, '1': 0.0015496185211898647, '2': 0.001513924098908763, '3': 0.0012184848303593882, '4': 0.0013484937468693434, '5': 0.0017529574195952098, '6': 0.0014249936455092505, '7': 0.0020790584346208904, '8': 0.0010835975029024197, '9': 0.0016957281290025954}",0.001953125,cluster_threshold,fixed_cluster_delta_mean_fpr
0.0008990854162070314,0.007864969999861752,0.0042802058611878194,10,nbaiot,0.0009765625,10,10,10,0.2,True,0.0042802058611878194,5.2479826198310724e-06,fixed_cluster_nonvictim_mean_delta_tpr,0,"{'0': 3.854248458542215e-06, '1': 2.5992307959785133e-06, '2': 0.008954724022809158, '3': 4.730775688661309e-06, '4': 3.333815247000734e-06, '5': 2.598477996959404e-06, '6': 5.765189551000835e-06, '7': 0.014217991986577385, '8': 0.012309466905109962, '9': 0.0072969939596435425}",0.001953125,cluster_threshold,fixed_cluster_nonvictim_mean_delta_tpr
0.0011202043441435028,0.0014603058462292027,0.0012879040398487314,10,nbaiot,0.0009765625,10,10,10,0.2,True,0.0012879040398487314,0.0013329859957857619,fixed_cluster_nonvictim_mean_delta_fpr,0,"{'0': 0.0015586872579737893, '1': 0.0013906141834699852, '2': 0.0012753578081015386, '3': 0.0010167877230231822, '4': 0.0010216808599438389, '5': 0.0014637609246802635, '6': 0.0010764449554471226, '7': 0.0017984547000304005, '8': 0.0008626194466404206, '9': 0.0014146325391767712}",0.001953125,cluster_threshold,fixed_cluster_nonvictim_mean_delta_fpr
0.06121337142538131,0.14116535330256866,0.09931340125997044,10,nbaiot,0.0009765625,10,10,10,0.4,True,0.09931340125997044,0.053870553598291404,victim_delta_tpr,0,"{'0': 0.05383796685708319, '1': 0.05307942490452367, '2': 0.19752921601889886, '3': 0.05390314033949962, '4': 0.05074928801123079, '5': 0.02622219125221523, '6': 0.05383686513461547, '7': 0.1513552677522126, '8': 0.19752591307347483, '9': 0.15509473925595016}",0.001953125,cluster_threshold,victim_delta_tpr
0.0319473600308732,0.04094957065065537,0.03651312547012536,10,nbaiot,0.0009765625,10,10,10,0.4,True,0.03651312547012536,0.03727937166079697,victim_delta_fpr,0,"{'0': 0.03477419511710668, '1': 0.02383393633201582, '2': 0.03692817278904879, '3': 0.05027008170040173, '4': 0.024713707522115366, '5': 0.04178466919572806, '6': 0.03848431125064215, '7': 0.03647947548231071, '8': 0.04023213477933915, '9': 0.037630570532545156}",0.001953125,cluster_threshold,victim_delta_fpr
-75894.19833333333,-44408.66194444445,-60071.833333333336,10,nbaiot,1.0,0,10,0,0.4,False,-60071.833333333336,-44546.16666666667,victim_delta_fn,10,"{'0': -44525.555555555555, '1': -43734.22222222222, '2': -90461.88888888889, '3': -44566.77777777778, '4': -44379.333333333336, '5': -21407.11111111111, '6': -44518.0, '7': -87791.66666666667, '8': -90463.77777777778, '9': -88870.0}",0.001953125,cluster_threshold,victim_delta_fn
197.11027777777778,251.01194444444442,221.0888888888889,10,nbaiot,0.0009765625,10,10,10,0.4,True,221.0888888888889,212.27777777777777,victim_delta_fp,0,"{'0': 170.88888888888889, '1': 199.88888888888889, '2': 212.77777777777777, '3': 245.22222222222223, '4': 193.66666666666666, '5': 245.55555555555554, '6': 214.77777777777777, '7': 334.0, '8': 211.77777777777777, '9': 182.33333333333334}",0.001953125,cluster_threshold,victim_delta_fp
0.012544280392087456,0.05195491701956496,0.03140013789492253,10,nbaiot,0.0107421875,9,10,9,0.4,True,0.03140013789492253,0.013820267265405849,victim_delta_ba,1,"{'0': 0.009531885869988259, '1': 0.01462274428625395, '2': 0.08030052161492501, '3': 0.001816529319548948, '4': 0.013017790244557749, '5': -0.007781238971756433, '6': 0.007676276941986631, '7': 0.05743789613495087, '8': 0.07864688914706783, '9': 0.058732084361702484}",0.0078125,cluster_threshold,victim_delta_ba
0.11401633505610924,0.2098654835179099,0.16062972390595515,10,nbaiot,0.0009765625,10,10,10,0.4,True,0.16062972390595515,0.11371456457545609,victim_delta_macro_f1,0,"{'0': 0.11358769328773345, '1': 0.11079602097402876, '2': 0.26714486854075875, '3': 0.11100439560543195, '4': 0.10342713792803074, '5': 0.04613188131917783, '6': 0.11384143586317874, '7': 0.2300990578338171, '8': 0.26561148743202584, '9': 0.24465326027536818}",0.001953125,cluster_threshold,victim_delta_macro_f1
-0.011433409775450244,0.024692533079964857,0.006531684230624826,10,nbaiot,0.171875,7,10,7,0.4,False,0.006531684230624826,0.0024470992947059162,nonvictim_mean_delta_tpr,3,"{'0': 0.003366838689601888, '1': -0.002892341135492808, '2': 0.0015273598998099438, '3': 0.010456072478770046, '4': -0.004143902242032821, '5': -0.05742257565164636, '6': 0.0014374153079515005, '7': 0.05875975566972221, '8': 0.0498060176980196, '9': 0.004422201591545061}",0.4453125,cluster_threshold,nonvictim_mean_delta_tpr
-0.1664694462898005,-0.02917413390720225,-0.082895428955223,10,nbaiot,1.0,0,10,0,0.4,False,-0.082895428955223,-0.05038032251810709,nonvictim_worst_delta_tpr,10,"{'0': -2.5583281678965965e-05, '1': -0.05305526321847941, '2': -0.09539193734325617, '3': -0.023936394807098377, '4': -0.08089165307405183, '5': -0.4325178592914088, '6': -0.07153733521856089, '7': -2.568541806021359e-05, '8': -0.023867196081900553, '9': -0.047705381817734774}",0.001953125,cluster_threshold,nonvictim_worst_delta_tpr
6.0856023910135165e-05,0.0033666186200007075,0.0018092176974740634,10,nbaiot,0.0546875,8,10,8,0.4,True,0.0018092176974740634,0.0020403426594771856,nonvictim_mean_delta_fpr,2,"{'0': 0.002208015233425155, '1': 0.0018726700855292166, '2': 0.005233404799047373, '3': 0.0013419960602311367, '4': -0.0037188174624408644, '5': 0.0005629842957815027, '6': 0.004672130234508005, '7': -0.0016922149343611822, '8': 0.0037039499152020042, '9': 0.003908058747818288}",0.07421875,cluster_threshold,nonvictim_mean_delta_fpr
0.031816264353182334,0.043946302600211394,0.03816968111888286,10,nbaiot,0.0009765625,10,10,10,0.4,True,0.03816968111888286,0.03979926407173336,nonvictim_worst_delta_fpr,0,"{'0': 0.03167637284550515, '1': 0.03352188727147627, '2': 0.04857199828191383, '3': 0.05004166283213816, '4': 0.017663722562854384, '5': 0.02903355823755538, '6': 0.046073363922483165, '7': 0.042512408670792944, '8': 0.03708611947267378, '9': 0.04551571709143559}",0.001953125,cluster_threshold,nonvictim_worst_delta_fpr
-0.006564973485719433,0.011667785755421697,0.0023612332665753767,10,nbaiot,0.623046875,5,10,5,0.4,False,0.0023612332665753767,2.226451603371061e-05,nonvictim_mean_delta_ba,5,"{'0': 0.0005794117280883601, '1': -0.0023825056105110116, '2': -0.001853022449618727, '3': 0.00455703820926945, '4': -0.0002125423897959663, '5': -0.028992779973713953, '6': -0.0016173574632782567, '7': 0.030225985302041673, '8': 0.02305103389140881, '9': 0.00025707142186338753}",0.734375,cluster_threshold,nonvictim_mean_delta_ba
-0.011747439868500676,0.03932067768413124,0.013036554301651269,10,nbaiot,0.171875,7,10,7,0.4,False,0.013036554301651269,0.006143049642210248,nonvictim_mean_delta_macro_f1,3,"{'0': 0.006997129475468703, '1': -0.004322567200453206, '2': 0.005288969808951793, '3': 0.023460892811432425, '4': -0.00977313865720136, '5': -0.06610128400146953, '6': 0.0030114799163567835, '7': 0.09324373119329471, '8': 0.06952743799335476, '9': 0.009032891676777616}",0.306640625,cluster_threshold,nonvictim_mean_delta_macro_f1
-106017.47749999994,29457.02222222222,-35164.46666666667,10,nbaiot,0.828125,4,10,4,0.4,False,-35164.46666666667,-11378.444444444445,nonvictim_delta_fn_total,6,"{'0': -22175.444444444445, '1': 21124.88888888889, '2': -908.4444444444445, '3': -66898.33333333333, '4': 22474.222222222223, '5': 159175.88888888888, '6': 196.22222222222223, '7': -261951.0, '8': -180834.22222222222, '9': -21848.444444444445}",0.318359375,cluster_threshold,nonvictim_delta_fn_total
-95.75999999999996,171.6783333333333,22.22222222222223,10,nbaiot,0.623046875,5,10,5,0.4,False,22.22222222222223,7.444444444444445,nonvictim_delta_fp_total,5,"{'0': 51.888888888888886, '1': -100.0, '2': 64.66666666666667, '3': -311.3333333333333, '4': 44.22222222222222, '5': -101.0, '6': 27.88888888888889, '7': 581.8888888888889, '8': -23.0, '9': -13.0}",0.802734375,cluster_threshold,nonvictim_delta_fp_total
0.003802495849739432,0.007228049041648726,0.005665207449990875,10,nbaiot,0.0107421875,9,10,9,0.4,True,0.005665207449990875,0.006302464842597711,delta_mean_fpr,1,"{'0': 0.005826479664945328, '1': 0.00431281077958328, '2': 0.008755045686825311, '3': 0.006778450020250095, '4': -0.0005596480197123982, '5': 0.005143171506886679, '6': 0.008429039236300694, '7': 0.0025490840008245796, '8': 0.007762637122328351, '9': 0.0076550045016768225}",0.00390625,cluster_threshold,delta_mean_fpr
-0.030835347450700604,0.11643200990376172,0.052110126580566705,10,nbaiot,0.0107421875,9,10,9,0.4,True,0.052110126580566705,0.05755677082601553,delta_cv_fpr,1,"{'0': 0.10299213228171278, '1': 0.06446238620931706, '2': 0.050651155442714, '3': 0.18308709756531924, '4': 0.018797113453611444, '5': 0.15541760796713305, '6': 0.02808902401047882, '7': -0.25979836772574294, '8': 0.012275222236092046, '9': 0.16512789436503159}",0.22265625,cluster_threshold,delta_cv_fpr
-0.05620256360350784,-0.0498770214711031,-0.0531600413254152,10,nbaiot,1.0,0,10,0,0.4,False,-0.0531600413254152,-0.05368472478111046,fixed_cluster_victim_delta_tau,10,"{'0': -0.05864473421437055, '1': -0.049772128897408556, '2': -0.05748973014178113, '3': -0.05411080417947641, '4': -0.04688472066557525, '5': -0.060645333175650906, '6': -0.04304621261716957, '7': -0.05321077661312837, '8': -0.053258645382744496, '9': -0.054537327366846716}",0.001953125,cluster_threshold,fixed_cluster_victim_delta_tau
0.010991916067168966,0.05507785197279176,0.03091484132209506,10,nbaiot,0.0009765625,10,10,10,0.4,True,0.03091484132209506,0.026865257465086043,fixed_cluster_victim_delta_tpr,0,"{'0': 2.7707240031809517e-05, '1': 0.026861750899400152, '2': 0.0984732331134701, '3': 2.7514685975652913e-05, '4': 1.7752992883066395e-05, '5': 1.3160259193573726e-05, '6': 0.026868764030771937, '7': 0.029201212475205105, '8': 0.09846819618702514, '9': 0.029189121336994042}",0.001953125,cluster_threshold,fixed_cluster_victim_delta_tpr
0.008736958197262508,0.01143608304540764,0.010021360629825666,10,nbaiot,0.0009765625,10,10,10,0.4,True,0.010021360629825666,0.00940718474188377,fixed_cluster_victim_delta_fpr,0,"{'0': 0.008002989999766393, '1': 0.007701442212214239, '2': 0.013292568951650301, '3': 0.007837708172611242, '4': 0.009916763787287026, '5': 0.008897605696480515, '6': 0.012449473424548524, '7': 0.013546096822030833, '8': 0.008308626954440507, '9': 0.010260330277227059}",0.001953125,cluster_threshold,fixed_cluster_victim_delta_fpr
-0.012319885069209294,0.00901622380499835,-0.001704333823003291,10,nbaiot,0.376953125,6,10,6,0.4,False,-0.001704333823003291,0.002345059086613221,fixed_cluster_delta_cv_fpr,4,"{'0': 0.005822744157706549, '1': 0.003387171257343496, '2': -0.015485003206812183, '3': 0.01294486669954916, '4': 0.008100655159420897, '5': 0.001302946915882946, '6': -0.014337021553360758, '7': -0.029866328429764125, '8': -0.018774461240620224, '9': 0.029861092010621332}",0.7578125,cluster_threshold,fixed_cluster_delta_cv_fpr
0.003013683434736052,0.0036080658274941666,0.0032784082897475662,10,nbaiot,0.0009765625,10,10,10,0.4,True,0.0032784082897475662,0.0032432199241892072,fixed_cluster_delta_mean_fpr,0,"{'0': 0.0034218710855263477, '1': 0.003106997746375521, '2': 0.0035797805108858678, '3': 0.0028685306589009605, '4': 0.0027246646720185484, '5': 0.003286005256339821, '6': 0.0032779058271657454, '7': 0.004480088990619148, '8': 0.0028297041284310303, '9': 0.0032085340212126695}",0.001953125,cluster_threshold,fixed_cluster_delta_mean_fpr
0.0032537797316150086,0.01991399810623375,0.010701109649161175,10,nbaiot,0.0009765625,10,10,10,0.4,True,0.010701109649161175,0.0054784562027643145,fixed_cluster_nonvictim_mean_delta_tpr,0,"{'0': 0.008955812637971832, '1': 4.108774983241513e-06, '2': 0.0212638670580569, '3': 9.857134680189531e-06, '4': 5.482210487596044e-06, '5': 4.621979620883818e-06, '6': 0.0036566672873580403, '7': 0.02323181747871357, '8': 0.04257861681156891, '9': 0.007300245118170589}",0.001953125,cluster_threshold,fixed_cluster_nonvictim_mean_delta_tpr
0.0022011512455763966,0.0026976061567383397,0.0024355392472378045,10,nbaiot,0.0009765625,10,10,10,0.4,True,0.0024355392472378045,0.002346370722500592,fixed_cluster_nonvictim_mean_delta_fpr,0,"{'0': 0.0028492312212463405, '1': 0.0025326921881456835, '2': 0.0023656819557903064, '3': 0.0022473834696871736, '4': 0.0018256522826099973, '5': 0.0025845552013222303, '6': 0.002131459877492894, '7': 0.003346838011692695, '8': 0.0021448387751798518, '9': 0.0023270594892108773}",0.001953125,cluster_threshold,fixed_cluster_nonvictim_mean_delta_fpr
-0.010480303366905456,0.005670457955526527,-0.0023948414632156607,10,nbaiot,0.623046875,5,10,5,0.1,False,-0.0023948414632156607,-1.3365978398762994e-07,victim_delta_tpr,5,"{'0': 0.026852727934210507, '1': -9.780551159213305e-06, '2': -0.023845606736074665, '3': -4.009793519690577e-07, '4': 9.615753034363115e-06, '5': -0.026955581292968225, '6': 2.125220194049149e-06, '7': 1.3365978399379782e-07, '8': 2.235971504060963e-07, '9': -1.8712369758514906e-06}",0.626953125,cluster_threshold,victim_delta_tpr
-0.0012016596166075232,0.0006202737266918243,-0.00029546722791242135,10,nbaiot,0.376953125,6,10,6,0.1,False,-0.00029546722791242135,3.530819434452071e-05,victim_delta_fpr,4,"{'0': -0.00312019795443781, '1': -0.0010703018327237438, '2': 5.965438747944324e-05, '3': -0.001838514641032185, '4': 0.0027713063696794093, '5': 0.0002511715722798638, '6': 0.00013925264859257722, '7': 1.0962001209598171e-05, '8': 7.677763250273546e-05, '9': -0.00023478246267410286}",0.560546875,cluster_threshold,victim_delta_fpr
-4495.289166666667,8855.756666666666,2187.022222222222,10,nbaiot,0.623046875,5,10,5,0.1,False,2187.022222222222,0.16666666666666666,victim_delta_fn,4,"{'0': -22323.222222222223, '1': 2.888888888888889, '2': 22019.222222222223, '3': 0.3333333333333333, '4': -6.888888888888889, '5': 22178.222222222223, '6': -1.7777777777777777, '7': -0.1111111111111111, '8': 0.0, '9': 1.5555555555555556}",0.91015625,cluster_threshold,victim_delta_fn
-14.777777777777777,4.288888888888889,-4.388888888888888,10,nbaiot,0.623046875,5,10,5,0.1,False,-4.388888888888888,0.05555555555555555,victim_delta_fp,5,"{'0': -41.111111111111114, '1': -10.0, '2': 0.4444444444444444, '3': -16.22222222222222, '4': 20.333333333333332, '5': 1.8888888888888888, '6': 1.8888888888888888, '7': -0.3333333333333333, '8': 0.5555555555555556, '9': -1.3333333333333333}",0.482421875,cluster_threshold,victim_delta_fp
-0.00542976537550763,0.0033734626804731386,-0.0010496871176516283,10,nbaiot,0.828125,4,10,4,0.1,False,-0.0010496871176516283,-2.184559419450406e-05,victim_delta_ba,6,"{'0': 0.014986462944324153, '1': 0.0005302606407822467, '2': -0.011952630561777065, '3': 0.0009190568308400988, '4': -0.001380845308322498, '5': -0.013603376432624041, '6': -6.856371419927676e-05, '7': -5.41417071283264e-06, '8': -3.827701767617548e-05, '9': 0.00011645561284910776}",0.87109375,cluster_threshold,victim_delta_ba
-0.02326421631390449,0.013152582619726225,-0.004923572082140918,10,nbaiot,0.623046875,5,10,5,0.1,False,-0.004923572082140918,-6.321342541421643e-07,victim_delta_macro_f1,5,"{'0': 0.05987099450456385, '1': 4.451354088967167e-05, '2': -0.048215216094388696, '3': 0.0004926897997121883, '4': -8.546815764303655e-05, '5': -0.061329519788094894, '6': -4.477904764093537e-06, '7': 3.213636255809208e-06, '8': -1.8385595686910685e-05, '9': 5.935237746933373e-06}",0.66796875,cluster_threshold,victim_delta_macro_f1
-0.0026261411240254212,0.0010934818290288333,-0.00046099471058021733,10,nbaiot,0.376953125,6,10,6,0.1,False,-0.00046099471058021733,6.547921044437743e-07,nonvictim_mean_delta_tpr,4,"{'0': 0.0007732691392761447, '1': -6.84887409377487e-07, '2': -7.052780448592774e-07, '3': 0.0003718504629048109, '4': -0.0007765116659481598, '5': -0.009010342492830435, '6': 1.3056433106609705e-06, '7': 0.003646370362366821, '8': 3.94089822657811e-09, '9': 0.00038549766967399535}",0.828125,cluster_threshold,nonvictim_mean_delta_tpr
-0.038942677489114993,-0.007157332904880171,-0.022143140990352524,10,nbaiot,1.0,0,10,0,0.1,False,-0.022143140990352524,-0.011926734177370354,nonvictim_worst_delta_tpr,10,"{'0': -0.047702083947962284, '1': -6.7472631916951385e-06, '2': -4.2201738374313275e-06, '3': -0.023858050305026617, '4': -0.05392604662274144, '5': -0.07208596713021491, '6': -1.0317617538298702e-06, '7': -3.009603796177984e-07, '8': -2.4064686840772095e-07, '9': -0.023846721091549013}",0.001953125,cluster_threshold,nonvictim_worst_delta_tpr
-0.0010578674665921643,0.00056090020150049,-0.00010895464588767131,10,nbaiot,0.376953125,6,10,6,0.1,False,-0.00010895464588767131,7.357956523812049e-06,nonvictim_mean_delta_fpr,4,"{'0': 0.0013689103001773427, '1': 1.2759447420613089e-05, '2': -0.00014196148046639797, '3': 0.0002635128732839108, '4': -0.0038659255374111755, '5': -2.4423516702578466e-05, '6': 0.00019701731830053267, '7': -4.5202678723634606e-05, '8': 1.9564656270110095e-06, '9': 0.001143810349617663}",0.939453125,cluster_threshold,nonvictim_mean_delta_fpr
0.0009242872673093657,0.011227520591922674,0.005408353188879209,10,nbaiot,0.0107421875,9,10,9,0.1,True,0.005408353188879209,0.0012153749455002263,nonvictim_worst_delta_fpr,0,"{'0': 0.024027432114334106, '1': 0.0013204699767244321, '2': 0.0, '3': 0.0062141582092932095, '4': 0.0018050901745380113, '5': 0.0011102799142760202, '6': 0.0008231830581777871, '7': 0.00019644464605410536, '8': 4.704111393357783e-05, '9': 0.01853943268146084}",0.00390625,cluster_threshold,nonvictim_worst_delta_fpr
-0.0012776215073303215,0.0006793892044940155,-0.00017602003234627552,10,nbaiot,0.828125,4,10,4,0.1,False,-0.00017602003234627552,-3.849214889693444e-06,nonvictim_mean_delta_ba,6,"{'0': -0.00029782058045060844, '1': -6.722167414994577e-06, '2': 7.062810121076513e-05, '3': 5.416879481044381e-05, '4': 0.001544706935731516, '5': -0.004492959488063933, '6': -9.78558374949346e-05, '7': 0.001845786520545217, '8': -9.76262364392312e-07, '9': -0.00037915633997183396}",0.783203125,cluster_threshold,nonvictim_mean_delta_ba
-0.002604166239017375,0.0022811619642977197,1.602973759980621e-05,10,nbaiot,0.376953125,6,10,6,0.1,False,1.602973759980621e-05,3.460148835628504e-06,nonvictim_mean_delta_macro_f1,4,"{'0': 0.0025897940506018307, '1': -1.6089445231906124e-05, '2': 5.78653536528442e-06, '3': 0.0015138567213184141, '4': -0.0022025197832795493, '5': -0.00968759343646022, '6': -6.978331431243638e-06, '7': 0.006842634560638265, '8': 1.1337623059725878e-06, '9': 0.0011202727421712134}",0.994140625,cluster_threshold,nonvictim_mean_delta_macro_f1
-6471.522222222223,6787.924166666668,86.21111111111124,10,nbaiot,0.828125,4,10,4,0.1,False,86.21111111111124,-3.3333333333333335,nonvictim_delta_fn_total,5,"{'0': -298.77777777777777, '1': 4.666666666666667, '2': 2.888888888888889, '3': -276.77777777777777, '4': 311.6666666666667, '5': 22805.88888888889, '6': -6.666666666666667, '7': -21539.222222222223, '8': 0.0, '9': -141.55555555555554}",0.859375,cluster_threshold,nonvictim_delta_fn_total
-55.97805555555556,-5.099722222222226,-28.7,10,nbaiot,0.9453125,3,10,3,0.1,False,-28.7,-5.611111111111112,nonvictim_delta_fp_total,7,"{'0': -103.55555555555556, '1': 3.3333333333333335, '2': -10.333333333333334, '3': -87.66666666666667, '4': -38.77777777777778, '5': 7.222222222222222, '6': 13.11111111111111, '7': -0.8888888888888888, '8': -0.6666666666666666, '9': -68.77777777777777}",0.08984375,cluster_threshold,nonvictim_delta_fp_total
-0.0008836880562789036,0.00039537186360582096,-0.00012967826611264314,10,nbaiot,0.376953125,6,10,6,0.1,False,-0.00012967826611264314,8.23404423211421e-06,delta_mean_fpr,4,"{'0': 0.0008701204941089941, '1': -0.00010758069481765081, '2': -0.00011955971736129978, '3': 2.9954260582125568e-05, '4': -0.0031284553255122236, '5': 6.198159851029487e-06, '6': 0.00019059902166632114, '7': -3.8962158731055715e-05, '8': 1.0269928613198933e-05, '9': 0.0009906333704741298}",0.8671875,cluster_threshold,delta_mean_fpr
-0.00874734021753145,0.02018421802842074,0.004708751889914399,10,nbaiot,0.828125,4,10,4,0.1,False,0.004708751889914399,-0.000676976277618751,delta_cv_fpr,6,"{'0': 0.03930900927375781, '1': -0.001666179795027836, '2': -0.0011811707080184124, '3': -0.011083633201916274, '4': -0.032803778177049984, '5': 0.0022166667988544795, '6': 0.0004920424245886802, '7': -0.001596789751835032, '8': -0.00017278184721908959, '9': 0.05357413388300966}",0.58984375,cluster_threshold,delta_cv_fpr
-0.004423098447094514,9.503524752173815e-05,-0.002127034410282477,10,nbaiot,0.9453125,3,10,3,0.1,False,-0.002127034410282477,-0.0018126007169484441,fixed_cluster_victim_delta_tau,7,"{'0': -0.009501210310393018, '1': -0.002643673866987137, '2': 0.00021428490678452995, '3': 0.00225365973181176, '4': -0.003246794082224854, '5': -0.005783593727068711, '6': -0.004091545001223795, '7': -0.0009173579410546029, '8': -0.0009815275669097512, '9': 0.0034274137544408056}",0.109375,cluster_threshold,fixed_cluster_victim_delta_tau
-0.01254455571969904,7.881284729296019e-07,-0.005079667625841907,10,nbaiot,0.376953125,6,10,6,0.1,False,-0.005079667625841907,1.7862846719994705e-07,fixed_cluster_victim_delta_tpr,4,"{'0': 1.4156260996458749e-06, '1': 8.809869636953552e-07, '2': -0.023845606736074665, '3': -4.009793519690577e-07, '4': 8.019587039381154e-07, '5': -0.026955581292968225, '6': 2.125220194049149e-06, '7': 1.3365978399379782e-07, '8': 2.235971504060963e-07, '9': -6.682989199443176e-07}",0.466796875,cluster_threshold,fixed_cluster_victim_delta_tpr
1.8485522311743705e-05,0.0001876204475367434,9.623984717662625e-05,10,nbaiot,0.0546875,8,10,8,0.1,True,9.623984717662625e-05,6.821600999108935e-05,fixed_cluster_victim_delta_fpr,2,"{'0': 0.00040604120631422606, '1': 8.957129135900916e-05, '2': 5.965438747944324e-05, '3': 4.2191308724319705e-05, '4': -3.640402433006681e-05, '5': 0.0002511715722798638, '6': 0.00013925264859257722, '7': 1.0962001209598171e-05, '8': 7.677763250273546e-05, '9': -7.681955236544348e-05}",0.04296875,cluster_threshold,fixed_cluster_victim_delta_fpr
-0.0013618293669826742,0.0018752415885399905,0.00010934432639194069,10,nbaiot,0.828125,4,10,4,0.1,False,0.00010934432639194069,-0.0002413490867481537,fixed_cluster_delta_cv_fpr,6,"{'0': 0.006516657211637966, '1': 0.0021143281271361275, '2': -0.0011811707080184124, '3': -0.003828263153438279, '4': -0.0003099163262772178, '5': 0.0006191303528072635, '6': 0.0004920424245886802, '7': -0.001596789751835032, '8': -0.00017278184721908959, '9': -0.001559793065462599}",0.908203125,cluster_threshold,fixed_cluster_delta_cv_fpr
-4.81357435857582e-05,0.00013364684723831717,3.8619652859588145e-05,10,nbaiot,0.376953125,6,10,6,0.1,False,3.8619652859588145e-05,3.092928461787339e-05,fixed_cluster_delta_mean_fpr,4,"{'0': 0.0003479100057605509, '1': 0.00011691463855237338, '2': -0.00011955971736129978, '3': -0.00012117936287594977, '4': 5.1588640622547856e-05, '5': 8.442968303084568e-05, '6': 0.00019059902166632114, '7': -3.8962158731055715e-05, '8': 1.0269928613198933e-05, '9': -0.0001358141506816511}",0.466796875,cluster_threshold,fixed_cluster_delta_mean_fpr
-1.4403215254734382e-07,0.001094202038301903,0.00036480712013680706,10,nbaiot,0.171875,7,10,7,0.1,False,0.00036480712013680706,2.1636346180967413e-07,fixed_cluster_nonvictim_mean_delta_tpr,3,"{'0': 1.437231655759356e-06, '1': 1.0023297450753279e-07, '2': -7.052780448592774e-07, '3': -7.088726494354646e-07, '4': 3.3249394911181546e-07, '5': 3.6577839897476244e-07, '6': 1.3056433106609705e-06, '7': 0.003646370362366821, '8': 3.94089822657811e-09, '9': -4.303314916970841e-07}",0.244140625,cluster_threshold,fixed_cluster_nonvictim_mean_delta_tpr
-5.893698733165861e-05,0.0001293339564622393,3.141712856995781e-05,10,nbaiot,0.376953125,6,10,6,0.1,False,3.141712856995781e-05,3.2272094684318774e-05,fixed_cluster_nonvictim_mean_delta_fpr,4,"{'0': 0.00034064360569134, '1': 0.00012033255695154657, '2': -0.00014196148046639797, '3': -0.00014160069682598689, '4': 6.258772374162654e-05, '5': 6.358694687471475e-05, '6': 0.00019701731830053267, '7': -4.5202678723634606e-05, '8': 1.9564656270110095e-06, '9': -0.00014318847547117392}",0.580078125,cluster_threshold,fixed_cluster_nonvictim_mean_delta_fpr
-0.00805287794426017,0.008057102327097453,1.4702482405402586e-06,10,nbaiot,0.623046875,5,10,5,0.2,False,1.4702482405402586e-06,2.1757203806803558e-07,victim_delta_tpr,5,"{'0': -2.6489232486505267e-07, '1': -1.1009567367770146e-06, '2': 3.0521900496214037e-06, '3': 0.02685526771980516, '4': 2.4605777919381765e-06, '5': -0.02684575417330017, '6': 1.3499341896785723e-06, '7': 4.788664937052347e-07, '8': -4.3722417569163554e-08, '9': -7.430611453177841e-07}",0.57421875,cluster_threshold,victim_delta_tpr
-0.0004998543173537649,0.0009460400779657112,0.00019469088471155716,10,nbaiot,0.376953125,6,10,6,0.2,False,0.00019469088471155716,8.016356193322642e-05,victim_delta_fpr,4,"{'0': -0.0002119556682328845, '1': 3.817567357063123e-05, '2': 0.0025927302857013407, '3': 0.0013328459622191735, '4': 0.0007808756808623797, '5': -0.00042469512531180607, '6': 0.00023723954585779203, '7': -0.0005953213445346583, '8': 0.0001221514502958216, '9': -0.0019251376133122178}",0.626953125,cluster_threshold,victim_delta_fpr
-6697.655555555555,6694.622222222222,-1.0222222222222224,10,nbaiot,0.623046875,5,10,5,0.2,False,-1.0222222222222224,-0.1111111111111111,victim_delta_fn,5,"{'0': 0.2222222222222222, '1': 0.5555555555555556, '2': -1.6666666666666667, '3': -22324.555555555555, '4': -1.0, '5': 22317.0, '6': -1.1111111111111112, '7': -0.4444444444444444, '8': 0.2222222222222222, '9': 0.5555555555555556}",0.576171875,cluster_threshold,victim_delta_fn
-5.755555555555555,7.033333333333334,0.8111111111111114,10,nbaiot,0.171875,7,10,7,0.2,False,0.8111111111111114,0.4444444444444444,victim_delta_fp,3,"{'0': 0.2222222222222222, '1': 0.3333333333333333, '2': 19.77777777777778, '3': 6.0, '4': 8.333333333333334, '5': -1.2222222222222223, '6': 1.3333333333333333, '7': -5.222222222222222, '8': 0.5555555555555556, '9': -22.0}",0.763671875,cluster_threshold,victim_delta_fp
-0.003924979614130957,0.0037699449100513705,-9.661031823551648e-05,10,nbaiot,0.828125,4,10,4,0.2,False,-9.661031823551648e-05,-4.03679507552009e-05,victim_delta_ba,6,"{'0': 0.0001058453879540079, '1': -1.9638315153700267e-05, '2': -0.0012948390478258773, '3': 0.012761210878792993, '4': -0.0003892075515352151, '5': -0.0132105295239942, '6': -0.00011794480583407176, '7': 0.0002979001055141521, '8': -6.109758635670154e-05, '9': 0.0009621972760834504}",0.79296875,cluster_threshold,victim_delta_ba
-0.01798596545288406,0.017981974098161872,-7.558736113374829e-07,10,nbaiot,0.828125,4,10,4,0.2,False,-7.558736113374829e-07,-1.3415719196857578e-05,victim_delta_macro_f1,6,"{'0': 4.490068065188257e-06, '1': -3.819350952455953e-06, '2': -8.828603668369844e-05, '3': 0.05994747179946203, '4': -7.528286090705303e-05, '5': -0.05999230030546562, '6': -2.3012087441259206e-05, '7': 0.00015873650943952643, '8': -2.8194308837733068e-05, '9': 9.263783720770475e-05}",0.984375,cluster_threshold,victim_delta_macro_f1
-0.0046478707896878265,0.004075871969499754,-0.00019228518780749264,10,nbaiot,0.623046875,5,10,5,0.2,False,-0.00019228518780749264,-1.9339130983656952e-07,nonvictim_mean_delta_tpr,5,"{'0': -8.836922850851014e-07, '1': 5.8168655639148327e-08, '2': -0.002979491052522182, '3': 0.00336645888863835, '4': -0.0011638804398325885, '5': -0.01575029334154055, '6': 1.2670857891134795e-06, '7': 0.014217811869889827, '8': -4.449512753122874e-07, '9': 0.0003865455864078649}",0.859375,cluster_threshold,nonvictim_mean_delta_tpr
-0.053043042354609986,-0.0023920460978062437,-0.02546095025285877,10,nbaiot,1.0,0,10,0,0.2,False,-0.02546095025285877,-1.3408275187124879e-05,nonvictim_worst_delta_tpr,10,"{'0': -7.220018470483542e-06, '1': -3.511729175478509e-07, '2': -0.02384617433980059, '3': -1.9596531903766214e-05, '4': -0.0808841500447612, '5': -0.12599902188190729, '6': -7.251679996736174e-07, '7': -3.1071059528967973e-06, '8': -2.7203701119773684e-06, '9': -0.02384643589476228}",0.001953125,cluster_threshold,nonvictim_worst_delta_tpr
-0.0012482907430927557,0.00044915879937447103,-0.0002602423494920983,10,nbaiot,0.828125,4,10,4,0.2,False,-0.0002602423494920983,-4.111451876152304e-05,nonvictim_mean_delta_fpr,6,"{'0': -8.135921723418808e-05, '1': 4.184511211672667e-05, '2': -2.5475134190865345e-05, '3': 0.0002844551950829557, '4': -0.004122856557537902, '5': -0.00027470876355783537, '6': 0.000120940056453637, '7': -6.818573787508735e-05, '8': -5.6753903332180735e-05, '9': 0.0015796754551537567}",0.71875,cluster_threshold,nonvictim_mean_delta_fpr
0.0010823503813378618,0.007799191544713878,0.003796414122876249,10,nbaiot,0.0009765625,10,10,10,0.2,True,0.003796414122876249,0.0010855607211602612,nonvictim_worst_delta_fpr,0,"{'0': 0.0004725443384366559, '1': 0.00045390287209705414, '2': 0.0010662178584512126, '3': 0.006488780753226328, '4': 0.002388369217481544, '5': 0.0011049035838693098, '6': 0.0007437470538088076, '7': 0.0063030407702154515, '8': 9.273611276711268e-05, '9': 0.018849898668409013}",0.001953125,cluster_threshold,nonvictim_worst_delta_fpr
-0.002176593520831124,0.0021443014440527264,3.3978580842301535e-05,10,nbaiot,0.623046875,5,10,5,0.2,False,3.3978580842301535e-05,3.630502148945718e-06,nonvictim_mean_delta_ba,5,"{'0': 4.0237762474543445e-05, '1': -2.0893471730546825e-05, '2': -0.0014770079591656614, '3': 0.0015410018467776959, '4': 0.0014794880588526677, '5': -0.007737792288991364, '6': -5.983648533225879e-05, '7': 0.007142998803882443, '8': 2.815447602843826e-05, '9': -0.0005965649343729417}",0.94140625,cluster_threshold,nonvictim_mean_delta_ba
-0.0073353332508596875,0.008064201921228436,0.00018019130142322027,10,nbaiot,0.623046875,5,10,5,0.2,False,0.00018019130142322027,-1.3239245685550365e-07,nonvictim_mean_delta_macro_f1,5,"{'0': 1.028831583229115e-06, '1': -1.2936164969401222e-06, '2': -0.005987337116125067, '3': 0.007640528550822482, '4': -0.003712999196867942, '5': -0.025003187403090793, '6': -2.872090953792551e-06, '7': 0.027763083338268626, '8': 5.179527782223235e-06, '9': 0.0010997821893101768}",0.919921875,cluster_threshold,nonvictim_mean_delta_macro_f1
-25757.969722222224,20115.188888888886,-1868.400000000001,10,nbaiot,0.623046875,5,10,5,0.2,False,-1868.400000000001,0.8333333333333334,nonvictim_delta_fn_total,5,"{'0': 5.444444444444445, '1': -0.5555555555555556, '2': 22013.88888888889, '3': -22158.222222222223, '4': 460.44444444444446, '5': 67167.22222222222, '6': -6.111111111111111, '7': -86021.55555555556, '8': 2.2222222222222223, '9': -146.77777777777777}",0.892578125,cluster_threshold,nonvictim_delta_fn_total
-25.06749999999999,39.83416666666665,4.333333333333331,10,nbaiot,0.828125,4,10,4,0.2,False,4.333333333333331,-2.8333333333333335,nonvictim_delta_fp_total,6,"{'0': -1.4444444444444444, '1': 2.888888888888889, '2': -4.222222222222222, '3': -81.77777777777777, '4': 31.77777777777778, '5': -8.88888888888889, '6': 5.666666666666667, '7': 135.88888888888889, '8': -5.0, '9': -31.555555555555557}",0.82421875,cluster_threshold,nonvictim_delta_fp_total
-0.0010614067123327206,0.0003723453768599425,-0.000209694212358359,10,nbaiot,0.623046875,5,10,5,0.2,False,-0.000209694212358359,2.2809330079312852e-06,delta_mean_fpr,5,"{'0': -9.586993401181925e-05, '1': 4.14373967227132e-05, '2': 0.00026543657913049673, '3': 0.00040094305809809276, '4': -0.0035779974199378756, '5': -0.0002913739148638273, '6': 0.000133862221942991, '7': -0.00012675636083726773, '8': -3.687553070685063e-05, '9': 0.001190251780879756}",0.83984375,cluster_threshold,delta_mean_fpr
-0.01629304760921486,0.012691758761864546,-0.0024915061518184164,10,nbaiot,0.828125,4,10,4,0.2,False,-0.0024915061518184164,-0.0009510276815736796,delta_cv_fpr,6,"{'0': -0.0006669417877485958, '1': 0.0014884026892343608, '2': -0.0012586752336890426, '3': -0.008408368487609445, '4': -0.02250798044900098, '5': 0.0005970021445196624, '6': 0.0020989123522909825, '7': -0.04706139067580904, '8': -0.0012351135753987633, '9': 0.0520390915050267}",0.7109375,cluster_threshold,delta_cv_fpr
-0.002035133972996819,0.0020526389729886335,-3.0951750361276934e-05,10,nbaiot,0.828125,4,10,4,0.2,False,-3.0951750361276934e-05,-0.0007778697785129475,fixed_cluster_victim_delta_tau,6,"{'0': 0.00599914892335175, '1': -0.0005680046561695338, '2': -0.0017037799098977722, '3': -0.004108460785614106, '4': 0.0037418207015702965, '5': 0.0033017171029416153, '6': -0.0049769947236331475, '7': -0.0009877349008563612, '8': 0.0003241101210866817, '9': -0.0013313393763921915}",0.982421875,cluster_threshold,fixed_cluster_victim_delta_tau
-0.008053748626869235,4.3844849023147747e-07,-0.0026844670422146604,10,nbaiot,0.623046875,5,10,5,0.2,False,-0.0026844670422146604,3.163233342237979e-08,fixed_cluster_victim_delta_tpr,5,"{'0': -2.6489232486505267e-07, '1': -1.1009567367770146e-06, '2': -4.595391258200977e-07, '3': 7.448999365790144e-07, '4': 1.0698708441392313e-07, '5': -0.02684575417330017, '6': 1.3499341896785723e-06, '7': 4.788664937052347e-07, '8': -4.3722417569163554e-08, '9': 2.7217405422034585e-07}",0.69140625,cluster_threshold,fixed_cluster_victim_delta_tpr
-0.00011221944116176312,0.00014982064932762324,2.5415053660787985e-05,10,nbaiot,0.171875,7,10,7,0.2,False,2.5415053660787985e-05,7.016734063177533e-05,fixed_cluster_victim_delta_fpr,3,"{'0': -0.0002119556682328845, '1': 3.817567357063123e-05, '2': 1.9398215353072705e-05, '3': 0.00019551300799682482, '4': -0.00012290607963372013, '5': -0.00042469512531180607, '6': 0.00023723954585779203, '7': 0.00010215900769291942, '8': 0.0001221514502958216, '9': 0.0002990705090192288}",0.716796875,cluster_threshold,fixed_cluster_victim_delta_fpr
-0.0005053789756613254,0.0019536702818647163,0.0006338590893991728,10,nbaiot,0.623046875,5,10,5,0.2,False,0.0006338590893991728,0.00028763004612286647,fixed_cluster_delta_cv_fpr,5,"{'0': -0.0006669417877485958, '1': 0.0014884026892343608, '2': -0.0013630525802590264, '3': 0.005044962577771404, '4': 0.0012422018799943288, '5': -0.0009847369342871337, '6': 0.0020989123522909825, '7': -0.0010107761340795286, '8': -0.0012351135753987633, '9': 0.0017247324064737007}",0.3828125,cluster_threshold,fixed_cluster_delta_cv_fpr
-6.074668517430074e-05,8.752513493691238e-05,1.473024913071034e-05,10,nbaiot,0.376953125,6,10,6,0.2,False,1.473024913071034e-05,4.8787509535866034e-05,fixed_cluster_delta_mean_fpr,4,"{'0': -9.586993401181925e-05, '1': 4.14373967227132e-05, '2': 0.00011605120983150221, '3': 0.00018696677911470236, '4': -0.000117179209575844, '5': -0.00021314239168401035, '6': 0.000133862221942991, '7': 5.613762234901886e-05, '8': -3.687553070685063e-05, '9': 7.591432732469998e-05}",0.71875,cluster_threshold,fixed_cluster_delta_mean_fpr
-0.002021682401432871,0.002187950807456457,5.5448836725132704e-05,10,nbaiot,0.376953125,6,10,6,0.2,False,5.5448836725132704e-05,7.325896643407055e-08,fixed_cluster_nonvictim_mean_delta_tpr,4,"{'0': -8.836922850851014e-07, '1': 5.8168655639148327e-08, '2': 5.177442227490466e-07, '3': 1.142694969057883e-06, '4': -5.802450726928742e-07, '5': -0.006739585070311141, '6': 1.2670857891134795e-06, '7': 0.007292908283281769, '8': -4.449512753122874e-07, '9': 8.834927722899275e-08}",0.65625,cluster_threshold,fixed_cluster_nonvictim_mean_delta_tpr
-5.6717386068459814e-05,8.31292663637639e-05,1.3394648564450472e-05,10,nbaiot,0.376953125,6,10,6,0.2,False,1.3394648564450472e-05,4.493245836480672e-05,fixed_cluster_nonvictim_mean_delta_fpr,4,"{'0': -8.135921723418808e-05, '1': 4.184511211672667e-05, '2': 0.00012813283414130018, '3': 0.0001858985005044347, '4': -0.00011646335081860667, '5': -0.00018669829998054215, '6': 0.000120940056453637, '7': 5.0384949181037016e-05, '8': -5.6753903332180735e-05, '9': 4.8019804612886764e-05}",0.728515625,cluster_threshold,fixed_cluster_nonvictim_mean_delta_fpr
-0.0017836934532790988,0.029688736521152517,0.012885785420424128,10,nbaiot,0.376953125,6,10,6,0.4,False,0.012885785420424128,5.094627467376138e-06,victim_delta_tpr,4,"{'0': 0.0268531155518899, '1': 0.02685136476209083, '2': -0.023848014180166934, '3': 0.02689475148343776, '4': 9.249476854384437e-06, '5': 9.39778080367838e-07, '6': -1.2902186496349049e-07, '7': 0.07209676707247129, '8': -5.4631524236557915e-08, '9': -1.3608702710400502e-07}",0.078125,cluster_threshold,victim_delta_tpr
-0.00281276537479981,0.0025674022091947235,1.722819436716457e-05,10,nbaiot,0.828125,4,10,4,0.4,False,1.722819436716457e-05,-6.87486719308717e-05,victim_delta_fpr,6,"{'0': -0.0009217195726456252, '1': 0.0021058077800707887, '2': -0.0012178023822573747, '3': 0.007837026578676706, '4': 0.0036174326811307667, '5': 6.824707221848241e-05, '6': -0.0010427602366551321, '7': -0.010136452633005224, '8': -4.590192516439167e-05, '9': -9.159541869735174e-05}",0.98046875,cluster_threshold,victim_delta_fpr
-15725.57,2169.3244444444445,-6780.344444444445,10,nbaiot,0.9453125,3,10,3,0.4,False,-6780.344444444445,-3.8333333333333335,victim_delta_fn,7,"{'0': -22323.0, '1': -22321.666666666668, '2': 22020.0, '3': -22353.444444444445, '4': -6.888888888888889, '5': -0.7777777777777778, '6': -0.7777777777777778, '7': -22817.222222222223, '8': 0.2222222222222222, '9': 0.1111111111111111}",0.0703125,cluster_threshold,victim_delta_fn
-7.600277777777775,17.46749999999999,3.822222222222223,10,nbaiot,0.828125,4,10,4,0.4,False,3.822222222222223,-0.3888888888888889,victim_delta_fp,5,"{'0': -26.444444444444443, '1': 10.88888888888889, '2': -10.444444444444445, '3': 50.333333333333336, '4': 25.555555555555557, '5': -0.7777777777777778, '6': -9.0, '7': 0.0, '8': 0.1111111111111111, '9': -2.0}",0.64453125,cluster_threshold,victim_delta_fp
-0.0011236572235450166,0.015423071524949289,0.0064342786130284725,10,nbaiot,0.171875,7,10,7,0.4,False,0.0064342786130284725,0.00028352263661509297,victim_delta_ba,3,"{'0': 0.013887417562267758, '1': 0.012372778491010003, '2': -0.011315105898954804, '3': 0.009528862452380518, '4': -0.0018040916021381742, '5': -3.365364706903801e-05, '6': 0.0005213156073950515, '7': 0.04111660985273821, '8': 2.2923646820068495e-05, '9': 4.5729665835134467e-05}",0.193359375,cluster_threshold,victim_delta_ba
-0.0035472038470227606,0.046117165060081886,0.021304760239039627,10,nbaiot,0.0546875,8,10,8,0.4,True,0.021304760239039627,0.0001595014083056333,victim_delta_macro_f1,2,"{'0': 0.059794347032833976, '1': 0.05960121045750292, '2': -0.04789819823336592, '3': 0.06026273849254544, '4': -0.0001968879028026819, '5': 4.2009158323783354e-05, '6': 0.00027699365828748324, '7': 0.08112535361503176, '8': 2.3917077908824298e-05, '9': 1.6119034130673222e-05}",0.080078125,cluster_threshold,victim_delta_macro_f1
-0.0022279820253907428,0.011456746915559516,0.0029809051719206195,10,nbaiot,0.623046875,5,10,5,0.4,False,0.0029809051719206195,3.5167929086882573e-07,nonvictim_mean_delta_tpr,5,"{'0': 0.000773672333456783, '1': -0.0029879201549953046, '2': -0.0029813331945778934, '3': 0.0041102182518308146, '4': -0.004920043008172426, '5': -0.0033690793039495848, '6': 1.1124484787247085e-06, '7': 0.03879654055304505, '8': -4.09089896987057e-07, '9': 0.00038629288398701656}",0.83984375,cluster_threshold,nonvictim_mean_delta_tpr
-0.05953220379050222,-0.01255559348136018,-0.032877814111217825,10,nbaiot,1.0,0,10,0,0.4,False,-0.032877814111217825,-0.02385871438741626,nonvictim_worst_delta_tpr,10,"{'0': -0.04769792400333095, '1': -0.02386669774664356, '2': -0.023850731028188958, '3': -0.04772949546477492, '4': -0.13480654414726392, '5': -0.026956459852688783, '6': -2.9173725007621463e-06, '7': -1.6596096262502494e-05, '8': -3.6172615681734973e-06, '9': -0.023847158138955733}",0.001953125,cluster_threshold,nonvictim_worst_delta_tpr
-0.0022929126184619243,0.000562694705000939,-0.0005252492380102864,10,nbaiot,0.623046875,5,10,5,0.4,False,-0.0005252492380102864,-6.253396843349122e-06,nonvictim_mean_delta_fpr,5,"{'0': 0.0013294895434766722, '1': -0.0003530007951853925, '2': 5.658235580412059e-06, '3': -0.00013731253912783697, '4': -0.007852384489811804, '5': 0.00010997465852548925, '6': 0.0004494281163812395, '7': -1.8165029267110304e-05, '8': -2.6259852782842677e-05, '9': 0.001240079772108311}",0.87890625,cluster_threshold,nonvictim_mean_delta_fpr
0.005092194548308736,0.016721976873021942,0.01062087320279361,10,nbaiot,0.0009765625,10,10,10,0.4,True,0.01062087320279361,0.0065059193973934,nonvictim_worst_delta_fpr,0,"{'0': 0.023041920562957532, '1': 0.007739128383170941, '2': 0.002589385344243834, '3': 0.017214135062710908, '4': 0.0052727104116158585, '5': 0.0005802727323700849, '6': 0.003595768269883644, '7': 0.0271074400214706, '8': 0.0003059236408787039, '9': 0.01876204759863401}",0.001953125,cluster_threshold,nonvictim_worst_delta_fpr
-0.0007505401603082191,0.0059257666689703885,0.0017530772049654491,10,nbaiot,0.828125,4,10,4,0.4,False,0.0017530772049654491,-0.00025103321948060655,nonvictim_mean_delta_ba,6,"{'0': -0.0002779086050099537, '1': -0.0013174596799049557, '2': -0.0014934957150791615, '3': 0.0021237653954793204, '4': 0.0014661707408196985, '5': -0.0017395269812375393, '6': -0.00022415783395125942, '7': 0.01940735279115606, '8': 1.292538144292822e-05, '9': -0.0004268934440606485}",0.689453125,cluster_threshold,nonvictim_mean_delta_ba
-0.004878777288900665,0.018471801309500217,0.004484621324663948,10,nbaiot,0.828125,4,10,4,0.4,False,0.004484621324663948,-9.679340935551487e-06,nonvictim_mean_delta_macro_f1,6,"{'0': 0.0026285664972075648, '1': -0.005932629447294204, '2': -0.006019873542884623, '3': 0.010787420670566587, '4': -0.011901512212056466, '5': -0.007654313083098972, '6': -1.4350327915643877e-05, '7': 0.06184060307691879, '8': -5.008353955459097e-06, '9': 0.0011173099691518921}",0.802734375,cluster_threshold,nonvictim_mean_delta_macro_f1
-50205.56611111111,13418.636944444444,-10855.7,10,nbaiot,0.623046875,5,10,5,0.4,False,-10855.7,-1.4444444444444446,nonvictim_delta_fn_total,5,"{'0': -290.6666666666667, '1': 22057.11111111111, '2': 22023.222222222223, '3': -22714.0, '4': 22789.444444444445, '5': 22176.333333333332, '6': -4.888888888888889, '7': -174450.33333333334, '8': 2.0, '9': -145.22222222222223}",0.82421875,cluster_threshold,nonvictim_delta_fn_total
-124.94555555555556,66.83333333333333,-33.666666666666664,10,nbaiot,0.9453125,3,10,3,0.4,False,-33.666666666666664,-35.11111111111111,nonvictim_delta_fp_total,6,"{'0': -102.77777777777777, '1': -131.88888888888889, '2': -6.777777777777778, '3': -317.22222222222223, '4': -77.0, '5': 9.0, '6': 24.666666666666668, '7': 328.77777777777777, '8': 0.0, '9': -63.44444444444444}",0.52734375,cluster_threshold,nonvictim_delta_fp_total
-0.0019836690663430478,0.0005159826524797102,-0.00046497396774612546,10,nbaiot,0.623046875,5,10,5,0.4,False,-0.00046497396774612546,3.844797738862615e-05,delta_mean_fpr,5,"{'0': 0.001079355197240862, '1': -7.979984237915177e-05, '2': -0.0001302818330682269, '3': 0.0007487251406282277, '4': -0.006577960359707079, '5': 0.00010533826004693803, '6': 0.0002836294104883136, '7': -0.0011424192074602412, '8': -2.8442305269685737e-05, '9': 0.0010921158620187882}",0.79296875,cluster_threshold,delta_mean_fpr
-0.05857982317594243,0.012726881895431136,-0.01769099715346667,10,nbaiot,0.9453125,3,10,3,0.4,False,-0.01769099715346667,-0.0033616575934467974,delta_cv_fpr,7,"{'0': 0.0315163068540429, '1': -0.016969457381005096, '2': -0.004150369195761222, '3': -0.00911258593437931, '4': -0.04985783298012953, '5': 0.0005568668266804108, '6': -0.002572945991132373, '7': -0.17726498744257663, '8': -0.0012475097277772568, '9': 0.052192543437371404}",0.50390625,cluster_threshold,delta_cv_fpr
-0.003871732557709845,0.002011167873524994,-0.001023458611840971,10,nbaiot,0.623046875,5,10,5,0.4,False,-0.001023458611840971,-0.001197542257054844,fixed_cluster_victim_delta_tau,5,"{'0': -0.006587088384010435, '1': -0.00748744002646854, '2': 0.007510351403443965, '3': 0.0013333901900935202, '4': -0.004041142823795622, '5': 0.0026234451060494334, '6': -0.0025613399015528312, '7': -0.005564006110998384, '8': 0.004372989041386039, '9': 0.00016625538744314335}",0.53125,cluster_threshold,fixed_cluster_victim_delta_tau
-0.0071543779175932635,3.8757765819972625e-07,-0.0023846298748503554,10,nbaiot,0.828125,4,10,4,0.4,False,-0.0023846298748503554,-6.92571351071061e-08,fixed_cluster_victim_delta_tpr,6,"{'0': 7.995314608279081e-07, '1': -8.388274597765428e-08, '2': -0.023848014180166934, '3': -3.5120231397758576e-07, '4': 3.4862379177935665e-07, '5': 9.39778080367838e-07, '6': -1.2902186496349049e-07, '7': 3.8232380666297024e-07, '8': -5.4631524236557915e-08, '9': -1.3608702710400502e-07}",0.87109375,cluster_threshold,fixed_cluster_victim_delta_tpr
-0.00016696713105347633,2.0814079474582776e-05,-7.283763701206015e-05,10,nbaiot,0.9453125,3,10,3,0.4,False,-7.283763701206015e-05,-6.87486719308717e-05,fixed_cluster_victim_delta_fpr,7,"{'0': 0.00018956008870222292, '1': 6.807384228612e-05, '2': -0.0002961319168137894, '3': -0.0002982600290098054, '4': -0.00018651045569073463, '5': 6.824707221848241e-05, '6': -8.994714603542829e-06, '7': -0.00012686291334781092, '8': -4.590192516439167e-05, '9': -9.159541869735174e-05}",0.185546875,cluster_threshold,fixed_cluster_victim_delta_fpr
-0.001771002429635543,0.0027684477804695777,0.0005061127455379552,10,nbaiot,0.376953125,6,10,6,0.4,False,0.0005061127455379552,0.00032625981126495183,fixed_cluster_delta_cv_fpr,4,"{'0': 0.006808510270149097, '1': 0.003227690539825757, '2': -0.003166449196726953, '3': 0.004553180987438115, '4': -0.0017946568355556858, '5': 0.0005568668266804108, '6': 9.565279584949287e-05, '7': -0.0060324874253027995, '8': -0.0012475097277772568, '9': 0.0020603292207993754}",0.681640625,cluster_threshold,fixed_cluster_delta_cv_fpr
-3.894636051156121e-05,0.00013681845610302859,4.95453023965372e-05,10,nbaiot,0.171875,7,10,7,0.4,False,4.95453023965372e-05,3.332579007641126e-05,fixed_cluster_delta_mean_fpr,3,"{'0': 0.00030455242540226087, '1': 0.00019828466628160854, '2': -0.00023721237119341757, '3': 6.252710514419631e-05, '4': 4.124475008626209e-06, '5': 0.00010533826004693803, '6': 0.00011850440265180926, '7': 2.0867952294994433e-06, '8': -2.8442305269685737e-05, '9': -3.431042933646334e-05}",0.306640625,cluster_threshold,fixed_cluster_delta_mean_fpr
-0.0010105524824362063,8.269611867951738e-07,-0.0003364901959492292,10,nbaiot,0.376953125,6,10,6,0.4,False,-0.0003364901959492292,6.238337471436058e-07,fixed_cluster_nonvictim_mean_delta_tpr,4,"{'0': 1.3773607933303339e-06, '1': 5.70216426681252e-07, '2': -1.1658127844405625e-06, '3': 8.872128497998554e-07, '4': 6.774510676059597e-07, '5': -0.0033690793039495848, '6': 9.986518344935285e-07, '7': 1.2825725049360316e-06, '8': -4.09089896987057e-07, '9': -4.1218338126906375e-08}",0.931640625,cluster_threshold,fixed_cluster_nonvictim_mean_delta_tpr
-2.5581834604061217e-05,0.00015288244983523874,6.484316982261181e-05,10,nbaiot,0.171875,7,10,7,0.4,False,6.484316982261181e-05,6.778966912974534e-05,fixed_cluster_nonvictim_mean_delta_fpr,3,"{'0': 0.00031892646748976346, '1': 0.0002145610192810465, '2': -0.00022984742799087634, '3': 0.00010762549691344239, '4': 2.795384134604829e-05, '5': 0.00010997465852548925, '6': 0.0001344417923087245, '7': 1.820550880167119e-05, '8': -2.6259852782842677e-05, '9': -2.7149805666348442e-05}",0.205078125,cluster_threshold,fixed_cluster_nonvictim_mean_delta_fpr
-0.06707081940670828,-0.02391661860643205,-0.041581346159893506,10,nbaiot,1.0,0,10,0,0.1,False,-0.041581346159893506,-0.02392249190287187,victim_delta_tpr,10,"{'0': -0.023890871998808332, '1': -0.02394276358275861, '2': -0.023900101730845866, '3': -0.023922253695501425, '4': -0.02700197931469631, '5': -0.1498025982379852, '6': -0.02392273011024232, '7': -0.07164176508017189, '8': -0.023894687881226617, '9': -0.023893709966698477}",0.001953125,cluster_threshold,victim_delta_tpr
-0.02111571367848711,-0.015059943957420857,-0.01805238194587611,10,nbaiot,1.0,0,10,0,0.1,False,-0.01805238194587611,-0.018291762305836318,victim_delta_fpr,10,"{'0': -0.014291490298218338, '1': -0.02081441773100982, '2': -0.012448130318551234, '3': -0.020166434946511234, '4': -0.024590525866868572, '5': -0.020146745955656447, '6': -0.016436778656016192, '7': -0.02625343366264586, '8': -0.010904083807267298, '9': -0.014471778216016104}",0.001953125,cluster_threshold,victim_delta_fpr
22062.621944444443,42377.268055555556,28912.755555555555,10,nbaiot,0.0009765625,10,10,10,0.1,True,28912.755555555555,22068.944444444445,victim_delta_fn,0,"{'0': 22047.666666666668, '1': 22074.333333333332, '2': 22049.222222222223, '3': 22068.666666666668, '4': 22204.777777777777, '5': 89361.55555555556, '6': 22069.222222222223, '7': 23151.11111111111, '8': 22050.444444444445, '9': 22050.555555555555}",0.001953125,cluster_threshold,victim_delta_fn
-226.35666666666665,-180.2877777777778,-202.95555555555555,10,nbaiot,1.0,0,10,0,0.1,False,-202.95555555555555,-183.77777777777777,victim_delta_fp,10,"{'0': -180.88888888888889, '1': -236.66666666666666, '2': -164.66666666666666, '3': -249.11111111111111, '4': -179.33333333333334, '5': -261.3333333333333, '6': -239.33333333333334, '7': -186.66666666666666, '8': -172.44444444444446, '9': -159.11111111111111}",0.001953125,cluster_threshold,victim_delta_fp
-0.024441636951280935,-0.003298115397530234,-0.011764482107008704,10,nbaiot,1.0,0,10,0,0.1,False,-0.011764482107008704,-0.004755328362818106,victim_delta_ba,10,"{'0': -0.004799690850295018, '1': -0.0015641729258743828, '2': -0.00572598570614734, '3': -0.0018779093744951186, '4': -0.001205726723913873, '5': -0.06482792614116435, '6': -0.003742975727113055, '7': -0.02269416570876305, '8': -0.00649530203697964, '9': -0.004710965875341194}",0.001953125,cluster_threshold,victim_delta_ba
-0.10971774860561301,-0.04675562827650099,-0.06993817704962732,10,nbaiot,1.0,0,10,0,0.1,False,-0.06993817704962732,-0.0468352794009369,victim_delta_macro_f1,10,"{'0': -0.0469473064602073, '1': -0.04666311683924697, '2': -0.04688214309232544, '3': -0.04638121017325413, '4': -0.05696775271156894, '5': -0.24522126733936794, '6': -0.0465204000944354, '7': -0.07044143824766289, '8': -0.04656871982865576, '9': -0.04678841570954837}",0.001953125,cluster_threshold,victim_delta_macro_f1
-0.01658340687476999,0.030214315517482656,0.0066369502902641165,10,nbaiot,0.376953125,6,10,6,0.1,False,0.0066369502902641165,0.003030791299077137,nonvictim_mean_delta_tpr,4,"{'0': -0.005187986428416843, '1': -0.0025181654607587377, '2': 0.005668323690958737, '3': 0.020936509804309517, '4': -0.007125042574207004, '5': -0.0731654591733735, '6': 0.004515689953593795, '7': 0.08794003493098296, '8': 0.03375970551499176, '9': 0.0015458926445604784}",0.578125,cluster_threshold,nonvictim_mean_delta_tpr
-0.20751380195583682,-0.058768207970540325,-0.11807284056127634,10,nbaiot,1.0,0,10,0,0.1,False,-0.11807284056127634,-0.08815467845226527,nonvictim_worst_delta_tpr,10,"{'0': -0.09542744738515793, '1': -0.10612601362765989, '2': -0.14310867574190256, '3': -0.04780794688802741, '4': -0.08089598043916696, '5': -0.48620482844459023, '6': -0.0715941214944115, '7': -4.836614625852103e-05, '8': -0.0541016489802246, '9': -0.09541337646536358}",0.001953125,cluster_threshold,nonvictim_worst_delta_tpr
-0.00068389537976217,0.0036036160008137276,0.0015070329361987222,10,nbaiot,0.171875,7,10,7,0.1,False,0.0015070329361987222,0.0018747700431308864,nonvictim_mean_delta_fpr,3,"{'0': -0.0010556033339928846, '1': 0.001044903851696825, '2': 0.004035909004970116, '3': 0.007524213316968715, '4': -0.0053587668874554096, '5': 0.0029679235959705706, '6': 0.002704636234564948, '7': -0.0015589585874712733, '8': 0.0006055146169393244, '9': 0.004160557549796291}",0.216796875,cluster_threshold,nonvictim_mean_delta_fpr
0.03275699903756892,0.06691293886679753,0.049416106749789315,10,nbaiot,0.0009765625,10,10,10,0.1,True,0.049416106749789315,0.0483435004433147,nonvictim_worst_delta_fpr,0,"{'0': 0.02549461244143454, '1': 0.038350300804121634, '2': 0.05577683192922492, '3': 0.10268008425211887, '4': 0.00840538613418342, '5': 0.0611127868776045, '6': 0.040910168957404486, '7': 0.06714065264394829, '8': 0.01874224119052544, '9': 0.07554800226732708}",0.001953125,cluster_threshold,nonvictim_worst_delta_fpr
-0.009247634399659064,0.014732128060381489,0.0025649586770326908,10,nbaiot,0.623046875,5,10,5,0.1,False,0.0025649586770326908,-3.346525019074496e-05,nonvictim_mean_delta_ba,5,"{'0': -0.002066191547211988, '1': -0.0017815346562277833, '2': 0.000816207342994299, '3': 0.006706148243670394, '4': -0.0008831378433757889, '5': -0.03806669138467204, '6': 0.0009055268595144108, '7': 0.04474949675922709, '8': 0.016577095449026216, '9': -0.0013073324526179004}",0.61328125,cluster_threshold,nonvictim_mean_delta_ba
-0.020967487669771655,0.04711899157382847,0.013011315086513885,10,nbaiot,0.376953125,6,10,6,0.1,False,0.013011315086513885,0.008226891639455763,nonvictim_mean_delta_macro_f1,4,"{'0': -0.009024678820282206, '1': -0.0011411942653307393, '2': 0.0159189477579533, '3': 0.046279727518753484, '4': -0.015339606177253325, '5': -0.10066094009281074, '6': 0.011592094132840581, '7': 0.12956047840032264, '8': 0.048066633264874925, '9': 0.0048616891460709424}",0.5,cluster_threshold,nonvictim_mean_delta_macro_f1
-120270.24444444443,65005.06194444444,-26563.466666666664,10,nbaiot,0.828125,4,10,4,0.1,False,-26563.466666666664,-11676.055555555557,nonvictim_delta_fn_total,6,"{'0': 43737.333333333336, '1': 20706.666666666668, '2': -23369.11111111111, '3': -133952.88888888888, '4': 44501.11111111111, '5': 270836.44444444444, '6': -22762.222222222223, '7': -351248.3333333333, '8': -113493.77777777778, '9': -589.8888888888889}",0.59765625,cluster_threshold,nonvictim_delta_fn_total
-411.3919444444444,-177.5580555555557,-311.87777777777785,10,nbaiot,0.9990234375,1,10,1,0.1,False,-311.87777777777785,-370.7777777777778,nonvictim_delta_fp_total,9,"{'0': -444.77777777777777, '1': -456.6666666666667, '2': -360.6666666666667, '3': -449.44444444444446, '4': -215.77777777777777, '5': -475.1111111111111, '6': -240.77777777777777, '7': 205.11111111111111, '8': -299.77777777777777, '9': -380.8888888888889}",0.00390625,cluster_threshold,nonvictim_delta_fp_total
-0.002810902455034248,0.001316019355763752,-0.000666235384031815,10,nbaiot,0.623046875,5,10,5,0.1,False,-0.000666235384031815,-0.00013685133664692172,delta_mean_fpr,5,"{'0': -0.0025262574411290422, '1': -0.0013839096574928028, '2': 0.0022043490801344143, '3': 0.004447474621026503, '4': -0.007495628996279101, '5': 0.0003996269791231292, '6': 0.0005778123578337157, '7': -0.0043027891513795664, '8': -0.0006733296524169726, '9': 0.0020902980202615745}",0.576171875,cluster_threshold,delta_mean_fpr
0.021107652163446337,0.18934767295986918,0.10971186760934896,10,nbaiot,0.0107421875,9,10,9,0.1,True,0.10971186760934896,0.11331208332374881,delta_cv_fpr,1,"{'0': 0.12394640962263256, '1': 0.14248830920069722, '2': 0.10267775702486506, '3': 0.27499401992258526, '4': 0.006113554762276313, '5': 0.27123264694158167, '6': 0.04905583273055098, '7': -0.18705409088086464, '8': 0.05046776222204566, '9': 0.26319647454711953}",0.044921875,cluster_threshold,delta_cv_fpr
0.08929226832174565,0.10882758141135637,0.0993413044546762,10,nbaiot,0.0009765625,10,10,10,0.1,True,0.0993413044546762,0.10123453359636948,fixed_cluster_victim_delta_tau,0,"{'0': 0.12553448574962323, '1': 0.11192867485461372, '2': 0.09724416249879989, '3': 0.07159047484121929, '4': 0.09022051539547997, '5': 0.11483506019123722, '6': 0.09206799361164905, '7': 0.1055476670222424, '8': 0.10522490469393908, '9': 0.07921910568795822}",0.001953125,cluster_threshold,fixed_cluster_victim_delta_tau
-0.05688224130393585,-0.011950469756616821,-0.031700815616193874,10,nbaiot,1.0,0,10,0,0.1,False,-0.031700815616193874,-0.023872614515218972,fixed_cluster_victim_delta_tpr,10,"{'0': -0.023874732660730345, '1': -0.02389992099342721, '2': -0.023870496369707603, '3': -2.1858074818495136e-05, '4': -2.657406127562181e-05, '5': -0.12591471112751004, '6': -0.02388654100994146, '7': -0.0716318305157367, '8': -1.942919770226487e-05, '9': -0.023862062151089016}",0.001953125,cluster_threshold,fixed_cluster_victim_delta_tpr
-0.009405949317852994,-0.0064533065693607216,-0.00788101434676443,10,nbaiot,1.0,0,10,0,0.1,False,-0.00788101434676443,-0.007792587024051695,fixed_cluster_victim_delta_fpr,10,"{'0': -0.00964924393004465, '1': -0.008571976061631618, '2': -0.005430305415386906, '3': -0.00701319798647177, '4': -0.012418729341719741, '5': -0.008703565898593474, '6': -0.006666307612230783, '7': -0.010528425683967264, '8': -0.00490393373923401, '9': -0.004924457798364074}",0.001953125,cluster_threshold,fixed_cluster_victim_delta_fpr
-0.013518557797184748,0.017701685648598024,0.0015380183578625275,10,nbaiot,0.623046875,5,10,5,0.1,False,0.0015380183578625275,-0.001973103783038866,fixed_cluster_delta_cv_fpr,5,"{'0': 0.05405537266006329, '1': 0.010684255458177448, '2': -0.023770121767061572, '3': -0.009178028706585763, '4': 0.025503152392768274, '5': 0.012088484693556088, '6': -0.04174103128899706, '7': -0.0083156922972177, '8': 0.0028879901403074454, '9': -0.006834197706385177}",0.859375,cluster_threshold,fixed_cluster_delta_cv_fpr
-0.004276716102629042,-0.003197993757639341,-0.003710050293463252,10,nbaiot,1.0,0,10,0,0.1,False,-0.003710050293463252,-0.003662632704498422,fixed_cluster_delta_mean_fpr,10,"{'0': -0.0037599828035186217, '1': -0.0034576505451741324, '2': -0.003565282605478223, '3': -0.003233176260432783, '4': -0.005645449661488779, '5': -0.004361766434325297, '6': -0.0038898407884482775, '7': -0.004170689944561773, '8': -0.002439275471309045, '9': -0.0025773884198955852}",0.001953125,cluster_threshold,fixed_cluster_delta_mean_fpr
-0.0170259400724081,-0.0015023438233808188,-0.0075982811483933325,10,nbaiot,1.0,0,10,0,0.1,False,-0.0075982811483933325,-0.003322570594865636,fixed_cluster_nonvictim_mean_delta_tpr,10,"{'0': -0.002988576802992018, '1': -0.0036565643867392536, '2': -0.005972119649279124, '3': -1.1648031551765735e-05, '4': -1.040442140138536e-05, '5': -0.047215551980686686, '6': -1.7864659786012243e-05, '7': -0.012316415783136284, '8': -0.0037861204036158274, '9': -7.545364744969572e-06}",0.001953125,cluster_threshold,fixed_cluster_nonvictim_mean_delta_tpr
-0.003671462503459329,-0.0027542400425478505,-0.0031886797868006045,10,nbaiot,1.0,0,10,0,0.1,False,-0.0031886797868006045,-0.0031779899584712568,fixed_cluster_nonvictim_mean_delta_fpr,10,"{'0': -0.003023825162702871, '1': -0.0028183598556169457, '2': -0.0033321547542396425, '3': -0.002760673544677914, '4': -0.004798789701459905, '5': -0.0038190415012917794, '6': -0.0035427824354754694, '7': -0.003375972977136079, '8': -0.0021311931878184188, '9': -0.0022840047475870175}",0.001953125,cluster_threshold,fixed_cluster_nonvictim_mean_delta_fpr
-0.07752598307692037,-0.027787660857651705,-0.05013570630927301,10,nbaiot,1.0,0,10,0,0.2,False,-0.05013570630927301,-0.02550485635884179,victim_delta_tpr,10,"{'0': -0.02394901447118685, '1': -0.05313850256639667, '2': -0.02393269276355599, '3': -0.023986019340837557, '4': -0.02702369337684602, '5': -0.14983196919181052, '6': -0.0239486828831975, '7': -0.09852268082141645, '8': -0.05310100028901217, '9': -0.023922807388470396}",0.001953125,cluster_threshold,victim_delta_tpr
-0.027323336993228264,-0.021276786749036575,-0.024312292187466174,10,nbaiot,1.0,0,10,0,0.2,False,-0.024312292187466174,-0.02446925444826673,victim_delta_fpr,10,"{'0': -0.021640929628218654, '1': -0.027232613014681294, '2': -0.018427821298927723, '3': -0.029525180355946392, '4': -0.02831528843158974, '5': -0.0273794953309629, '6': -0.021705895881852164, '7': -0.03189582176277631, '8': -0.01710896304369545, '9': -0.01989091312601112}",0.001953125,cluster_threshold,victim_delta_fpr
24272.663055555553,49102.700277777774,35471.41111111111,10,nbaiot,0.0009765625,10,10,10,0.2,True,35471.41111111111,22160.88888888889,victim_delta_fn,0,"{'0': 22074.444444444445, '1': 43625.88888888889, '2': 22067.555555555555, '3': 22108.666666666668, '4': 22213.11111111111, '5': 89377.55555555556, '6': 22081.666666666668, '7': 45488.666666666664, '8': 43611.555555555555, '9': 22065.0}",0.001953125,cluster_threshold,victim_delta_fn
-296.7666666666667,-243.69861111111118,-269.64444444444445,10,nbaiot,1.0,0,10,0,0.2,False,-269.64444444444445,-265.94444444444446,victim_delta_fp,10,"{'0': -271.0, '1': -314.0, '2': -245.88888888888889, '3': -340.6666666666667, '4': -209.11111111111111, '5': -324.0, '6': -275.8888888888889, '7': -239.55555555555554, '8': -260.8888888888889, '9': -215.44444444444446}",0.001953125,cluster_threshold,victim_delta_fp
-0.026040072013258798,-0.0024883978817951927,-0.012911707060903426,10,nbaiot,0.9892578125,2,10,2,0.2,False,-0.012911707060903426,-0.002384191431771888,victim_delta_ba,8,"{'0': -0.0011540424214840916, '1': -0.012952944775857697, '2': -0.002752435732314145, '3': 0.002769580507554406, '4': 0.0006457975273718657, '5': -0.061226236930423825, '6': -0.0011213935006727021, '7': -0.0333134295293201, '8': -0.017996018622658354, '9': -0.0020159471312296315}",0.03125,cluster_threshold,victim_delta_ba
-0.12760356172760273,-0.0546439364878742,-0.0864286493518625,10,nbaiot,1.0,0,10,0,0.2,False,-0.0864286493518625,-0.05153761411090198,victim_delta_macro_f1,10,"{'0': -0.04640831982780788, '1': -0.10084453253846443, '2': -0.04635865631055947, '3': -0.0458970395089536, '4': -0.05666690839399608, '5': -0.2447827761079531, '6': -0.046145394260166214, '7': -0.13017326433113346, '8': -0.1006420399976712, '9': -0.04636756224191954}",0.001953125,cluster_threshold,victim_delta_macro_f1
-0.01938773238912261,0.03085531849379189,0.007272560007742117,10,nbaiot,0.623046875,5,10,5,0.2,False,0.007272560007742117,0.0038032050655473952,nonvictim_mean_delta_tpr,5,"{'0': -0.011139069172909008, '1': -0.005132853155295974, '2': 0.026920239100518217, '3': 0.03101998742599315, '4': -0.007124887413207912, '5': -0.08813496449010289, '6': 0.008648242589990076, '7': 0.054043513689662113, '8': 0.06466722396166867, '9': -0.0010418324588952854}",0.62109375,cluster_threshold,nonvictim_mean_delta_tpr
-0.25447975214306984,-0.0973278634410367,-0.15945416159907264,10,nbaiot,1.0,0,10,0,0.2,False,-0.15945416159907264,-0.1397291251228807,nonvictim_worst_delta_tpr,10,"{'0': -0.1431397986003729, '1': -0.153834097940482, '2': -0.14311498589542979, '3': -0.047831783522663776, '4': -0.0809179500145892, '5': -0.555302732596011, '6': -0.11928807927571687, '7': -0.0716524830291683, '8': -0.1363432643503316, '9': -0.14311644076596083}",0.001953125,cluster_threshold,nonvictim_worst_delta_tpr
-0.0021827316483070012,0.0029359034136464397,0.000629665754942684,10,nbaiot,0.171875,7,10,7,0.2,False,0.000629665754942684,0.0018729941064994848,nonvictim_mean_delta_fpr,3,"{'0': -0.002197294597968105, '1': 1.556418880717758e-05, '2': 0.0043044214802597765, '3': 0.004056392519062129, '4': -0.009148749080413831, '5': 0.0019479654249982712, '6': 0.0017980227880006981, '7': -0.002821953632719048, '8': 0.002949738324451894, '9': 0.005392550134947877}",0.66796875,cluster_threshold,nonvictim_mean_delta_fpr
0.035680490898878904,0.06435562825763659,0.049823684905625096,10,nbaiot,0.0009765625,10,10,10,0.2,True,0.049823684905625096,0.04857062753450185,nonvictim_worst_delta_fpr,0,"{'0': 0.020954614798339113, '1': 0.0432329407126226, '2': 0.05220131960550913, '3': 0.08674765063790504, '4': 0.014565702897665653, '5': 0.05861128436767219, '6': 0.03238931081519724, '7': 0.058423458043839666, '8': 0.04493993546349457, '9': 0.08617063171400567}",0.001953125,cluster_threshold,nonvictim_worst_delta_fpr
-0.009962156843128936,0.015014336453209858,0.003321447126399709,10,nbaiot,0.376953125,6,10,6,0.2,False,0.003321447126399709,0.002218520367298831,nonvictim_mean_delta_ba,4,"{'0': -0.00447088728747046, '1': -0.0025742086720515803, '2': 0.01130790881012921, '3': 0.013481797453465498, '4': 0.0010119308336029725, '5': -0.045041464957550605, '6': 0.0034251099009946894, '7': 0.028432733661190552, '8': 0.03085874281860839, '9': -0.003217191296921579}",0.658203125,cluster_threshold,nonvictim_mean_delta_ba
-0.024078431489569504,0.050022231270131105,0.014901577277389708,10,nbaiot,0.376953125,6,10,6,0.2,False,0.014901577277389708,0.011435559445950812,nonvictim_mean_delta_macro_f1,4,"{'0': -0.020690976580404672, '1': -0.005511616213584084, '2': 0.04247550113840225, '3': 0.06977172278289341, '4': -0.014380423960233825, '5': -0.12220393721922404, '6': 0.022551760459952202, '7': 0.08668076268809348, '8': 0.09000362124605293, '9': 0.00031935843194942404}",0.482421875,cluster_threshold,nonvictim_mean_delta_macro_f1
-120920.8825,80364.3033333333,-25099.188888888886,10,nbaiot,0.623046875,5,10,5,0.2,False,-25099.188888888886,-12172.055555555557,nonvictim_delta_fn_total,5,"{'0': 87724.55555555556, '1': 42470.444444444445, '2': -92130.11111111111, '3': -200797.66666666666, '4': 44500.555555555555, '5': 337684.8888888889, '6': -45594.333333333336, '7': -239550.44444444444, '8': -206550.0, '9': 21250.222222222223}",0.6484375,cluster_threshold,nonvictim_delta_fn_total
-634.3,-372.64444444444445,-515.7111111111111,10,nbaiot,0.9990234375,1,10,1,0.2,False,-515.7111111111111,-542.4444444444445,nonvictim_delta_fp_total,9,"{'0': -730.5555555555555, '1': -699.4444444444445, '2': -405.1111111111111, '3': -749.1111111111111, '4': -425.8888888888889, '5': -608.6666666666666, '6': -449.77777777777777, '7': 4.333333333333333, '8': -616.6666666666666, '9': -476.22222222222223}",0.00390625,cluster_threshold,nonvictim_delta_fp_total
-0.0048003910371218666,9.015588386279401e-05,-0.0021416629053249677,10,nbaiot,0.828125,4,10,4,0.2,False,-0.0021416629053249677,-0.001062082528267957,delta_mean_fpr,6,"{'0': -0.004357698490218161, '1': -0.003012011056024879, '2': 0.0017786167270167253, '3': 0.00032510664406118495, '4': -0.011278364563877825, '5': -0.0013106413256640764, '6': -0.0008135237308718373, '7': -0.006052383424947639, '8': 0.0007209937279910733, '9': 0.0025832764392857608}",0.138671875,cluster_threshold,delta_mean_fpr
0.06533424840251227,0.23147918178236068,0.15284522344371868,10,nbaiot,0.0107421875,9,10,9,0.2,True,0.15284522344371868,0.14970574212605625,delta_cv_fpr,1,"{'0': 0.2222252644892124, '1': 0.15019026716548847, '2': 0.149221217086624, '3': 0.3030179841979302, '4': 0.029323830198928664, '5': 0.30266278910377387, '6': 0.0898863779314804, '7': -0.12966620910478463, '8': 0.09266867233739283, '9': 0.3189220410311405}",0.013671875,cluster_threshold,delta_cv_fpr
0.17455234759610416,0.2036456872404345,0.1888340628830092,10,nbaiot,0.0009765625,10,10,10,0.2,True,0.1888340628830092,0.18476484215783853,fixed_cluster_victim_delta_tau,0,"{'0': 0.2317630548719999, '1': 0.19090693030092465, '2': 0.19470014024387902, '3': 0.18396651074290293, '4': 0.1485377282663075, '5': 0.1815017656837072, '6': 0.16417994503345495, '7': 0.2237241718124737, '8': 0.18349720830166782, '9': 0.18556317357277413}",0.001953125,cluster_threshold,fixed_cluster_victim_delta_tau
-0.06488244685502592,-0.01435204667251302,-0.037321815351225966,10,nbaiot,1.0,0,10,0,0.2,False,-0.037321815351225966,-0.02389175027959216,fixed_cluster_victim_delta_tpr,10,"{'0': -0.023893379489521298, '1': -0.05309388415008085, '2': -0.023890121069663026, '3': -4.8241583974311604e-05, '4': -3.666473998199033e-05, '5': -0.12592815618113137, '6': -0.023906878158145437, '7': -0.09850519560694462, '8': -3.2023952568855434e-05, '9': -0.02388360858024793}",0.001953125,cluster_threshold,fixed_cluster_victim_delta_tpr
-0.013496593175988641,-0.009882326311884277,-0.011674130041278506,10,nbaiot,1.0,0,10,0,0.2,False,-0.011674130041278506,-0.011794691211812303,fixed_cluster_victim_delta_fpr,10,"{'0': -0.012509399731792131, '1': -0.012765120284536345, '2': -0.008086205102464642, '3': -0.011079982691832477, '4': -0.016745791093639037, '5': -0.013598131291380362, '6': -0.009445589979481354, '7': -0.015319380442364562, '8': -0.007328709887265771, '9': -0.009862989908028377}",0.001953125,cluster_threshold,fixed_cluster_victim_delta_fpr
0.0038443120438704553,0.052736518178626575,0.027164024674791516,10,nbaiot,0.171875,7,10,7,0.2,False,0.027164024674791516,0.015396890880594653,fixed_cluster_delta_cv_fpr,3,"{'0': 0.10213296055399046, '1': 0.03189769384419767, '2': -0.006726222436287356, '3': 0.012551219496415003, '4': 0.06057209039697534, '5': 0.08026541085810178, '6': -0.029490507901890728, '7': -0.0035202884524395436, '8': 0.005715328124078249, '9': 0.0182425622647743}",0.07421875,cluster_threshold,fixed_cluster_delta_cv_fpr
-0.006164350037095904,-0.004821590477060688,-0.0054795738722956825,10,nbaiot,1.0,0,10,0,0.2,False,-0.0054795738722956825,-0.0053522552786588245,fixed_cluster_delta_mean_fpr,10,"{'0': -0.005789727593233505, '1': -0.004874202835896305, '2': -0.004841438411308395, '3': -0.0055528368289280905, '4': -0.007506206088280263, '5': -0.006768594883750197, '6': -0.005151673728389559, '7': -0.006304693111743743, '8': -0.0038365821722469687, '9': -0.004169783069179791}",0.001953125,cluster_threshold,fixed_cluster_delta_mean_fpr
-0.017926770094364372,-0.0015083762866566531,-0.007902514008800437,10,nbaiot,1.0,0,10,0,0.2,False,-0.007902514008800437,-0.003329194252279815,fixed_cluster_nonvictim_mean_delta_tpr,10,"{'0': -0.002995609617033606, '1': -0.0036627788875260234, '2': -0.005977952017148594, '3': -2.149189974058299e-05, '4': -1.510646951109828e-05, '5': -0.050203022518941376, '6': -2.450080546856205e-05, '7': -0.012323656769349628, '8': -0.003789909277174112, '9': -1.1111826110785095e-05}",0.001953125,cluster_threshold,fixed_cluster_nonvictim_mean_delta_tpr
-0.005275114559568429,-0.0041465389461394445,-0.0047052543511728285,10,nbaiot,1.0,0,10,0,0.2,False,-0.0047052543511728285,-0.004738438896534067,fixed_cluster_nonvictim_mean_delta_fpr,10,"{'0': -0.00494976857591368, '1': -0.003887838154816297, '2': -0.0044358425749138715, '3': -0.004861943596065043, '4': -0.006351257962610413, '5': -0.005914902832796434, '6': -0.004614934197003091, '7': -0.005177857195416132, '8': -0.003400066207869614, '9': -0.0034581322143237125}",0.001953125,cluster_threshold,fixed_cluster_nonvictim_mean_delta_fpr
-0.07924759213679074,-0.030746730681927008,-0.05245739718921351,10,nbaiot,1.0,0,10,0,0.4,False,-0.05245739718921351,-0.03688640833802969,victim_delta_tpr,10,"{'0': -0.024041853049296007, '1': -0.053174212556163086, '2': -0.023964057514095354, '3': -0.04670881580068356, '4': -0.027064000875375818, '5': -0.1498729912517867, '6': -0.02399351561723671, '7': -0.09858698256119988, '8': -0.053185785850434916, '9': -0.02398175681586304}",0.001953125,cluster_threshold,victim_delta_tpr
-0.034882901144508406,-0.029928376346951287,-0.03237482500255617,10,nbaiot,1.0,0,10,0,0.4,False,-0.03237482500255617,-0.03274508976914722,victim_delta_fpr,10,"{'0': -0.033741507839638835, '1': -0.03354701272938364, '2': -0.02483187924849195, '3': -0.03455547832480203, '4': -0.03313400304919886, '5': -0.03203061625691857, '6': -0.02882008923686795, '7': -0.0410402050564579, '8': -0.03235617648909558, '9': -0.02969128179470641}",0.001953125,cluster_threshold,victim_delta_fpr
26505.004444444443,51204.78944444444,37701.222222222226,10,nbaiot,0.0009765625,10,10,10,0.4,True,37701.222222222226,32938.61111111111,victim_delta_fn,0,"{'0': 22141.666666666668, '1': 43642.444444444445, '2': 22083.333333333332, '3': 44105.444444444445, '4': 22234.777777777777, '5': 89398.77777777778, '6': 22108.11111111111, '7': 45527.666666666664, '8': 43666.555555555555, '9': 22103.444444444445}",0.001953125,cluster_threshold,victim_delta_fn
-366.3111111111111,-314.8,-342.87777777777785,10,nbaiot,1.0,0,10,0,0.4,False,-342.87777777777785,-356.77777777777777,victim_delta_fp,10,"{'0': -373.8888888888889, '1': -370.77777777777777, '2': -299.55555555555554, '3': -385.22222222222223, '4': -245.88888888888889, '5': -367.44444444444446, '6': -336.77777777777777, '7': -321.0, '8': -382.1111111111111, '9': -346.1111111111111}",0.001953125,cluster_threshold,victim_delta_fp
-0.02303224644924846,-3.158450438730625e-05,-0.010041286093328673,10,nbaiot,0.623046875,5,10,5,0.4,False,-0.010041286093328673,-0.0028213789353712412,victim_delta_ba,5,"{'0': 0.004849827395171393, '1': -0.009813599913389716, '2': 0.0004339108671982765, '3': -0.006076668737940759, '4': 0.003035001086911509, '5': -0.05892118749743406, '6': 0.002413286809815612, '7': -0.028773388752370996, '8': -0.010414804680669687, '9': 0.002854762489421699}",0.123046875,cluster_threshold,victim_delta_ba
-0.1318131267824035,-0.05990031935409584,-0.09172752865106774,10,nbaiot,1.0,0,10,0,0.4,False,-0.09172752865106774,-0.07815547598518809,victim_delta_macro_f1,10,"{'0': -0.0458960180663083, '1': -0.1005097934244858, '2': -0.046036573172864144, '3': -0.10272272431307204, '4': -0.056359604806595597, '5': -0.24453710438162166, '6': -0.045786162368944124, '7': -0.12967030260169501, '8': -0.09995134716378058, '9': -0.04580565621131019}",0.001953125,cluster_threshold,victim_delta_macro_f1
-0.015598043161856425,0.02991353405766404,0.008139061002194341,10,nbaiot,0.376953125,6,10,6,0.4,False,0.008139061002194341,0.00938943965596796,nonvictim_mean_delta_tpr,4,"{'0': -0.007785579643476406, '1': -0.011747493635068081, '2': 0.03616480418393301, '3': 0.021316148663896507, '4': -0.007123303874815961, '5': -0.07612151887776208, '6': 0.01499681591052637, '7': 0.04176408676893514, '8': 0.06614458712436538, '9': 0.0037820634014095497}",0.525390625,cluster_threshold,nonvictim_mean_delta_tpr
-0.2627895691603326,-0.11271288995048061,-0.1747416525243084,10,nbaiot,1.0,0,10,0,0.4,False,-0.1747416525243084,-0.16698069699518217,nonvictim_worst_delta_tpr,10,"{'0': -0.14314437463102386, '1': -0.18300765397355295, '2': -0.1669762302124849, '3': -0.07169265387340094, '4': -0.08091534051411749, '5': -0.5284548246715117, '6': -0.16699413803919252, '7': -0.07165899635537316, '8': -0.16758714919454695, '9': -0.16698516377787945}",0.001953125,cluster_threshold,nonvictim_worst_delta_tpr
-0.0029145307913547775,0.0017443671599127568,-0.0003164983140985857,10,nbaiot,0.171875,7,10,7,0.4,False,-0.0003164983140985857,0.0011789083145485177,nonvictim_mean_delta_fpr,3,"{'0': -0.003272531059365995, '1': 0.0009819879596936795, '2': 0.003336267895731241, '3': 0.0008189120231630694, '4': -0.00909274606247374, '5': 0.0013758286694033556, '6': 0.0018960307771852614, '7': -0.0043224027197656615, '8': 0.0028759257209461982, '9': 0.0022377436544967345}",0.8203125,cluster_threshold,nonvictim_mean_delta_fpr
0.033745666912081564,0.052870755788064695,0.04373696565526598,10,nbaiot,0.0009765625,10,10,10,0.4,True,0.04373696565526598,0.04762263107705513,nonvictim_worst_delta_fpr,0,"{'0': 0.02174201933298073, '1': 0.05641178932986874, '2': 0.044432456518187786, '3': 0.06559012581467323, '4': 0.01514861560648751, '5': 0.04775049412191903, '6': 0.031728520825381544, '7': 0.059320372849050944, '8': 0.047728008313697994, '9': 0.04751725384041227}",0.001953125,cluster_threshold,nonvictim_worst_delta_fpr
-0.00762532734652114,0.014930027645831895,0.004227779658146459,10,nbaiot,0.171875,7,10,7,0.4,False,0.004227779658146459,0.0037675568302497284,nonvictim_mean_delta_ba,3,"{'0': -0.002256524292055211, '1': -0.006364740797380881, '2': 0.01641426814410087, '3': 0.010248618320366713, '4': 0.0009847210938289015, '5': -0.038748673773582744, '6': 0.0065503925666705555, '7': 0.02304324474435037, '8': 0.0316343307017096, '9': 0.0007721598734564158}",0.498046875,cluster_threshold,nonvictim_mean_delta_ba
-0.021997548893967576,0.043585593911855215,0.012272332086118656,10,nbaiot,0.623046875,5,10,5,0.4,False,0.012272332086118656,0.009586399904227005,nonvictim_mean_delta_macro_f1,5,"{'0': -0.013409537278167618, '1': -0.018683775043126235, '2': 0.05309277646614071, '3': 0.0493200993930691, '4': -0.01449303847449228, '5': -0.10585340081448019, '6': 0.027482787254828486, '7': 0.07032380637968647, '8': 0.0832535904241026, '9': -0.008309987446374477}",0.50390625,cluster_threshold,nonvictim_mean_delta_macro_f1
-97557.51388888886,78974.08249999999,-12253.377777777778,10,nbaiot,0.623046875,5,10,5,0.4,False,-12253.377777777778,-1253.5555555555547,nonvictim_delta_fn_total,5,"{'0': 65426.333333333336, '1': 86186.33333333333, '2': -114620.88888888889, '3': -134250.77777777778, '4': 44500.444444444445, '5': 291599.1111111111, '6': -47007.555555555555, '7': -195373.44444444444, '8': -182495.88888888888, '9': 63502.555555555555}",0.794921875,cluster_threshold,nonvictim_delta_fn_total
-715.4894444444444,-452.5733333333333,-594.0666666666667,10,nbaiot,1.0,0,10,0,0.4,False,-594.0666666666667,-597.1111111111111,nonvictim_delta_fp_total,10,"{'0': -837.4444444444445, '1': -758.3333333333334, '2': -553.5555555555555, '3': -881.3333333333334, '4': -423.44444444444446, '5': -552.6666666666666, '6': -573.7777777777778, '7': -99.44444444444444, '8': -640.2222222222222, '9': -620.4444444444445}",0.001953125,cluster_threshold,nonvictim_delta_fp_total
-0.006326106502847042,-0.0018581573620478171,-0.003878534612816097,10,nbaiot,0.9990234375,1,10,1,0.4,False,-0.003878534612816097,-0.002595283108529218,delta_mean_fpr,9,"{'0': -0.006657972923840752, '1': -0.002854567672426027, '2': 0.00020647376859533575, '3': -0.0031115757932774976, '4': -0.011763996838776538, '5': -0.002335998544632409, '6': -0.001516871446598424, '7': -0.008402158534953692, '8': -0.0010387523023917813, '9': -0.0013099258398591772}",0.00390625,cluster_threshold,delta_mean_fpr
0.08269678191739298,0.24963029325153235,0.17399678699897828,10,nbaiot,0.0107421875,9,10,9,0.4,True,0.17399678699897828,0.1798197266616216,delta_cv_fpr,1,"{'0': 0.2753527736184041, '1': 0.1836514661730443, '2': 0.1594924238571388, '3': 0.27658403862765685, '4': 0.051780854378676314, '5': 0.31366583636156947, '6': 0.12396255469479661, '7': -0.14679214833963397, '8': 0.17598798715019892, '9': 0.3262820834679314}",0.0078125,cluster_threshold,delta_cv_fpr
0.2979189915426798,0.35087026162505897,0.324600341632548,10,nbaiot,0.0009765625,10,10,10,0.4,True,0.324600341632548,0.3258761764676483,fixed_cluster_victim_delta_tau,0,"{'0': 0.3944486135616899, '1': 0.32981774773862643, '2': 0.33587060734905616, '3': 0.2992496382445078, '4': 0.2518468389011643, '5': 0.3760503598281908, '6': 0.28825027047208107, '7': 0.36322801003094446, '8': 0.3219346051966703, '9': 0.2853067250025489}",0.001953125,cluster_threshold,fixed_cluster_victim_delta_tau
-0.07235960011913291,-0.01729073383778507,-0.04211152793947025,10,nbaiot,1.0,0,10,0,0.4,False,-0.04211152793947025,-0.02391610324061129,fixed_cluster_victim_delta_tpr,10,"{'0': -0.02392165999581106, '1': -0.05312154768566006, '2': -0.02391054648541152, '3': -6.809221540140149e-05, '4': -4.8189772847021896e-05, '5': -0.1497909495618654, '6': -0.023928101331454715, '7': -0.09852747251373084, '8': -0.023901078372421447, '9': -0.023897641460098967}",0.001953125,cluster_threshold,fixed_cluster_victim_delta_tpr
-0.01870756533045153,-0.015246151103874594,-0.016947035692358878,10,nbaiot,1.0,0,10,0,0.4,False,-0.016947035692358878,-0.01679117880902986,fixed_cluster_victim_delta_fpr,10,"{'0': -0.018034360408387493, '1': -0.018482143547207112, '2': -0.014314575527414315, '3': -0.01594792648049294, '4': -0.020806766495590722, '5': -0.01758095356907476, '6': -0.016001404048984962, '7': -0.02174782637082724, '8': -0.012293728971581767, '9': -0.01426067150402747}",0.001953125,cluster_threshold,fixed_cluster_victim_delta_fpr
0.036481392815154945,0.09655260320971502,0.0658092293372706,10,nbaiot,0.0107421875,9,10,9,0.4,True,0.0658092293372706,0.059284467878545716,fixed_cluster_delta_cv_fpr,1,"{'0': 0.1445612649946241, '1': 0.07944489556334007, '2': 0.030968602045721057, '3': 0.06223665985079734, '4': 0.12334971316437472, '5': 0.12347059687161671, '6': 0.017332295807613324, '7': -0.004042096619211202, '8': 0.02443808578753571, '9': 0.056332275906294096}",0.00390625,cluster_threshold,fixed_cluster_delta_cv_fpr
-0.007987509080937923,-0.006527516901148601,-0.007237523273130392,10,nbaiot,1.0,0,10,0,0.4,False,-0.007237523273130392,-0.0070159399923840175,fixed_cluster_delta_mean_fpr,10,"{'0': -0.007233032459215656, '1': -0.0069376069610557435, '2': -0.0064211737419759985, '3': -0.006948782316294067, '4': -0.009517813813584804, '5': -0.00828941230519822, '6': -0.007083097668473969, '7': -0.008602746891229073, '8': -0.005774200871362208, '9': -0.005567365702914179}",0.001953125,cluster_threshold,fixed_cluster_delta_mean_fpr
-0.021384825240743425,-0.004687647145721794,-0.011659531277289957,10,nbaiot,1.0,0,10,0,0.4,False,-0.011659531277289957,-0.0059902325773983954,fixed_cluster_nonvictim_mean_delta_tpr,10,"{'0': -0.003000814530287597, '1': -0.013278076578184295, '2': -0.005987196368335856, '3': -2.9516649528652577e-05, '4': -0.0033922740626172255, '5': -0.05020935638593324, '6': -0.005993268786460935, '7': -0.021282647033132786, '8': -0.007444779641301788, '9': -0.005977382737117199}",0.001953125,cluster_threshold,fixed_cluster_nonvictim_mean_delta_tpr
-0.006686622340690412,-0.0054117598181211484,-0.0060238342207268305,10,nbaiot,1.0,0,10,0,0.4,False,-0.0060238342207268305,-0.005853377880669194,fixed_cluster_nonvictim_mean_delta_fpr,10,"{'0': -0.0058828664655691774, '1': -0.005494539887786818, '2': -0.005434498518796215, '3': -0.005823889295769209, '4': -0.008106694728334059, '5': -0.007127969647213659, '6': -0.0059683093709101, '7': -0.0069596119562792946, '8': -0.00495925985883476, '9': -0.004480702477775011}",0.001953125,cluster_threshold,fixed_cluster_nonvictim_mean_delta_fpr
-0.01043900327833888,0.005671812812288977,-0.002384369167784137,10,nbaiot,0.376953125,6,10,6,0.1,False,-0.002384369167784137,1.3487340555506933e-07,victim_delta_tpr,3,"{'0': 2.6731956797525987e-07, '1': -1.0476745814052495e-05, '2': -0.023843839926678004, '3': 0.026852627186157205, '4': 2.7673085007457525e-07, '5': -0.02684609809388478, '6': 3.2821051490988176e-06, '7': 1.3365978399379782e-07, '8': 0.0, '9': 1.3608702711634083e-07}",0.76171875,cluster_threshold,victim_delta_tpr
-0.0003114445509971497,0.0009610641354642157,0.0002470706908892378,10,nbaiot,0.376953125,6,10,6,0.1,False,0.0002470706908892378,0.00011018261684940512,victim_delta_fpr,4,"{'0': 0.00012652132347901093, '1': -0.0013145546477500737, '2': 0.00019370126064594407, '3': 0.000858269976968563, '4': 0.00019997627396647669, '5': -0.00054586482941107, '6': 0.0029329515654509656, '7': -4.615595323096203e-05, '8': -2.7981971446275498e-05, '9': 9.384391021979932e-05}",0.609375,cluster_threshold,victim_delta_fpr
-4495.255555555556,8897.190833333334,2201.4333333333334,10,nbaiot,0.9453125,3,10,3,0.1,False,2201.4333333333334,-0.1111111111111111,victim_delta_fn,6,"{'0': -0.2222222222222222, '1': 4.0, '2': 22018.444444444445, '3': -22322.88888888889, '4': -0.2222222222222222, '5': 22317.11111111111, '6': -1.6666666666666667, '7': -0.1111111111111111, '8': 0.0, '9': -0.1111111111111111}",0.875,cluster_threshold,victim_delta_fn
-2.4444444444444446,7.02222222222222,1.8222222222222222,10,nbaiot,0.171875,7,10,7,0.1,False,1.8222222222222222,1.3333333333333335,victim_delta_fp,3,"{'0': 1.2222222222222223, '1': -11.777777777777779, '2': 2.3333333333333335, '3': 2.3333333333333335, '4': 3.888888888888889, '5': -2.0, '6': 21.0, '7': -0.4444444444444444, '8': 0.2222222222222222, '9': 1.4444444444444444}",0.533203125,cluster_threshold,victim_delta_fp
-0.0053764506457887155,0.002739911341824773,-0.001315719929336694,10,nbaiot,0.828125,4,10,4,0.1,False,-0.001315719929336694,-5.499045677595207e-05,victim_delta_ba,6,"{'0': -6.3127001955543e-05, '1': 0.0006520389509680048, '2': -0.012018770593661977, '3': 0.012997178604594336, '4': -9.984977155817908e-05, '5': -0.013150116632236863, '6': -0.0014648347301509596, '7': 2.3144806507459216e-05, '8': 1.3990985723139677e-05, '9': -4.685391159636115e-05}",0.5625,cluster_threshold,victim_delta_ba
-0.02282871823809563,0.01316813606279953,-0.004827781730562011,10,nbaiot,0.623046875,5,10,5,0.1,False,-0.004827781730562011,8.786240870787649e-07,victim_delta_macro_f1,5,"{'0': -5.554975927073929e-06, '1': 5.370953579526056e-05, '2': -0.0482196753038823, '3': 0.05995279075505956, '4': 1.6515362265342077e-05, '5': -0.059969653496795505, '6': -0.00012454585093896187, '7': 2.0976591709680965e-05, '8': 7.312224101231459e-06, '9': -9.692147007350154e-06}",0.705078125,cluster_threshold,victim_delta_macro_f1
-0.00202158453944967,0.001093340916640965,-0.0003097896063754578,10,nbaiot,0.623046875,5,10,5,0.1,False,-0.0003097896063754578,9.053747984385456e-08,nonvictim_mean_delta_tpr,5,"{'0': 4.761745058457562e-07, '1': -3.952906904811247e-06, '2': -3.1202869385053383e-07, '3': 0.000385539441044395, '4': -0.00038809201186728687, '5': -0.006739671230175914, '6': 1.5917148821864878e-06, '7': 2.2029543831409488e-07, '8': -3.9220478626385745e-08, '9': 0.0036463437084951695}",0.677734375,cluster_threshold,nonvictim_mean_delta_tpr
-0.021567167442289314,-7.503150218403889e-06,-0.01047586849036418,10,nbaiot,1.0,0,10,0,0.1,False,-0.01047586849036418,-1.98546672548298e-06,nonvictim_worst_delta_tpr,9,"{'0': -1.3608702710400502e-07, '1': -2.3861979752527586e-05, '2': -1.8700831128525152e-06, '3': -0.023853732832653962, '4': -0.026963127560495112, '5': -0.05391305475169238, '6': -2.1008503381134445e-06, '7': 0.0, '8': -5.285845155405472e-07, '9': -2.7217405420801003e-07}",0.00390625,cluster_threshold,nonvictim_worst_delta_tpr
-0.00050642266220084,4.7472309908479185e-05,-0.0001758029150749105,10,nbaiot,0.376953125,6,10,6,0.1,False,-0.0001758029150749105,1.68072033287888e-05,nonvictim_mean_delta_fpr,4,"{'0': 0.00018326932013144185, '1': -0.0005615568072659915, '2': -5.676200389236749e-05, '3': 0.00015503948217783126, '4': -0.0014027135148174273, '5': -0.00016771084655672466, '6': 3.549404912086222e-05, '7': 1.4014568812368041e-05, '8': 1.9599837845209556e-05, '9': 2.329676369569301e-05}",0.376953125,cluster_threshold,nonvictim_mean_delta_fpr
0.00034439780423437026,0.0023970610375982043,0.0011340169038083308,10,nbaiot,0.0009765625,10,10,10,0.1,True,0.0011340169038083308,0.0006324795464898965,nonvictim_worst_delta_fpr,0,"{'0': 0.0012250798956278367, '1': 0.000987467913552097, '2': 9.50833234017171e-05, '3': 0.0062993837160669995, '4': 0.0009879248578030886, '5': 6.316720869177197e-05, '6': 0.0010453593475051408, '7': 0.00027749117942769616, '8': 0.00014553917596063734, '9': 0.00021367242004632258}",0.001953125,cluster_threshold,nonvictim_worst_delta_fpr
-0.0009167847493181293,0.000598116401550096,-6.699334565027624e-05,10,nbaiot,0.623046875,5,10,5,0.1,False,-6.699334565027624e-05,1.0663925456111699e-05,nonvictim_mean_delta_ba,5,"{'0': -9.139657281280467e-05, '1': 0.00027880195018059145, '2': 2.8224987599254996e-05, '3': 0.00011524997943327921, '4': 0.0005073107514750735, '5': -0.003285980191809599, '6': -1.6951167119344216e-05, '7': -6.8971366870316e-06, '8': -9.819529161918404e-06, '9': 0.0018115234723997367}",0.94921875,cluster_threshold,nonvictim_mean_delta_ba
-0.004553600545022713,0.0020506978041830563,-0.0008097311032557259,10,nbaiot,0.623046875,5,10,5,0.1,False,-0.0008097311032557259,-1.4787883785410496e-06,nonvictim_mean_delta_macro_f1,5,"{'0': -6.95617063493066e-06, '1': -9.121902595321837e-06, '2': 2.5417533298207863e-06, '3': 0.0016134175403867057, '4': -0.001236391678522224, '5': -0.015318206044248982, '6': 3.607549231095396e-05, '7': 3.6991545065068806e-06, '8': -5.4993300869028856e-06, '9': 0.006823130152997115}",0.822265625,cluster_threshold,nonvictim_mean_delta_macro_f1
-6458.299999999999,13307.32527777778,2284.811111111111,10,nbaiot,0.623046875,5,10,5,0.1,False,2284.811111111111,-0.5555555555555556,nonvictim_delta_fn_total,5,"{'0': -3.111111111111111, '1': 21.11111111111111, '2': 1.3333333333333333, '3': -137.11111111111111, '4': 153.88888888888889, '5': 44360.0, '6': -7.888888888888889, '7': -1.2222222222222223, '8': 0.1111111111111111, '9': -21539.0}",0.677734375,cluster_threshold,nonvictim_delta_fn_total
-32.3022222222222,2.9,-11.288888888888888,10,nbaiot,0.623046875,5,10,5,0.1,False,-11.288888888888888,0.33333333333333326,nonvictim_delta_fp_total,5,"{'0': 11.88888888888889, '1': -32.333333333333336, '2': -4.444444444444445, '3': -91.0, '4': 7.666666666666667, '5': -11.0, '6': -1.2222222222222223, '7': 1.8888888888888888, '8': 2.5555555555555554, '9': 3.111111111111111}",0.34765625,cluster_threshold,nonvictim_delta_fp_total
-0.0004431704146862751,0.00011269478475061982,-0.00012881695885667204,10,nbaiot,0.376953125,6,10,6,0.1,False,-0.00012881695885667204,1.0820962699072586e-05,delta_mean_fpr,4,"{'0': 0.00017696398717006163, '1': -0.0006452232339864486, '2': -2.89327522769969e-05, '3': 0.00023317620382124775, '4': -0.001224636871619217, '5': -0.00020972795576275813, '6': 0.00035743377315754373, '7': 7.328955251994136e-06, '8': 1.4312970146151035e-05, '9': 3.1135335531702e-05}",0.46484375,cluster_threshold,delta_mean_fpr
-0.005664389268143771,-0.00034342121814324197,-0.002869107572474702,10,nbaiot,0.9990234375,1,10,1,0.1,False,-0.002869107572474702,-0.0007261102385586441,delta_cv_fpr,9,"{'0': 0.0032979917426168757, '1': -0.010611921216726852, '2': -0.0014169377328477155, '3': -0.009434063979723073, '4': -0.007357794323609846, '5': -0.0005893948883078432, '6': -0.0006973065932281851, '7': -0.0007268888967665557, '8': -0.0004294282558030919, '9': -0.0007253315803507324}",0.10546875,cluster_threshold,delta_cv_fpr
-0.001648742277175189,0.0016448660910438491,6.357182645128076e-05,10,nbaiot,0.376953125,6,10,6,0.1,False,6.357182645128076e-05,0.00020853557658407105,fixed_cluster_victim_delta_tau,4,"{'0': -0.00369956454055182, '1': 0.003249295759531559, '2': -0.0008502581467232465, '3': -0.0005755635875244839, '4': 0.0016471212039942734, '5': 0.004411245385805941, '6': -0.004841797384950466, '7': 0.0001789944867292528, '8': 0.0008781684217629087, '9': 0.00023807666643888928}",0.931640625,cluster_threshold,fixed_cluster_victim_delta_tau
-0.012522387372104435,1.881278333778889e-07,-0.005068992705243995,10,nbaiot,0.828125,4,10,4,0.1,False,-0.005068992705243995,-6.668174894968676e-09,fixed_cluster_victim_delta_tpr,5,"{'0': 2.6731956797525987e-07, '1': -1.2126470283850093e-06, '2': -0.023843839926678004, '3': -8.263554394587974e-07, '4': -1.3336349789937351e-08, '5': -0.02684609809388478, '6': 1.5262405613718993e-06, '7': 1.3365978399379782e-07, '8': 0.0, '9': 1.3608702711634083e-07}",0.25390625,cluster_threshold,fixed_cluster_victim_delta_tpr
-0.0001808663851368724,6.803614883196255e-05,-4.728818749286631e-05,10,nbaiot,0.828125,4,10,4,0.1,False,-4.728818749286631e-05,-3.7068962338618764e-05,fixed_cluster_victim_delta_fpr,6,"{'0': 0.00012652132347901093, '1': -0.00013101064358399944, '2': 0.00019370126064594407, '3': -0.00015269264900685846, '4': -0.0001376267446016892, '5': -0.00054586482941107, '6': 0.00015438442200743716, '7': -4.615595323096203e-05, '8': -2.7981971446275498e-05, '9': 9.384391021979932e-05}",0.5703125,cluster_threshold,fixed_cluster_victim_delta_fpr
-0.0008086907510761983,0.0011083973052609737,8.130519139005258e-05,10,nbaiot,0.828125,4,10,4,0.1,False,8.130519139005258e-05,-0.0005094115720554675,fixed_cluster_delta_cv_fpr,6,"{'0': 0.0032979917426168757, '1': -0.0020234151479307082, '2': -0.0014169377328477155, '3': 0.0021875683383665054, '4': 0.00015273649791036625, '5': -0.0005893948883078432, '6': 0.0010861518370134258, '7': -0.0007268888967665557, '8': -0.0004294282558030919, '9': -0.0007253315803507324}",0.8828125,cluster_threshold,fixed_cluster_delta_cv_fpr
-7.224241810903522e-05,7.30013886397735e-05,5.759026749128638e-07,10,nbaiot,0.376953125,6,10,6,0.1,False,5.759026749128638e-07,1.0820962699072586e-05,fixed_cluster_delta_mean_fpr,4,"{'0': 0.00017696398717006163, '1': -0.00016091393925970722, '2': -2.89327522769969e-05, '3': 7.037567211575795e-05, '4': -6.651517079796144e-05, '5': -0.00020972795576275813, '6': 0.00017173192463088556, '7': 7.328955251994136e-06, '8': 1.4312970146151035e-05, '9': 3.1135335531702e-05}",0.986328125,cluster_threshold,fixed_cluster_delta_mean_fpr
-0.0020218036563678377,0.001093919698613408,-0.00030927368710457185,10,nbaiot,0.623046875,5,10,5,0.1,False,-0.00030927368710457185,9.053747984385456e-08,fixed_cluster_nonvictim_mean_delta_tpr,5,"{'0': 4.761745058457562e-07, '1': -8.165221626564115e-07, '2': -3.1202869385053383e-07, '3': 2.8114237051596325e-07, '4': -4.2958178733676355e-07, '5': -0.006739671230175914, '6': 1.2103914428194622e-06, '7': 2.2029543831409488e-07, '8': -3.9220478626385745e-08, '9': 0.0036463437084951695}",0.8125,cluster_threshold,fixed_cluster_nonvictim_mean_delta_tpr
-6.365432658067434e-05,7.930331781448481e-05,6.5589139458852495e-06,10,nbaiot,0.376953125,6,10,6,0.1,False,6.5589139458852495e-06,1.68072033287888e-05,fixed_cluster_nonvictim_mean_delta_fpr,4,"{'0': 0.00018326932013144185, '1': -0.00016465185121916702, '2': -5.676200389236749e-05, '3': 9.825921225608235e-05, '4': -5.76262240724951e-05, '5': -0.00016771084655672466, '6': 0.00017390036245881193, '7': 1.4014568812368041e-05, '8': 1.9599837845209556e-05, '9': 2.329676369569301e-05}",0.875,cluster_threshold,fixed_cluster_nonvictim_mean_delta_fpr
-0.008049428039906575,0.008059127484425947,5.511147782328369e-06,10,nbaiot,0.171875,7,10,7,0.2,False,5.511147782328369e-06,1.6483481761506467e-06,victim_delta_tpr,3,"{'0': -4.800076117139618e-07, '1': 0.02685783775054946, '2': 9.551607372075093e-07, '3': 3.2997401057215876e-05, '4': 4.285008850234294e-06, '5': -0.02684587517227079, '6': 8.993736641229846e-08, '7': 2.341535615093784e-06, '8': -2.6731956797525987e-07, '9': 3.2271830981422944e-06}",0.513671875,cluster_threshold,victim_delta_tpr
0.00019040033770315932,0.002961489491783801,0.001395658742624728,10,nbaiot,0.0107421875,9,10,9,0.2,True,0.001395658742624728,0.00023056239992608738,victim_delta_fpr,1,"{'0': -0.00024879666834613887, '1': 0.006157636052494462, '2': 0.0002541163752934987, '3': 0.0009682887627059841, '4': 0.0009259064910166986, '5': 0.00020700842455867606, '6': 0.00019206856034843325, '7': 2.5018834564968938e-05, '8': 3.332636366150388e-05, '9': 0.005442014229949192}",0.021484375,cluster_threshold,victim_delta_fpr
-6698.25611111111,6691.944444444443,-3.8888888888890505,10,nbaiot,0.828125,4,10,4,0.2,False,-3.8888888888890505,-0.8333333333333334,victim_delta_fn,6,"{'0': 0.2222222222222222, '1': -22324.333333333332, '2': -0.4444444444444444, '3': -27.11111111111111, '4': -1.6666666666666667, '5': 22317.11111111111, '6': 0.1111111111111111, '7': -1.7777777777777777, '8': 0.2222222222222222, '9': -1.2222222222222223}",0.51953125,cluster_threshold,victim_delta_fn
1.077777777777778,19.466944444444444,9.266666666666667,10,nbaiot,0.0546875,8,10,8,0.2,True,9.266666666666667,2.388888888888889,victim_delta_fp,2,"{'0': -1.8888888888888888, '1': 37.22222222222222, '2': 2.0, '3': 7.0, '4': 8.333333333333334, '5': 2.7777777777777777, '6': 1.1111111111111112, '7': -3.6666666666666665, '8': 1.0, '9': 38.77777777777778}",0.048828125,cluster_threshold,victim_delta_fp
-0.004338358333252834,0.0026946275681064454,-0.0006950737974212075,10,nbaiot,0.9892578125,2,10,2,0.2,False,-0.0006950737974212075,-0.00011128495938458573,victim_delta_ba,8,"{'0': 0.00012415833036721273, '1': 0.010350100849027507, '2': -0.00012658060727815327, '3': -0.00046764568082438253, '4': -0.000460810741083247, '5': -0.01352644179841473, '6': -9.598931149101819e-05, '7': -1.1338649474976511e-05, '8': -1.6796841614744967e-05, '9': -0.0027193935234255395}",0.517578125,cluster_threshold,victim_delta_ba
-0.0180100247320489,0.017875191960536708,-3.0165315689528196e-05,10,nbaiot,0.828125,4,10,4,0.2,False,-3.0165315689528196e-05,-2.76324978783524e-05,victim_delta_macro_f1,6,"{'0': 6.057394541205932e-06, '1': 0.05962581471896154, '2': -6.401623299565988e-05, '3': 0.00039281254270387113, '4': -4.843910910374344e-05, '5': -0.060090936318293015, '6': -4.6246380949836276e-05, '7': 0.0001234420624503025, '8': -9.018614806868522e-06, '9': -0.00019112321940308505}",0.826171875,cluster_threshold,victim_delta_macro_f1
-0.0037916835380645813,0.005063008462199228,0.0002101583509452956,10,nbaiot,0.828125,4,10,4,0.2,False,0.0002101583509452956,-1.9813005266526112e-07,nonvictim_mean_delta_tpr,6,"{'0': -1.7190792922505693e-07, '1': -0.00298776842628135, '2': 2.4864950417859594e-07, '3': 0.00037293931395000296, '4': -0.0007755792852418957, '5': -0.012380196603829123, '6': -2.243521761054653e-07, '7': 0.01787276567589061, '8': -5.082781765891609e-07, '9': 7.872374245312026e-08}",0.923828125,cluster_threshold,nonvictim_mean_delta_tpr
-0.040757884795050506,-0.00239074292193895,-0.02007063763402215,10,nbaiot,1.0,0,10,0,0.2,False,-0.02007063763402215,-6.2146558077643315e-06,nonvictim_worst_delta_tpr,9,"{'0': -1.3752634338004555e-06, '1': -0.02386975168013611, '2': 0.0, '3': -0.023855651812270666, '4': -0.053921022484266085, '5': -0.09904242698290369, '6': -2.0635235076597405e-06, '7': -9.723334666237685e-06, '8': -2.705976949290978e-06, '9': -1.655282087916395e-06}",0.00390625,cluster_threshold,nonvictim_worst_delta_tpr
-0.001069514793776815,7.516472959979276e-06,-0.0004526840573073165,10,nbaiot,0.9990234375,1,10,1,0.2,False,-0.0004526840573073165,-8.587858675931975e-05,nonvictim_mean_delta_fpr,9,"{'0': -8.48309027707617e-05, '1': -0.00025393539859112603, '2': -4.04574582488938e-06, '3': 0.0003732611354412329, '4': -0.0026721479631732323, '5': -0.0001234063774102567, '6': -2.9366263714684082e-05, '7': -0.00161937454544697, '8': -2.6068240834600782e-05, '9': -8.692627074787781e-05}",0.1640625,cluster_threshold,nonvictim_mean_delta_fpr
0.0008604661259172587,0.006555084485526838,0.003465586151096646,10,nbaiot,0.0009765625,10,10,10,0.2,True,0.003465586151096646,0.0011316194939958385,nonvictim_worst_delta_fpr,0,"{'0': 0.00016964803385660952, '1': 0.009562594144625909, '2': 0.00015471672343191079, '3': 0.006485677913057123, '4': 0.0017148302364842717, '5': 0.00116476845842278, '6': 0.00013248016109587392, '7': 0.01400350873773785, '8': 0.00016916657268523712, '9': 0.0010984705295688968}",0.001953125,cluster_threshold,nonvictim_worst_delta_fpr
-0.0017403327084026658,0.0028878361689200463,0.00033142120412630184,10,nbaiot,0.171875,7,10,7,0.2,False,0.00033142120412630184,1.3675468549148584e-05,nonvictim_mean_delta_ba,3,"{'0': 4.232949742076343e-05, '1': -0.0013669165138451166, '2': 2.1471976645269044e-06, '3': -1.6091074561994408e-07, '4': 0.0009482843389656764, '5': -0.006128395113209446, '6': 1.4570955769288574e-05, '7': 0.00974607011066877, '8': 1.2779981329008594e-05, '9': 4.350249724516716e-05}",0.75390625,cluster_threshold,nonvictim_mean_delta_ba
-0.0054553001351806685,0.010110395341314807,0.001129061412202795,10,nbaiot,0.376953125,6,10,6,0.2,False,0.001129061412202795,1.082895360395251e-06,nonvictim_mean_delta_macro_f1,4,"{'0': 4.0828881875691764e-06, '1': -0.005901081422546145, '2': 5.447139649825128e-07, '3': 0.0015345800566719634, '4': -0.002489350271122049, '5': -0.01734960393430714, '6': 1.6210767558079893e-06, '7': 0.03546182485080426, '8': -6.369603319537744e-06, '9': 3.4365766938232764e-05}",0.892578125,cluster_threshold,nonvictim_mean_delta_macro_f1
-30103.755555555555,15556.674444444445,-4053.8888888888905,10,nbaiot,0.376953125,6,10,6,0.2,False,-4053.8888888888905,0.7777777777777778,nonvictim_delta_fn_total,4,"{'0': 1.1111111111111112, '1': 22053.11111111111, '2': -1.1111111111111112, '3': -281.8888888888889, '4': 305.0, '5': 44986.11111111111, '6': 0.4444444444444444, '7': -107603.88888888889, '8': 2.6666666666666665, '9': -0.4444444444444444}",0.921875,cluster_threshold,nonvictim_delta_fn_total
-49.72222222222222,88.28944444444444,8.944444444444441,10,nbaiot,0.828125,4,10,4,0.2,False,8.944444444444441,-1.9444444444444444,nonvictim_delta_fp_total,6,"{'0': -6.111111111111111, '1': -144.44444444444446, '2': -0.8888888888888888, '3': -82.44444444444444, '4': 27.666666666666668, '5': 0.6666666666666666, '6': -3.0, '7': 313.44444444444446, '8': 0.1111111111111111, '9': -15.555555555555555}",0.869140625,cluster_threshold,nonvictim_delta_fp_total
-0.0008290809191793767,0.00021279736709940863,-0.00024731263509264484,10,nbaiot,0.828125,4,10,4,0.2,False,-0.00024731263509264484,-1.2115617354685161e-05,delta_mean_fpr,6,"{'0': -0.00010304932116802285, '1': 0.00045846142930726906, '2': 2.463893429937904e-05, '3': 0.0004393753162484321, '4': -0.0022723641349299104, '5': -8.669362163592594e-05, '6': -4.762394374333321e-06, '7': -0.0014366641698900947, '8': -1.9468840335037003e-05, '9': 0.0005274004515517955}",0.451171875,cluster_threshold,delta_mean_fpr
-0.04608731238281921,0.0027055686480429494,-0.015221743738367122,10,nbaiot,0.623046875,5,10,5,0.2,False,-0.015221743738367122,0.0002760776140560448,delta_cv_fpr,5,"{'0': 0.0013011404252621804, '1': -0.005434811919493206, '2': 0.0006646394491029131, '3': 0.006957618946333066, '4': -0.016511837520805414, '5': 0.001726597578791986, '6': -0.00011248422099082352, '7': -0.1485459976007151, '8': -0.0021350709910662336, '9': 0.009872768469909428}",0.45703125,cluster_threshold,delta_cv_fpr
-0.004042377134207309,-0.000572258889735529,-0.0023036069391916304,10,nbaiot,0.9453125,3,10,3,0.2,False,-0.0023036069391916304,-0.0019911045001611543,fixed_cluster_victim_delta_tau,7,"{'0': 0.0012222093598985634, '1': -0.007438454225107293, '2': -0.004833684364954775, '3': 2.2926636868052395e-05, '4': -0.001889589704849059, '5': -0.005098521140300714, '6': -0.00209261929547325, '7': -0.0016685427373483318, '8': 0.0021138747947083486, '9': -0.0033736687153578465}",0.0390625,cluster_threshold,fixed_cluster_victim_delta_tau
-0.008053608601802395,0.008054311120678587,2.63536554443159e-07,10,nbaiot,0.376953125,6,10,6,0.2,False,2.63536554443159e-07,7.962832684276715e-08,fixed_cluster_victim_delta_tpr,4,"{'0': -4.800076117139618e-07, '1': 0.026847574938344245, '2': 9.551607372075093e-07, '3': -3.4392058460995676e-07, '4': 4.946300865930434e-07, '5': -0.02684587517227079, '6': 8.993736641229846e-08, '7': 6.931928727323584e-08, '8': -2.6731956797525987e-07, '9': 4.1779975779032696e-07}",0.6328125,cluster_threshold,fixed_cluster_victim_delta_tpr
-4.650208959154427e-06,0.0001840803229622927,9.718606261296101e-05,10,nbaiot,0.0546875,8,10,8,0.2,True,9.718606261296101e-05,0.00013710978957616067,fixed_cluster_victim_delta_fpr,2,"{'0': -0.00024879666834613887, '1': 0.00028398341574425615, '2': 0.0002541163752934987, '3': -3.9072799427606627e-05, '4': 0.00012095530973484671, '5': 0.00020700842455867606, '6': 0.00019206856034843325, '7': 1.500737514466624e-05, '8': 3.332636366150388e-05, '9': 0.00015326426941747462}",0.09375,cluster_threshold,fixed_cluster_victim_delta_fpr
-0.0005366680050589433,0.0017699186282890077,0.0005509104170129342,10,nbaiot,0.623046875,5,10,5,0.2,False,0.0005509104170129342,1.9389442709390042e-05,fixed_cluster_delta_cv_fpr,5,"{'0': 0.0013011404252621804, '1': 0.0036548394258157924, '2': 0.0006646394491029131, '3': -0.0001647877966024009, '4': -0.000413108173353617, '5': 0.0001512631064096036, '6': -0.00011248422099082352, '7': -0.0013818912501686567, '8': -0.0021350709910662336, '9': 0.003944564195720584}",0.400390625,cluster_threshold,fixed_cluster_delta_cv_fpr
-1.5456915188003657e-05,0.00010305420871838713,4.0404212746949284e-05,10,nbaiot,0.623046875,5,10,5,0.2,False,4.0404212746949284e-05,9.93826996252286e-06,fixed_cluster_delta_mean_fpr,5,"{'0': -0.00010304932116802285, '1': 0.00024096709108730371, '2': 2.463893429937904e-05, '3': -9.91622232904508e-06, '4': 4.6047018318782893e-05, '5': -8.462098456109754e-06, '6': -4.762394374333321e-06, '7': 4.9299224988912094e-05, '8': -1.9468840335037003e-05, '9': 0.00018874873543766308}",0.28125,cluster_threshold,fixed_cluster_delta_mean_fpr
-0.0010107483411643723,0.0010940282629823173,2.7776675891329792e-05,10,nbaiot,0.376953125,6,10,6,0.2,False,2.7776675891329792e-05,1.3252678589220942e-07,fixed_cluster_nonvictim_mean_delta_tpr,4,"{'0': -1.7190792922505693e-07, '1': 6.203040950467703e-07, '2': 2.4864950417859594e-07, '3': 1.6404067605822902e-08, '4': 2.734105908365018e-07, '5': -0.0033694883325997124, '6': -2.243521761054653e-07, '7': 0.0036466670174752774, '8': -5.082781765891609e-07, '9': 3.338440619851668e-07}",0.64453125,cluster_threshold,fixed_cluster_nonvictim_mean_delta_tpr
-2.2033313149415443e-05,9.783024162109638e-05,3.330648151369705e-05,10,nbaiot,0.828125,4,10,4,0.2,False,3.330648151369705e-05,-5.158698008309398e-06,fixed_cluster_nonvictim_mean_delta_fpr,6,"{'0': -8.48309027707617e-05, '1': 0.00023559005050518666, '2': -4.04574582488938e-06, '3': -6.271650191729417e-06, '4': 3.6683481891776436e-05, '5': -3.539591383296347e-05, '6': -2.9366263714684082e-05, '7': 5.358570621944846e-05, '8': -2.6068240834600782e-05, '9': 0.0001931842936901878}",0.38671875,cluster_threshold,fixed_cluster_nonvictim_mean_delta_fpr
-0.03270328950949762,0.013919943900611043,-0.007389387427865759,10,nbaiot,0.9453125,3,10,3,0.4,False,-0.007389387427865759,-3.2434620918878982e-06,victim_delta_tpr,7,"{'0': -5.742024247196782e-06, '1': -8.865892495330603e-06, '2': 0.0268556832391683, '3': -7.448999365790144e-07, '4': -0.02695526951161127, '5': -0.09893178108412588, '6': -4.2900346478950507e-07, '7': 0.055374205866519706, '8': -0.030221732927168503, '9': 8.019587039381154e-07}",0.5078125,cluster_threshold,victim_delta_tpr
-0.005543263393171758,0.00021182875483693052,-0.0024899356433170762,10,nbaiot,0.9453125,3,10,3,0.4,False,-0.0024899356433170762,-0.0017537692733014794,victim_delta_fpr,7,"{'0': -0.0038515891953891054, '1': -0.001563728674316966, '2': 0.005307258498765282, '3': 8.79018314742307e-05, '4': -0.012916067788629316, '5': -0.0025353411204999976, '6': -0.00024092215893104028, '7': -0.007402354341912984, '8': -0.0019438098722859927, '9': 0.00015929638855512608}",0.138671875,cluster_threshold,victim_delta_fpr
-12713.72361111111,15971.445833333333,2520.588888888888,10,nbaiot,0.376953125,6,10,6,0.4,False,2520.588888888888,1.5555555555555554,victim_delta_fn,3,"{'0': 2.7777777777777777, '1': 2.6666666666666665, '2': -22324.0, '3': 0.4444444444444444, '4': 22179.555555555555, '5': 45124.88888888889, '6': 0.0, '7': -42932.88888888889, '8': 23153.11111111111, '9': -0.6666666666666666}",0.63671875,cluster_threshold,victim_delta_fn
-17.9225,12.333611111111109,-3.6111111111111116,10,nbaiot,0.828125,4,10,4,0.4,False,-3.6111111111111116,-6.833333333333334,victim_delta_fp,6,"{'0': -40.666666666666664, '1': -12.333333333333334, '2': 27.333333333333332, '3': 2.3333333333333335, '4': -22.333333333333332, '5': -14.0, '6': -1.3333333333333333, '7': 46.77777777777778, '8': -22.77777777777778, '9': 0.8888888888888888}",0.658203125,cluster_threshold,victim_delta_fp
-0.015113226305649255,0.008555751434256848,-0.0024497258922743514,10,nbaiot,0.623046875,5,10,5,0.4,False,-0.0024497258922743514,3.7961606013843977e-05,victim_delta_ba,5,"{'0': 0.0019229235855709398, '1': 0.0007774313909107865, '2': 0.01077421237020151, '3': -4.432336570540466e-05, '4': -0.007019600861490955, '5': -0.04819821998181292, '6': 0.00012024657773309262, '7': 0.0313882801042163, '8': -0.014138961527441256, '9': -7.924721492560651e-05}",0.6796875,cluster_threshold,victim_delta_ba
-0.04693770813931303,0.03250059870886183,-0.00796581172754642,10,nbaiot,0.623046875,5,10,5,0.4,False,-0.00796581172754642,2.4239552644871197e-05,victim_delta_macro_f1,5,"{'0': 0.00018097346991132376, '1': 5.747852900615339e-05, '2': 0.05968940559842668, '3': -4.0925150966912106e-05, '4': -0.05802262566412145, '5': -0.13723375434857282, '6': 5.3292401834468014e-05, '7': 0.11363778299112551, '8': -0.05797493180556242, '9': -4.81329654472562e-06}",0.744140625,cluster_threshold,victim_delta_macro_f1
-0.0014141789530618286,0.018595507180083515,0.005998716242283863,10,nbaiot,0.623046875,5,10,5,0.4,False,0.005998716242283863,0.0001930832581212849,nonvictim_mean_delta_tpr,5,"{'0': 0.00038697419080049633, '1': -5.341505422364982e-06, '2': -0.002593287077470489, '3': -1.4674342234384364e-06, '4': 0.0022061081784593584, '5': -0.006739282219700996, '6': -8.076745579265373e-07, '7': 0.05972071521738028, '8': 0.0033663018895961467, '9': 0.003647248857977568}",0.5,cluster_threshold,nonvictim_mean_delta_tpr
-0.03349164194788634,-0.004780776204019079,-0.01794668857844081,10,nbaiot,1.0,0,10,0,0.4,False,-0.01794668857844081,-2.9316488415032094e-05,nonvictim_worst_delta_tpr,9,"{'0': -0.02384642823240783, '1': -2.971819583017263e-05, '2': -0.0476963611691165, '3': -8.165221626585703e-06, '4': -0.053923356100403365, '5': -0.053912919705377566, '6': -4.96547987751302e-06, '7': -2.8914780999891557e-05, '8': -1.6056898768712635e-05, '9': 0.0}",0.00390625,cluster_threshold,nonvictim_worst_delta_tpr
-0.000698861692376973,0.0006174586694088417,-6.0927546023438714e-06,10,nbaiot,0.623046875,5,10,5,0.4,False,-6.0927546023438714e-06,0.00010761440454974137,nonvictim_mean_delta_fpr,5,"{'0': 0.0012475993912054416, '1': -0.0004899835374062686, '2': 0.0005616369297992849, '3': -0.00020051233173901762, '4': -0.0023139156050810874, '5': 0.0002548455848879014, '6': -3.961677578841869e-05, '7': -0.0009272721694066864, '8': 0.001545758029113155, '9': 0.0003005329383922575}",0.994140625,cluster_threshold,nonvictim_mean_delta_fpr
0.003067388341720266,0.01940367639239327,0.010062160270578381,10,nbaiot,0.0009765625,10,10,10,0.4,True,0.010062160270578381,0.0024988520586324042,nonvictim_worst_delta_fpr,0,"{'0': 0.017581358883539993, '1': 0.0025633539195496543, '2': 0.010484002027607815, '3': 0.00023891430916857787, '4': 0.002434350197715154, '5': 0.0014554025230745728, '6': 0.0001707074487796206, '7': 0.04471910488155596, '8': 0.01923981559883338, '9': 0.001734592915959075}",0.001953125,cluster_threshold,nonvictim_worst_delta_fpr
-0.000805270385667633,0.00941511882202266,0.0030024044984431003,10,nbaiot,0.171875,7,10,7,0.4,False,0.0030024044984431003,0.0001709217323748689,nonvictim_mean_delta_ba,3,"{'0': -0.00043031260020248246, '1': 0.00024232101599195373, '2': -0.0015774620036348936, '3': 9.952244875778405e-05, '4': 0.0022600118917702333, '5': -0.0034970639022944543, '6': 1.9404550615242317e-05, '7': 0.030323993693393465, '8': 0.0009102719302415021, '9': 0.001673357959792653}",0.517578125,cluster_threshold,nonvictim_mean_delta_ba
-0.003211397863681581,0.027871959064760667,0.008745552915116786,10,nbaiot,0.171875,7,10,7,0.4,False,0.008745552915116786,0.0005516730896815537,nonvictim_mean_delta_macro_f1,3,"{'0': 0.0010972867251002282, '1': -2.37585748297697e-05, '2': -0.004573639466073333, '3': 6.059454262879244e-06, '4': 0.0035057176577462192, '5': -0.015372938816752982, '6': 5.32421622422008e-07, '7': 0.08882295955703925, '8': 0.0071802029796728195, '9': 0.006813107213380107}",0.525390625,cluster_threshold,nonvictim_mean_delta_macro_f1
-76742.56861111111,9031.931666666664,-24061.48888888889,10,nbaiot,0.623046875,5,10,5,0.4,False,-24061.48888888889,-75.0,nonvictim_delta_fn_total,5,"{'0': -152.88888888888889, '1': 24.444444444444443, '2': 21870.555555555555, '3': 7.888888888888889, '4': -21720.777777777777, '5': 44358.0, '6': 2.888888888888889, '7': -241300.22222222222, '8': -22161.222222222223, '9': -21543.555555555555}",0.57421875,cluster_threshold,nonvictim_delta_fn_total
-33.113333333333316,76.68916666666667,14.644444444444446,10,nbaiot,0.828125,4,10,4,0.4,False,14.644444444444446,-6.0,nonvictim_delta_fp_total,6,"{'0': -28.22222222222222, '1': -31.77777777777778, '2': -93.55555555555556, '3': -11.333333333333334, '4': 69.55555555555556, '5': 27.333333333333332, '6': -0.6666666666666666, '7': 250.77777777777777, '8': -55.55555555555556, '9': 19.88888888888889}",0.7578125,cluster_threshold,nonvictim_delta_fp_total
-0.0011886683103957264,0.000454172890680493,-0.0002820752977928696,10,nbaiot,0.828125,4,10,4,0.4,False,-0.0002820752977928696,-5.857960036861551e-05,delta_mean_fpr,6,"{'0': 0.0006810228815838278, '1': -0.0006092885526185707, '2': 0.0010889282152399561, '3': -0.00016846631360421035, '4': -0.003491932514364228, '5': -5.5175160155193794e-05, '6': -6.198404058203722e-05, '7': -0.0016467257441296138, '8': 0.0011580282622910237, '9': 0.00028483998841035096}",0.599609375,cluster_threshold,delta_mean_fpr
-0.05646715624206584,0.014407700147375375,-0.014495410910633255,10,nbaiot,0.623046875,5,10,5,0.4,False,-0.014495410910633255,-0.0005137110431564075,delta_cv_fpr,5,"{'0': 0.04488019905136528, '1': -0.010821808786878514, '2': 0.0010287961854960307, '3': -0.007168922986379389, '4': -0.02412479871025856, '5': 0.0003764237983586099, '6': -0.0014038458846714248, '7': -0.18511995894612593, '8': 0.031475567857377436, '9': 0.005924239315383945}",0.724609375,cluster_threshold,delta_cv_fpr
-0.00281800257835412,0.0016522606441544644,-0.0004974627363737844,10,nbaiot,0.623046875,5,10,5,0.4,False,-0.0004974627363737844,0.00023897193648179168,fixed_cluster_victim_delta_tau,5,"{'0': -0.0014146043539600293, '1': -0.004004267396198237, '2': -0.005853564154218723, '3': 0.0032372904872450753, '4': 0.0018925482269236127, '5': 0.0023349037290442995, '6': 0.004232656734961482, '7': -0.002026700245699694, '8': 0.002474222677173507, '9': -0.005847113069009137}",0.69140625,cluster_threshold,fixed_cluster_victim_delta_tau
-0.008053609384077032,0.008751552662092503,0.00023262582277587033,10,nbaiot,0.623046875,5,10,5,0.4,False,0.00023262582277587033,-1.2038872234912094e-07,fixed_cluster_victim_delta_tpr,5,"{'0': -7.447756322714266e-07, '1': 6.682989199566533e-07, '2': 1.882260200912632e-07, '3': -7.448999365790144e-07, '4': 1.3235577762548011e-06, '5': -0.026845813953910985, '6': -4.2900346478950507e-07, '7': 0.02917194549458393, '8': -9.366753008407022e-07, '9': 8.019587039381154e-07}",0.73828125,cluster_threshold,fixed_cluster_victim_delta_tpr
-0.00041893775133569324,3.847683844242005e-05,-0.00014293627170861261,10,nbaiot,0.623046875,5,10,5,0.4,False,-0.00014293627170861261,8.081439902389078e-07,fixed_cluster_victim_delta_fpr,5,"{'0': -2.0587348552772637e-05, '1': -0.00010947278035802002, '2': 8.013157979984265e-05, '3': 8.79018314742307e-05, '4': -0.0012259088263259193, '5': 2.2203636533250453e-05, '6': -0.00024092215893104028, '7': -0.00023402477676545956, '8': 5.2019737484635844e-05, '9': 0.00015929638855512608}",0.32421875,cluster_threshold,fixed_cluster_victim_delta_fpr
-0.003102292406135111,0.0013710854473191173,-0.0009257517527099902,10,nbaiot,0.9453125,3,10,3,0.4,False,-0.0009257517527099902,-0.001345226663124588,fixed_cluster_delta_cv_fpr,7,"{'0': -0.00045021796766563245, '1': 0.0031077875910952135, '2': 0.0015033212461084873, '3': -0.007168922986379389, '4': -0.002766813073909925, '5': -0.001286607441577751, '6': -0.0014038458846714248, '7': -0.004943983536301494, '8': -0.0017724747891819288, '9': 0.005924239315383945}",0.455078125,cluster_threshold,fixed_cluster_delta_cv_fpr
-7.256821169774076e-05,0.00010247021347115258,1.1469365623082415e-05,10,nbaiot,0.623046875,5,10,5,0.4,False,1.1469365623082415e-05,3.947483058397581e-06,fixed_cluster_delta_mean_fpr,5,"{'0': 1.3551881729158585e-05, '1': 0.00013814015160371756, '2': 0.0001553032577593657, '3': -0.00016846631360421035, '4': -0.00016724957406389875, '5': 3.615167570260159e-05, '6': -6.198404058203722e-05, '7': -5.656915612363422e-06, '8': -0.00010993645511186052, '9': 0.00028483998841035096}",0.818359375,cluster_threshold,fixed_cluster_delta_mean_fpr
-0.00165700101348708,0.003049874682514325,0.0005856853430519407,10,nbaiot,0.828125,4,10,4,0.4,False,0.0005856853430519407,-1.9534668906084907e-07,fixed_cluster_nonvictim_mean_delta_tpr,6,"{'0': -5.103263516554386e-08, '1': 1.344280476370869e-07, '2': 0.008951544383286261, '3': -1.4674342234384364e-06, '4': -3.396607429561543e-07, '5': -0.006739301029724722, '6': -8.076745579265373e-07, '7': 7.107470613582079e-07, '8': -8.181539692081771e-07, '9': 0.003647248857977568}",0.7265625,cluster_threshold,fixed_cluster_nonvictim_mean_delta_tpr
-5.355321098835215e-05,0.00012093946201855348,3.077007028954368e-05,10,nbaiot,0.376953125,6,10,6,0.4,False,3.077007028954368e-05,2.0354176273089104e-05,fixed_cluster_nonvictim_mean_delta_fpr,4,"{'0': 1.781928551439864e-05, '1': 0.00016909176809893681, '2': 0.00016469971750430017, '3': -0.00020051233173901762, '4': -3.491716753114415e-05, '5': 3.78951805987643e-05, '6': -3.961677578841869e-05, '7': 2.288906703177957e-05, '8': -0.00013018097918641978, '9': 0.0003005329383922575}",0.533203125,cluster_threshold,fixed_cluster_nonvictim_mean_delta_fpr
1.3061167705313386e-06,3.065980438432536e-06,2.028697473252208e-06,10,nbaiot,0.0009765625,10,10,10,0.1,True,2.028697473252208e-06,1.624152922569122e-06,victim_delta_tpr,0,"{'0': 1.4788907664906346e-06, '1': 2.447387853488081e-06, '2': 6.820999790176548e-07, '3': 1.7000606737865237e-06, '4': 1.4970816025256578e-06, '5': 1.5482451713517204e-06, '6': 1.9575469649701915e-06, '7': 6.851193257655868e-07, '8': 2.2385135836571693e-06, '9': 6.052028811468861e-06}",0.001953125,global_threshold,victim_delta_tpr
0.00042009429583348497,0.0006443075768552671,0.000527687468989204,10,nbaiot,0.0009765625,10,10,10,0.1,True,0.000527687468989204,0.0005023273294393127,victim_delta_fpr,0,"{'0': 0.00040927527862449675, '1': 0.0005979310075073251, '2': 0.00022924358854378154, '3': 0.0004794834516038709, '4': 0.0005251712072747545, '5': 0.0003623847839584098, '6': 0.0006230954254096253, '7': 0.0004574771653463336, '8': 0.0006787939695523449, '9': 0.0009140188120710982}",0.001953125,global_threshold,victim_delta_fpr
-1.8111111111111111,-0.8555555555555555,-1.2444444444444445,10,nbaiot,1.0,0,10,0,0.1,False,-1.2444444444444445,-1.0,victim_delta_fn,10,"{'0': -0.8888888888888888, '1': -1.3333333333333333, '2': -0.5555555555555556, '3': -0.8888888888888888, '4': -0.8888888888888888, '5': -1.1111111111111112, '6': -1.4444444444444444, '7': -0.5555555555555556, '8': -1.3333333333333333, '9': -3.4444444444444446}",0.001953125,global_threshold,victim_delta_fn
3.3,4.699999999999999,3.977777777777777,10,nbaiot,0.0009765625,10,10,10,0.1,True,3.977777777777777,3.9444444444444446,victim_delta_fp,0,"{'0': 2.7777777777777777, '1': 3.4444444444444446, '2': 2.111111111111111, '3': 4.222222222222222, '4': 3.6666666666666665, '5': 3.3333333333333335, '6': 4.333333333333333, '7': 4.333333333333333, '8': 6.111111111111111, '9': 5.444444444444445}",0.001953125,global_threshold,victim_delta_fp
-0.000320674350605187,-0.00020930543555240335,-0.00026282938575798254,10,nbaiot,1.0,0,10,0,0.1,False,-0.00026282938575798254,-0.00025036437915059654,victim_delta_ba,10,"{'0': -0.00020389819392901346, '1': -0.0002977418098269026, '2': -0.00011428074428237394, '3': -0.00023889169546505626, '4': -0.00026183706283613685, '5': -0.00018041826939353534, '6': -0.0003105689392223591, '7': -0.0002283960230103046, '8': -0.00033827772798431275, '9': -0.0004539833916298308}",0.001953125,global_threshold,victim_delta_ba
-7.518853455880277e-05,-3.239216513265608e-05,-5.318639258174687e-05,10,nbaiot,1.0,0,10,0,0.1,False,-5.318639258174687e-05,-5.248592716019147e-05,victim_delta_macro_f1,10,"{'0': -5.0258341844213986e-05, '1': -7.392106598953014e-06, '2': -3.702622630041224e-05, '3': -1.9673801313297494e-05, '4': -6.0296872940938474e-05, '5': -8.077699968165072e-06, '6': -9.350876891265101e-05, '7': -9.089519928063961e-05, '8': -0.00011002139618202882, '9': -5.471351247616897e-05}",0.001953125,global_threshold,victim_delta_macro_f1
2.100560677775814e-06,0.0035815520767758014,0.001561080494960376,10,nbaiot,0.0009765625,10,10,10,0.1,True,0.001561080494960376,2.1810411310619242e-06,nonvictim_mean_delta_tpr,0,"{'0': 0.0033719016820246586, '1': 2.2391204483630336e-06, '2': 1.7033833946743083e-06, '3': 0.00895161753838326, '4': 1.6262197509596554e-06, '5': 9.530190120491758e-07, '6': 2.1229618137608153e-06, '7': 8.121590149344338e-07, '8': 0.003274304104479676, '9': 3.5247612814238224e-06}",0.001953125,global_threshold,nonvictim_mean_delta_tpr
0.0,0.0,0.0,10,nbaiot,1.0,0,10,0,0.1,False,0.0,0.0,nonvictim_worst_delta_tpr,0,"{'0': 0.0, '1': 0.0, '2': 0.0, '3': 0.0, '4': 0.0, '5': 0.0, '6': 0.0, '7': 0.0, '8': 0.0, '9': 0.0}",1.0,global_threshold,nonvictim_worst_delta_tpr
0.0005031262738506726,0.0006714537866333487,0.0005856104829290235,10,nbaiot,0.0009765625,10,10,10,0.1,True,0.0005856104829290235,0.0005723330886042766,nonvictim_mean_delta_fpr,0,"{'0': 0.0004905613793347928, '1': 0.0008793762019172614, '2': 0.0006165755859439021, '3': 0.0003470897964805918, '4': 0.000682094734975754, '5': 0.0004897574350930976, '6': 0.0006179511454366397, '7': 0.0005227680372999465, '8': 0.0005280905912646512, '9': 0.0006818399215435975}",0.001953125,global_threshold,nonvictim_mean_delta_fpr
0.0018872169365152284,0.002738743245707443,0.0022813247520375736,10,nbaiot,0.0009765625,10,10,10,0.1,True,0.0022813247520375736,0.002192350477115715,nonvictim_worst_delta_fpr,0,"{'0': 0.0017411225080085134, '1': 0.003963589656695274, '2': 0.0023273393477285997, '3': 0.0016114968181922004, '4': 0.0025405207986462755, '5': 0.0014967238310941463, '6': 0.0020573616065028308, '7': 0.001750383544742486, '8': 0.0024487335036915176, '9': 0.002875975905073896}",0.001953125,global_threshold,nonvictim_worst_delta_fpr
-0.00029844329624339094,0.0015167326253328953,0.0004877350060156752,10,nbaiot,0.9453125,3,10,3,0.1,False,0.0004877350060156752,-0.0002842070202085679,nonvictim_mean_delta_ba,7,"{'0': 0.00144067015134494, '1': -0.00043856854073443744, '2': -0.00030743610127461723, '3': 0.004302263870951322, '4': -0.00034023425761239693, '5': -0.00024440220804052313, '6': -0.0003079140918114491, '7': -0.0002609779391425186, '8': 0.0013731067566075132, '9': -0.00033915758013108096}",0.373046875,global_threshold,nonvictim_mean_delta_ba
-7.57452047345023e-05,0.004686342250423579,0.002298714575356517,10,nbaiot,0.9453125,3,10,3,0.1,False,0.002298714575356517,-6.107063195452563e-05,nonvictim_mean_delta_macro_f1,7,"{'0': 0.007487389648065819, '1': -2.6299994606792447e-05, '2': -0.00011584179348416111, '3': 0.009368602316452618, '4': -9.334842903176464e-05, '5': -7.468558442927684e-05, '6': -0.00012401368685100583, '7': -0.0001238066793773987, '8': 0.006736605636306909, '9': -4.7455679479774406e-05}",0.25,global_threshold,nonvictim_mean_delta_macro_f1
-13347.091666666665,-10.722222222222223,-6677.966666666665,10,nbaiot,1.0,0,10,0,0.1,False,-6677.966666666665,-11.444444444444445,nonvictim_delta_fn_total,10,"{'0': -22189.222222222223, '1': -10.88888888888889, '2': -10.222222222222221, '3': -23139.777777777777, '4': -8.11111111111111, '5': -5.222222222222222, '6': -12.0, '7': -4.333333333333333, '8': -21383.777777777777, '9': -16.11111111111111}",0.001953125,global_threshold,nonvictim_delta_fn_total
33.94444444444444,40.41111111111111,37.43333333333332,10,nbaiot,0.0009765625,10,10,10,0.1,True,37.43333333333332,38.55555555555556,nonvictim_delta_fp_total,0,"{'0': 31.88888888888889, '1': 44.22222222222222, '2': 39.0, '3': 25.444444444444443, '4': 40.44444444444444, '5': 35.55555555555556, '6': 40.55555555555556, '7': 42.55555555555556, '8': 36.55555555555556, '9': 38.111111111111114}",0.001953125,global_threshold,nonvictim_delta_fp_total
0.0005006746511337173,0.0006606820856537065,0.000579174592491266,10,nbaiot,0.0009765625,10,10,10,0.1,True,0.000579174592491266,0.0005591870542091433,delta_mean_fpr,0,"{'0': 0.00048152959036697814, '1': 0.0008481045136494941, '2': 0.0005735386973438894, '3': 0.0003618002026053955, '4': 0.0006646587874534189, '5': 0.00047560491830036, '6': 0.000618522732100308, '7': 0.0005155134959717658, '8': 0.0005448354110743972, '9': 0.0007076375760466527}",0.001953125,global_threshold,delta_mean_fpr
-0.009125374745958694,-0.004067850348242238,-0.006488100778008302,10,nbaiot,0.9990234375,1,10,1,0.1,False,-0.006488100778008302,-0.006478325870137852,delta_cv_fpr,9,"{'0': -0.00679947208961989, '1': -0.009420522091077231, '2': -0.0061571796506558136, '3': -0.0038450014969129264, '4': -0.006930725795679943, '5': -0.002096123163953233, '6': -0.00879218801994857, '7': 0.00021066503376777746, '8': -0.005730292236444883, '9': -0.015320168269558312}",0.00390625,global_threshold,delta_cv_fpr
2.768952095651901e-06,0.021484945151264766,0.007163949803380021,10,nbaiot,0.0009765625,10,10,10,0.2,True,0.007163949803380021,3.2605812170423873e-06,victim_delta_tpr,0,"{'0': 2.9164863585284806e-06, '1': 4.538594602433567e-06, '2': 1.4160908089354428e-06, '3': 0.07160652451773994, '4': 3.127822989032778e-06, '5': 3.393339445051997e-06, '6': 2.9637118490959894e-06, '7': 1.754397597678962e-06, '8': 4.265379835900597e-06, '9': 8.597692573614819e-06}",0.001953125,global_threshold,victim_delta_tpr
0.0009180932095409166,0.0013447851247417929,0.001126874488042555,10,nbaiot,0.0009765625,10,10,10,0.2,True,0.001126874488042555,0.001100366570886995,victim_delta_fpr,0,"{'0': 0.0005368521311197519, '1': 0.0013815935864514455, '2': 0.0008082998319014334, '3': 0.0017786781930529778, '4': 0.001263512608086252, '5': 0.0010136278462841986, '6': 0.0011206174998455018, '7': 0.0008499954171024369, '8': 0.001080115641928488, '9': 0.0014354521246530653}",0.001953125,global_threshold,victim_delta_fpr
-6942.211111111113,-1.7888888888888892,-2315.5000000000005,10,nbaiot,1.0,0,10,0,0.2,False,-2315.5000000000005,-2.111111111111111,victim_delta_fn,10,"{'0': -1.5555555555555556, '1': -2.888888888888889, '2': -1.0, '3': -23134.666666666668, '4': -1.8888888888888888, '5': -2.111111111111111, '6': -2.111111111111111, '7': -1.4444444444444444, '8': -2.6666666666666665, '9': -4.666666666666667}",0.001953125,global_threshold,victim_delta_fn
7.299722222222224,11.01111111111111,8.966666666666665,10,nbaiot,0.0009765625,10,10,10,0.2,True,8.966666666666665,8.61111111111111,victim_delta_fp,0,"{'0': 3.7777777777777777, '1': 8.666666666666666, '2': 7.777777777777778, '3': 16.444444444444443, '4': 9.777777777777779, '5': 8.222222222222221, '6': 8.555555555555555, '7': 7.555555555555555, '8': 9.333333333333334, '9': 9.555555555555555}",0.001953125,global_threshold,victim_delta_fp
-0.0005856355647112226,0.01013993896334373,0.003018537657668731,10,nbaiot,0.9990234375,1,10,1,0.2,False,0.003018537657668731,-0.0005215211922329334,victim_delta_ba,9,"{'0': -0.0002669678223806334, '1': -0.0006885274959244933, '2': -0.00040344187054625676, '3': 0.03491392316234346, '4': -0.0006301923925486033, '5': -0.000505117253419581, '6': -0.0005588268939981963, '7': -0.00042412050975237925, '8': -0.0005379251310462858, '9': -0.000713427216039718}",1.0,global_threshold,victim_delta_ba
-0.00014574868866621492,0.022393879643051652,0.00737980097082956,10,nbaiot,0.9990234375,1,10,1,0.2,False,0.00737980097082956,-0.00012449955908124438,victim_delta_macro_f1,9,"{'0': -6.202043247413889e-05, '1': -5.901714065620962e-06, '2': -0.00016642288228415256, '3': 0.0748831008178412, '4': -0.00011169073507808245, '5': -0.00011976206785839648, '6': -0.00021318413145475038, '7': -0.00013454067036352177, '8': -0.0001423314256628462, '9': -0.0001292370503040923}",1.0,global_threshold,victim_delta_macro_f1
3.833019289049155e-06,0.006047840622776355,0.0024576473573504507,10,nbaiot,0.0009765625,10,10,10,0.2,True,0.0024576473573504507,4.0319286959245796e-06,nonvictim_mean_delta_tpr,0,"{'0': 0.0033734883977504255, '1': 4.239704790564662e-06, '2': 2.6435155702305024e-06, '3': 0.01790339534594531, '4': 2.8850546656951204e-06, '5': 2.3898513888444737e-06, '6': 3.824152601284498e-06, '7': 1.75923353925439e-06, '8': 0.0032755629346660317, '9': 6.285382586870527e-06}",0.001953125,global_threshold,nonvictim_mean_delta_tpr
2.9006719986451264e-08,1.3510147002608147e-07,8.148540420934343e-08,10,nbaiot,0.623046875,5,10,5,0.2,False,8.148540420934343e-08,6.682989199689891e-08,nonvictim_worst_delta_tpr,0,"{'0': 0.0, '1': 2.4064686842005676e-07, '2': 1.3365978399379782e-07, '3': 0.0, '4': 1.4503359993225632e-07, '5': 0.0, '6': 1.4503359993225632e-07, '7': 0.0, '8': 1.5048018981506712e-07, '9': 0.0}",0.0625,global_threshold,nonvictim_worst_delta_tpr
0.0009004196459167475,0.001185561391876151,0.001039754589719506,10,nbaiot,0.0009765625,10,10,10,0.2,True,0.001039754589719506,0.000973993260744544,nonvictim_mean_delta_fpr,0,"{'0': 0.000795760056025477, '1': 0.0014709813226035462, '2': 0.0009542125229242427, '3': 0.000747820375672946, '4': 0.0013151751964524682, '5': 0.0009937739985648455, '6': 0.0010685345361426144, '7': 0.0009532237605656455, '8': 0.000796402957469434, '9': 0.0013016611707738425}",0.001953125,global_threshold,nonvictim_mean_delta_fpr
0.003294697611005894,0.0045816962345909444,0.0038945989211346633,10,nbaiot,0.0009765625,10,10,10,0.2,True,0.0038945989211346633,0.00350379367164054,nonvictim_worst_delta_fpr,0,"{'0': 0.002740520694422247, '1': 0.006374822553582473, '2': 0.003906793432221976, '3': 0.0032979152719244125, '4': 0.004882134049496713, '5': 0.0031323048774809376, '6': 0.0034587592081812436, '7': 0.0029461451911945405, '8': 0.003548828135099836, '9': 0.004657765797742255}",0.001953125,global_threshold,nonvictim_worst_delta_fpr
-0.0005378311113403591,0.0025786998569824545,0.0007089463838154707,10,nbaiot,0.9453125,3,10,3,0.2,False,0.0007089463838154707,-0.0004857382886325093,nonvictim_mean_delta_ba,7,"{'0': 0.0012888641708624822, '1': -0.0007333708089064759, '2': -0.00047578450367701127, '3': 0.008577787485136172, '4': -0.0006561450708933822, '5': -0.0004956920735880074, '6': -0.0005323551917706763, '7': -0.00047573226351320695, '8': 0.0012395799885982972, '9': -0.000647687894093483}",0.7109375,global_threshold,nonvictim_mean_delta_ba
-0.00013588556333090737,0.0073881195409522035,0.003179700640456368,10,nbaiot,0.9453125,3,10,3,0.2,False,0.003179700640456368,-0.00012889254526884323,nonvictim_mean_delta_macro_f1,7,"{'0': 0.00744794200166957, '1': -4.5144458911013404e-05, '2': -0.00017954125301703467, '3': 0.018732036573626043, '4': -0.00017006748161402395, '5': -0.00016420241425547702, '6': -0.00020689882766790192, '7': -0.00021560627149139585, '8': 0.006692071212507127, '9': -9.358267628220947e-05}",0.25,global_threshold,nonvictim_mean_delta_macro_f1
-19931.679722222198,-19.833333333333336,-8999.433333333334,10,nbaiot,1.0,0,10,0,0.2,False,-8999.433333333334,-21.38888888888889,nonvictim_delta_fn_total,10,"{'0': -22196.333333333332, '1': -21.0, '2': -15.555555555555555, '3': -46281.0, '4': -15.333333333333334, '5': -13.666666666666666, '6': -21.77777777777778, '7': -9.333333333333334, '8': -21390.777777777777, '9': -29.555555555555557}",0.001953125,global_threshold,nonvictim_delta_fn_total
59.96638888888888,73.27777777777777,66.74444444444444,10,nbaiot,0.0009765625,10,10,10,0.2,True,66.74444444444444,71.72222222222223,nonvictim_delta_fp_total,0,"{'0': 53.666666666666664, '1': 76.77777777777777, '2': 58.666666666666664, '3': 50.888888888888886, '4': 83.88888888888889, '5': 71.66666666666667, '6': 71.77777777777777, '7': 73.66666666666667, '8': 53.666666666666664, '9': 72.77777777777777}",0.001953125,global_threshold,nonvictim_delta_fp_total
0.0009157663825212836,0.0011891342360514795,0.0010494345784220678,10,nbaiot,0.0009765625,10,10,10,0.2,True,0.0010494345784220678,0.0009688669631350343,delta_mean_fpr,0,"{'0': 0.0007669925088137268, '1': 0.0014610493519199822, '2': 0.0009380000016994868, '3': 0.0008623601331596101, '4': 0.0013094349088562185, '5': 0.0009959799816447827, '6': 0.0010743215321096056, '7': 0.0009417539446252858, '8': 0.0008279265890759983, '9': 0.00131652683231598}",0.001953125,global_threshold,delta_mean_fpr
-0.01466192397058027,-0.00797069840565677,-0.011048358854351308,10,nbaiot,1.0,0,10,0,0.2,False,-0.011048358854351308,-0.010310918517943062,delta_cv_fpr,10,"{'0': -0.010793822495230507, '1': -0.015099119013774932, '2': -0.009828014540655615, '3': -0.008554153201171108, '4': -0.011231000851937352, '5': -0.007006891572240548, '6': -0.013196846440542372, '7': -0.0021786273154236944, '8': -0.008905170714189318, '9': -0.023689942398347628}",0.001953125,global_threshold,delta_cv_fpr
8.058208476799222e-06,0.028647050948982292,0.012469666566373447,10,nbaiot,0.0009765625,10,10,10,0.4,True,0.012469666566373447,6.792823114239639e-06,victim_delta_tpr,0,"{'0': 0.02685480396287025, '1': 7.945873375041983e-06, '2': 4.619349797958034e-06, '3': 0.07160958046989425, '4': 5.6397728534372955e-06, '5': 4.341094148571953e-06, '6': 4.996659696505152e-06, '7': 4.555415008236332e-06, '8': 0.026184213807455354, '9': 1.5969258634871172e-05}",0.001953125,global_threshold,victim_delta_tpr
0.0019612699747886286,0.0025031216364111465,0.0022419616117696347,10,nbaiot,0.0009765625,10,10,10,0.4,True,0.0022419616117696347,0.00237024651759084,victim_delta_fpr,0,"{'0': 0.0014340958044135954, '1': 0.002435597053255437, '2': 0.0019660946633347606, '3': 0.002624029398382034, '4': 0.0028664070957990766, '5': 0.0025838672933065554, '6': 0.002304895981926243, '7': 0.0015913376894898996, '8': 0.0021365416878502317, '9': 0.0024767494499385173}",0.001953125,global_threshold,victim_delta_fpr
-13369.556944444443,-4.611111111111112,-6686.6,10,nbaiot,1.0,0,10,0,0.4,False,-6686.6,-4.388888888888889,victim_delta_fn,10,"{'0': -22322.555555555555, '1': -5.0, '2': -3.111111111111111, '3': -23137.0, '4': -3.7777777777777777, '5': -2.888888888888889, '6': -3.4444444444444446, '7': -2.888888888888889, '8': -21377.333333333332, '9': -8.0}",0.001953125,global_threshold,victim_delta_fn
15.788888888888891,20.322222222222223,18.155555555555555,10,nbaiot,0.0009765625,10,10,10,0.4,True,18.155555555555555,18.055555555555557,victim_delta_fp,0,"{'0': 10.333333333333334, '1': 17.555555555555557, '2': 17.11111111111111, '3': 22.77777777777778, '4': 23.444444444444443, '5': 20.555555555555557, '6': 19.444444444444443, '7': 14.222222222222221, '8': 18.0, '9': 18.11111111111111}",0.001953125,global_threshold,victim_delta_fp
-0.0010767336064936078,0.013066260374017693,0.0051138524773019075,10,nbaiot,0.9453125,3,10,3,0.4,False,0.0051138524773019075,-0.0010653436589416446,victim_delta_ba,7,"{'0': 0.012710354079228332, '1': -0.0012138255899401724, '2': -0.0009807376567684144, '3': 0.03449277553575609, '4': -0.001430383661472819, '5': -0.0012897630995789679, '6': -0.0011499496611148746, '7': -0.0007933911372408496, '8': 0.012023836059802569, '9': -0.0012303900956518207}",0.25,global_threshold,victim_delta_ba
-0.00027086211433800534,0.03754442056720997,0.018610870329320447,10,nbaiot,0.9453125,3,10,3,0.4,False,0.018610870329320447,-0.00023991482571818985,victim_delta_macro_f1,7,"{'0': 0.059406692223843455, '1': -5.0334168436231654e-05, '2': -0.00041574866800822254, '3': 0.07472118218282585, '4': -0.0002021928521782685, '5': -0.00046475498718220567, '6': -0.0005191621211981245, '7': -0.0002776367992581112, '8': 0.05419820278065962, '9': -0.0002875442978632872}",0.25,global_threshold,victim_delta_macro_f1
0.0028931015683062934,0.012497681476988435,0.007127880195867298,10,nbaiot,0.0009765625,10,10,10,0.4,True,0.007127880195867298,0.0061159420238375145,nonvictim_mean_delta_tpr,0,"{'0': 0.010115516851327468, '1': 0.00895716566212881, '2': 0.0032770724497209994, '3': 0.0268574936390995, '4': 0.00895481159795403, '5': 0.003276409697341145, '6': 6.047031342387556e-06, '7': 3.3618203771346167e-06, '8': 0.009822290986306681, '9': 8.63222307481241e-06}",0.001953125,global_threshold,nonvictim_mean_delta_tpr
7.561305536481998e-08,2.606120977787106e-07,1.7021532058230584e-07,10,nbaiot,0.376953125,6,10,6,0.4,False,1.7021532058230584e-07,2.025694722148271e-07,nonvictim_worst_delta_tpr,0,"{'0': 0.0, '1': 2.7009262961976947e-07, '2': 3.439205846161247e-07, '3': 0.0, '4': 3.009603796177984e-07, '5': 0.0, '6': 3.5117291754168295e-07, '7': 0.0, '8': 3.009603796177984e-07, '9': 1.3504631480988473e-07}",0.03125,global_threshold,nonvictim_worst_delta_tpr
0.0016772618121601223,0.001996195933887056,0.0018327735016763047,10,nbaiot,0.0009765625,10,10,10,0.4,True,0.0018327735016763047,0.001802744205369963,nonvictim_mean_delta_fpr,0,"{'0': 0.0014820702005286105, '1': 0.0023251413894826455, '2': 0.001902120245324295, '3': 0.0016341781303352541, '4': 0.002147465252293702, '5': 0.001624372109030557, '6': 0.0019138416429183608, '7': 0.001703368165415631, '8': 0.0015612440879435622, '9': 0.0020339337934904295}",0.001953125,global_threshold,nonvictim_mean_delta_fpr
0.005822479852141501,0.0077744867992262014,0.006741066922545604,10,nbaiot,0.0009765625,10,10,10,0.4,True,0.006741066922545604,0.006513510660895384,nonvictim_worst_delta_fpr,0,"{'0': 0.0049638897818082015, '1': 0.010397288764252983, '2': 0.007877980800755129, '3': 0.0063812162968056585, '4': 0.007430962705716683, '5': 0.005082590198425157, '6': 0.006356042185557013, '7': 0.004959549281129139, '8': 0.006645805024985109, '9': 0.00731534418602097}",0.001953125,global_threshold,nonvictim_worst_delta_fpr
0.0005212848891033142,0.005346940773870893,0.002647553347095494,10,nbaiot,0.171875,7,10,7,0.4,False,0.002647553347095494,0.0020710154652391947,nonvictim_mean_delta_ba,3,"{'0': 0.004316723325399435, '1': 0.0033160121363231005, '2': 0.0006874761021983486, '3': 0.012611657754382104, '4': 0.0034036731728301767, '5': 0.0008260187941552887, '6': -0.0009538973057880121, '7': -0.0008500031725192585, '8': 0.004130523449181554, '9': -0.0010126507852077993}",0.05078125,global_threshold,nonvictim_mean_delta_ba
0.004369720395934808,0.016235044283567195,0.010122016056682654,10,nbaiot,0.171875,7,10,7,0.4,False,0.010122016056682654,0.007835457910091777,nonvictim_mean_delta_macro_f1,3,"{'0': 0.02243563899389607, '1': 0.009295454875602559, '2': 0.006469102141207712, '3': 0.02804473530583636, '4': 0.009131157203304378, '5': 0.006539758616879178, '6': -0.0003786653636894553, '7': -0.0003714901450187776, '8': 0.02020567162390789, '9': -0.00015120268509937303}",0.015625,global_threshold,nonvictim_mean_delta_macro_f1
-45198.98916666667,-13273.321666666667,-28937.45555555555,10,nbaiot,1.0,0,10,0,0.4,False,-28937.45555555555,-22279.777777777777,nonvictim_delta_fn_total,10,"{'0': -66567.88888888889, '1': -23169.0, '2': -21402.444444444445, '3': -69435.55555555556, '4': -23157.11111111111, '5': -21396.555555555555, '6': -35.77777777777778, '7': -18.0, '8': -64149.88888888889, '9': -42.333333333333336}",0.001953125,global_threshold,nonvictim_delta_fn_total
110.42222222222222,125.5111111111111,117.44444444444443,10,nbaiot,0.0009765625,10,10,10,0.4,True,117.44444444444443,113.61111111111111,nonvictim_delta_fp_total,0,"{'0': 100.77777777777777, '1': 119.55555555555556, '2': 112.66666666666667, '3': 112.11111111111111, '4': 143.55555555555554, '5': 114.55555555555556, '6': 127.66666666666667, '7': 127.88888888888889, '8': 103.33333333333333, '9': 112.33333333333333}",0.001953125,global_threshold,nonvictim_delta_fp_total
0.0017203831375049577,0.002040528694910918,0.001878238847242231,10,nbaiot,0.0009765625,10,10,10,0.4,True,0.001878238847242231,0.0018266950592773974,delta_mean_fpr,0,"{'0': 0.0014767397120713827, '1': 0.0023374142410129586, '2': 0.0019092285139921247, '3': 0.0017441616045626703, '4': 0.0022273476793498517, '5': 0.001730982685061232, '6': 0.0019572921250303513, '7': 0.001690920334757215, '8': 0.00162516604348875, '9': 0.0020831355330957727}",0.001953125,global_threshold,delta_mean_fpr
-0.02390695640320876,-0.015079713353684928,-0.01925860040941329,10,nbaiot,1.0,0,10,0,0.4,False,-0.01925860040941329,-0.01900470537713317,delta_cv_fpr,10,"{'0': -0.019045941154091653, '1': -0.023122001104311743, '2': -0.01912115724099485, '3': -0.015980370843024543, '4': -0.018222373369021425, '5': -0.01454447420811416, '6': -0.021760223115974586, '7': -0.006211684333146216, '8': -0.018963469600174684, '9': -0.03561430912527903}",0.001953125,global_threshold,delta_cv_fpr
-1.1263370392604486e-07,6.996891562607546e-07,2.8836730476390465e-07,10,nbaiot,0.376953125,6,10,6,0.1,False,2.8836730476390465e-07,2.0048967598452884e-07,victim_delta_tpr,3,"{'0': 1.358567332286774e-06, '1': 7.448999365790144e-07, '2': -8.019587039381154e-07, '3': -2.6731956797525987e-07, '4': 2.6731956797525987e-07, '5': 1.3365978399379782e-07, '6': 1.2819663156705808e-06, '7': 0.0, '8': 3.439205846037889e-07, '9': -1.773822015567935e-07}",0.21484375,global_threshold,victim_delta_tpr
-9.032441618213537e-05,0.00010175644651919108,2.1291659144628015e-05,10,nbaiot,0.171875,7,10,7,0.1,False,2.1291659144628015e-05,3.4054894919229857e-05,victim_delta_fpr,3,"{'0': 0.00010085082922586268, '1': 0.00018617391103455388, '2': -5.157077008331079e-06, '3': -3.1592582061732185e-05, '4': 1.9757142020071505e-05, '5': 0.00010384435480793026, '6': 0.00016917878410220268, '7': 4.443890975513835e-05, '8': 2.367088008332136e-05, '9': -0.00039824856051273727}",0.732421875,global_threshold,victim_delta_fpr
-0.42222222222222217,0.15555555555555553,-0.13333333333333336,10,nbaiot,0.9453125,3,10,3,0.1,False,-0.13333333333333336,-0.1111111111111111,victim_delta_fn,6,"{'0': -0.7777777777777778, '1': -0.4444444444444444, '2': 0.6666666666666666, '3': 0.2222222222222222, '4': -0.2222222222222222, '5': -0.1111111111111111, '6': -0.8888888888888888, '7': 0.0, '8': -0.1111111111111111, '9': 0.3333333333333333}",0.44140625,global_threshold,victim_delta_fn
-0.25555555555555554,0.611111111111111,0.21111111111111117,10,nbaiot,0.376953125,6,10,6,0.1,False,0.21111111111111117,0.2777777777777778,victim_delta_fp,3,"{'0': 0.8888888888888888, '1': 1.1111111111111112, '2': -0.4444444444444444, '3': -0.1111111111111111, '4': 0.0, '5': 0.7777777777777778, '6': 0.6666666666666666, '7': 0.3333333333333333, '8': 0.2222222222222222, '9': -1.3333333333333333}",0.40234375,global_threshold,victim_delta_fp
-5.055770175245069e-05,4.516609584145067e-05,-1.0501645919929688e-05,10,nbaiot,0.9453125,3,10,3,0.1,False,-1.0501645919929688e-05,-1.6941467313470583e-05,victim_delta_ba,7,"{'0': -4.974613094678294e-05, '1': -9.271450554899147e-05, '2': 2.177559152204288e-06, '3': 1.5662631246872296e-05, '4': -9.744911226048122e-06, '5': -5.18553475119532e-05, '6': -8.394840889326528e-05, '7': -2.221945487758238e-05, '8': -1.1663479749358787e-05, '9': 0.00019903558915560873}",0.73828125,global_threshold,victim_delta_ba
-2.0300353110480694e-05,-7.262980248512477e-07,-9.372067584964868e-06,10,nbaiot,0.828125,4,10,4,0.1,False,-9.372067584964868e-06,-5.494475916862424e-06,victim_delta_macro_f1,6,"{'0': -1.7014075738144533e-05, '1': 2.8973270959569633e-06, '2': -4.8491952379745326e-05, '3': -7.418077328945492e-06, '4': 8.287292312268866e-08, '5': -1.9950684841236248e-05, '6': 5.652533643818458e-06, '7': -1.267597760194287e-05, '8': -3.5708745047793557e-06, '9': 6.768232882247026e-06}",0.08203125,global_threshold,victim_delta_macro_f1
-0.002685217693341935,5.402162891486594e-07,-0.0008948267392702421,10,nbaiot,0.171875,7,10,7,0.1,False,-0.0008948267392702421,1.816465314575614e-07,nonvictim_mean_delta_tpr,3,"{'0': 1.2801516189674894e-06, '1': 3.885442031178404e-07, '2': -3.6226313575767516e-07, '3': -2.941366757496418e-07, '4': 5.299087287109915e-07, '5': 2.2628028159863175e-07, '6': 8.35464929035813e-07, '7': 1.8810023725341413e-08, '8': 1.3701278131649107e-07, '9': -0.008951027165457386}",0.9453125,global_threshold,nonvictim_mean_delta_tpr
-0.02148247424162771,-1.4959165859116138e-07,-0.007161059886138075,10,nbaiot,1.0,0,10,0,0.1,False,-0.007161059886138075,-2.0361018450894738e-07,nonvictim_worst_delta_tpr,6,"{'0': 0.0, '1': -2.7217405422034585e-07, '2': -1.885436799119332e-06, '3': -1.360870271101729e-06, '4': -2.7217405420801003e-07, '5': -1.3504631480988473e-07, '6': 0.0, '7': 0.0, '8': 0.0, '9': -0.0716066731598873}",0.03125,global_threshold,nonvictim_worst_delta_tpr
-1.4747359849384074e-06,0.00014907109269682217,7.398544303063802e-05,10,nbaiot,0.171875,7,10,7,0.1,False,7.398544303063802e-05,7.351905290702872e-05,nonvictim_mean_delta_fpr,3,"{'0': 0.00023103398825835632, '1': 0.00017398007368981172, '2': -7.232315813306375e-05, '3': -8.619192974594498e-05, '4': 0.00019823467671651734, '5': 0.00011537424676529731, '6': 0.00021349811129550808, '7': 3.166385904876014e-05, '8': 3.3991620928679133e-06, '9': -6.881459968172985e-05}",0.099609375,global_threshold,nonvictim_mean_delta_fpr
0.00018134063958193952,0.0006097000758278666,0.0003898459826899061,10,nbaiot,0.0009765625,10,10,10,0.1,True,0.0003898459826899061,0.0002636437053372286,nonvictim_worst_delta_fpr,0,"{'0': 0.0008591950570941806, '1': 0.0008599880669139873, '2': 5.299206443835142e-05, '3': 1.056724997886564e-05, '4': 0.0007526578229372476, '5': 0.00032325977783037433, '6': 0.0007248829667347975, '7': 0.00020402763284408285, '8': 4.734176016664272e-05, '9': 6.354742796053143e-05}",0.001953125,global_threshold,nonvictim_worst_delta_fpr
-0.0013770368333089296,-1.7204094869370098e-05,-0.0004844060911504425,10,nbaiot,0.9892578125,2,10,2,0.1,False,-0.0004844060911504425,-7.21848739925988e-05,nonvictim_mean_delta_ba,8,"{'0': -0.00011487691831969484, '1': -8.679576474334798e-05, '2': 3.59804474986526e-05, '3': 4.29488965350879e-05, '4': -9.885238399390107e-05, '5': -5.7573983241849626e-05, '6': -0.00010633132318323752, '7': -1.5822524512524676e-05, '8': -1.6310746557773253e-06, '9': -0.004441106282887832}",0.033203125,global_threshold,nonvictim_mean_delta_ba
-0.0028453055413697696,-4.638504611427705e-06,-0.0009550524489303115,10,nbaiot,0.9892578125,2,10,2,0.1,False,-0.0009550524489303115,-1.2484994860142676e-05,nonvictim_mean_delta_macro_f1,8,"{'0': -2.235833317201631e-05, '1': -4.845892926419768e-06, '2': 9.657322213361809e-06, '3': 5.012278830463574e-06, '4': -2.7483448017411965e-05, '5': -1.661737724116541e-05, '6': -3.9588160584075484e-05, '7': -8.352612479119941e-06, '8': -9.608826160902491e-08, '9': -0.009445852177665122}",0.037109375,global_threshold,nonvictim_mean_delta_macro_f1
-2.5444444444444447,6940.3225,2312.311111111111,10,nbaiot,0.9453125,3,10,3,0.1,False,2312.311111111111,-0.8333333333333334,nonvictim_delta_fn_total,7,"{'0': -5.666666666666667, '1': -1.6666666666666667, '2': 2.111111111111111, '3': 1.7777777777777777, '4': -2.4444444444444446, '5': -1.1111111111111112, '6': -4.777777777777778, '7': -0.1111111111111111, '8': -0.5555555555555556, '9': 23135.555555555555}",0.921875,global_threshold,nonvictim_delta_fn_total
-0.666944444444442,9.633611111111106,4.533333333333333,10,nbaiot,0.171875,7,10,7,0.1,False,4.533333333333333,5.611111111111112,nonvictim_delta_fp_total,3,"{'0': 15.777777777777779, '1': 8.666666666666666, '2': -6.444444444444445, '3': -6.0, '4': 11.333333333333334, '5': 8.333333333333334, '6': 15.777777777777779, '7': 2.888888888888889, '8': 0.3333333333333333, '9': -5.333333333333333}",0.140625,global_threshold,nonvictim_delta_fp_total
-7.583472454757361e-06,0.00014146374333271077,6.813057815441592e-05,10,nbaiot,0.171875,7,10,7,0.1,False,6.813057815441592e-05,7.358822839308937e-05,delta_mean_fpr,3,"{'0': 0.00021656919281029915, '1': 0.00017533494450589708, '2': -6.486026023031484e-05, '3': -8.012533555881179e-05, '4': 0.00017840383952802332, '5': 0.00011409314765892859, '6': 0.00020857374160736627, '7': 3.308330912725014e-05, '8': 5.651575202919281e-06, '9': -0.00010541837310739825}",0.12109375,global_threshold,delta_mean_fpr
-0.00174986590722469,0.0002951372493272565,-0.0007310870670219714,10,nbaiot,0.9453125,3,10,3,0.1,False,-0.0007310870670219714,-0.00032848652354996083,delta_cv_fpr,7,"{'0': -0.0032156837866664295, '1': -0.002159341681787466, '2': -0.00020801167729590631, '3': 0.0011957097712583797, '4': -0.0017760826188585198, '5': -0.00044896136980401537, '6': -0.0029462916712297282, '7': 0.0003057202535146075, '8': -1.0281549743251794e-05, '9': 0.0019523536603926164}",0.208984375,global_threshold,delta_cv_fpr
3.9853265539593605e-08,5.615298133500773e-07,2.7847891084108334e-07,10,nbaiot,0.376953125,6,10,6,0.2,False,2.7847891084108334e-07,1.3365978399379782e-07,victim_delta_tpr,2,"{'0': 1.3608702710400502e-07, '1': 1.3123254088359064e-07, '2': -1.1373815938458481e-08, '3': 2.6731956798759563e-07, '4': 0.0, '5': -2.6731956797525987e-07, '6': 1.148306531676783e-06, '7': 0.0, '8': 4.205216012323179e-07, '9': 9.600152234402593e-07}",0.09375,global_threshold,victim_delta_tpr
-4.230318892806654e-05,9.342341408219468e-05,2.4139533871813108e-05,10,nbaiot,0.623046875,5,10,5,0.2,False,2.4139533871813108e-05,-1.6788041834344656e-05,victim_delta_fpr,5,"{'0': -0.0001418188601187736, '1': -8.456130259261761e-05, '2': -3.674545262121758e-05, '3': 0.000185909792292299, '4': -4.920045891099564e-05, '5': 2.50116199532191e-06, '6': 0.0002036409525600333, '7': -3.607724566401122e-05, '8': 0.00011835440041660834, '9': 7.939235136148417e-05}",0.52734375,global_threshold,victim_delta_fpr
-0.32222222222222224,0.0,-0.14444444444444443,10,nbaiot,0.9990234375,1,10,1,0.2,False,-0.14444444444444443,-0.05555555555555555,victim_delta_fn,5,"{'0': -0.1111111111111111, '1': -0.1111111111111111, '2': 0.0, '3': -0.2222222222222222, '4': 0.0, '5': 0.2222222222222222, '6': -0.7777777777777778, '7': 0.0, '8': 0.0, '9': -0.4444444444444444}",0.1875,global_threshold,victim_delta_fn
-0.2777777777777778,0.6666666666666665,0.2,10,nbaiot,0.623046875,5,10,5,0.2,False,0.2,0.1111111111111111,victim_delta_fp,4,"{'0': -0.4444444444444444, '1': -1.1111111111111112, '2': -0.3333333333333333, '3': 1.3333333333333333, '4': -0.4444444444444444, '5': 0.2222222222222222, '6': 0.8888888888888888, '7': 0.0, '8': 1.1111111111111112, '9': 0.7777777777777778}",0.46484375,global_threshold,victim_delta_fp
-4.645341451273253e-05,2.1216619112432194e-05,-1.1930527480489652e-05,10,nbaiot,0.623046875,5,10,5,0.2,False,-1.1930527480489652e-05,8.32719102517649e-06,victim_delta_ba,5,"{'0': 7.097747357292455e-05, '1': 4.234626756676679e-05, '2': 1.8367039402623754e-05, '3': -9.282123636219126e-05, '4': 2.4600229455495892e-05, '5': -1.3842407816532109e-06, '6': -0.00010124632301416408, '7': 1.803862283200619e-05, '8': -5.896693940768108e-05, '9': -3.921616806902407e-05}",0.529296875,global_threshold,victim_delta_ba
-1.558125946050944e-05,7.743740585494126e-06,-3.5249448960827934e-06,10,nbaiot,0.623046875,5,10,5,0.2,False,-3.5249448960827934e-06,-1.6688453236854726e-06,victim_delta_macro_f1,5,"{'0': 2.309957401500393e-06, '1': 2.0989140833723347e-05, '2': 1.758674834631238e-05, '3': -1.9182170480617582e-05, '4': 1.0395740736653577e-05, '5': -1.9922002282593246e-05, '6': -1.1715735181747374e-05, '7': 1.2529407285959908e-05, '8': -4.2592887571147995e-05, '9': -5.647648048871338e-06}",0.60546875,global_threshold,victim_delta_macro_f1
-0.0026852694917053467,2.6298042343366683e-07,-0.0008950312159994971,10,nbaiot,0.623046875,5,10,5,0.2,False,-0.0008950312159994971,3.697644587201553e-08,nonvictim_mean_delta_tpr,5,"{'0': -0.008950660269360899, '1': 1.7346888102343083e-07, '2': -1.2872031573345981e-09, '3': 5.368968306391281e-07, '4': -7.934228722901294e-07, '5': -3.2523992900885316e-07, '6': 8.930599243828527e-07, '7': 7.524009490136565e-08, '8': -4.496553385546159e-07, '9': 2.3904897799205865e-07}",0.58984375,global_threshold,nonvictim_mean_delta_tpr
-0.021481988425629713,-5.736317042739306e-07,-0.007161296313747281,10,nbaiot,1.0,0,10,0,0.2,False,-0.007161296313747281,-9.505277651644661e-07,nonvictim_worst_delta_tpr,7,"{'0': -0.07160350612809543, '1': -6.783537109441203e-07, '2': -1.5385005195378554e-06, '3': 0.0, '4': -3.0235387311e-06, '5': -1.222701819384812e-06, '6': 0.0, '7': 0.0, '8': -2.5856535150871175e-06, '9': -4.0826108132435087e-07}",0.015625,global_threshold,nonvictim_worst_delta_tpr
-4.7514447338892945e-05,9.11671030558072e-05,2.1095070786451506e-05,10,nbaiot,0.376953125,6,10,6,0.2,False,2.1095070786451506e-05,5.428925774651233e-05,nonvictim_mean_delta_fpr,4,"{'0': -0.00011088470405879194, '1': 9.980320192963804e-05, '2': 5.72431406123829e-05, '3': 0.00010933332832422847, '4': -0.0001134763086114138, '5': -9.397948600842306e-05, '6': 0.000230455897527507, '7': 5.1335374880641756e-05, '8': -8.707732605323684e-05, '9': 6.819758932198251e-05}",0.578125,global_threshold,nonvictim_mean_delta_fpr
0.00018621189504328852,0.0004696224915629226,0.00032188556730649605,10,nbaiot,0.0107421875,9,10,9,0.2,True,0.00032188556730649605,0.0002931537474087407,nonvictim_worst_delta_fpr,0,"{'0': 0.00013144724673648986, '1': 0.0005474707021481499, '2': 0.0003411232375767063, '3': 0.0005680720644331555, '4': 0.0, '5': 9.322947619472441e-05, '6': 0.000747651908118925, '7': 0.00024518425724077514, '8': 0.00017723095439184687, '9': 0.00036744582622418726}",0.00390625,global_threshold,nonvictim_worst_delta_fpr
-0.001351251311478193,6.644392257888789e-06,-0.000458063143392976,10,nbaiot,0.9453125,3,10,3,0.2,False,-0.000458063143392976,-3.13007420398797e-05,nonvictim_mean_delta_ba,7,"{'0': -0.004419887782651048, '1': -4.981486652430897e-05, '2': -2.8622213907767795e-05, '3': -5.439821574680185e-05, '4': 5.63414428695588e-05, '5': 4.6827123039704257e-05, '6': -0.00011478141880156957, '7': -2.563006739287394e-05, '8': 4.331383535733893e-05, '9': -3.39792701719916e-05}",0.185546875,global_threshold,nonvictim_mean_delta_ba
-0.0028442968327645544,4.2080681620599995e-06,-0.0009493300071647633,10,nbaiot,0.9453125,3,10,3,0.2,False,-0.0009493300071647633,-4.2743329364956014e-06,nonvictim_mean_delta_macro_f1,7,"{'0': -0.009456263109518479, '1': -1.8767462391802097e-06, '2': -2.1206166271674363e-05, '3': -5.622423360553284e-06, '4': 1.3791595059166175e-05, '5': 1.193507268624124e-05, '6': -4.194665703073872e-05, '7': -1.3664607009140135e-05, '8': 2.4479212549161232e-05, '9': -2.926242512437918e-06}",0.28515625,global_threshold,nonvictim_mean_delta_macro_f1
-1.3777777777777778,6940.788888888889,2313.2777777777774,10,nbaiot,0.828125,4,10,4,0.2,False,2313.2777777777774,-0.2222222222222222,nonvictim_delta_fn_total,5,"{'0': 23134.777777777777, '1': -0.4444444444444444, '2': 0.0, '3': -2.7777777777777777, '4': 3.7777777777777777, '5': 1.7777777777777777, '6': -5.0, '7': -0.4444444444444444, '8': 2.111111111111111, '9': -1.0}",0.6015625,global_threshold,nonvictim_delta_fn_total
-3.6,6.111111111111112,1.1222222222222222,10,nbaiot,0.376953125,6,10,6,0.2,False,1.1222222222222222,2.6666666666666665,nonvictim_delta_fp_total,4,"{'0': -7.555555555555555, '1': 5.111111111111111, '2': 1.5555555555555556, '3': 9.11111111111111, '4': -8.666666666666666, '5': -6.0, '6': 16.11111111111111, '7': 4.444444444444445, '8': -6.666666666666667, '9': 3.7777777777777777}",0.681640625,global_threshold,nonvictim_delta_fp_total
-4.1703112345405775e-05,8.906610249311987e-05,2.143334446260406e-05,10,nbaiot,0.376953125,6,10,6,0.2,False,2.143334446260406e-05,4.42114125366106e-05,delta_mean_fpr,4,"{'0': -0.00011432183250990417, '1': 7.931825698272475e-05, '2': 4.6799963586428385e-05, '3': 0.00011784182432067778, '4': -0.00010633454753358983, '5': -8.325941400799984e-05, '6': 0.0002274764591977905, '7': 4.1622861486792814e-05, '8': -6.425157866769605e-05, '9': 6.94414517708163e-05}",0.5546875,global_threshold,delta_mean_fpr
-0.001443044689956105,0.0003983288611175071,-0.000511439545919876,10,nbaiot,0.623046875,5,10,5,0.2,False,-0.000511439545919876,-0.0004750020190556604,delta_cv_fpr,5,"{'0': 0.0020388870305824516, '1': -0.0010864963878145382, '2': -0.0015669206700255438, '3': -0.0012931648496066453, '4': 0.0007237141819503609, '5': 0.0005927886733872642, '6': -0.0033592584579901588, '7': 0.0003211752043025262, '8': 0.00013649234970321741, '9': -0.0016216125336876936}",0.330078125,global_threshold,delta_cv_fpr
-4.281351319875158e-07,3.454787989415959e-07,1.0822233622833883e-08,10,nbaiot,0.0546875,8,10,8,0.4,True,1.0822233622833883e-08,2.734498279415792e-07,victim_delta_tpr,2,"{'0': 3.8764300219145616e-07, '1': 3.985521088588505e-07, '2': -1.1458792885419043e-06, '3': 1.3365978399379782e-07, '4': -1.2444497975685721e-06, '5': 4.0236588279748037e-07, '6': 4.6046536245686946e-07, '7': 1.3365978399379782e-07, '8': 4.2294884435486085e-07, '9': 1.592566536917022e-07}",0.962890625,global_threshold,victim_delta_tpr
-3.769848547975603e-05,6.572828413771523e-05,1.4145296207028712e-05,10,nbaiot,0.376953125,6,10,6,0.4,False,1.4145296207028712e-05,1.370217912183579e-05,victim_delta_fpr,4,"{'0': 5.549170698954205e-05, '1': 0.00018240564941466564, '2': -0.00014966062250073033, '3': 3.232927116461229e-05, '4': -4.6856212911104274e-05, '5': -1.337014864548347e-05, '6': -2.7899987480277156e-05, '7': 1.1955826371825935e-05, '8': 8.160894779539078e-05, '9': 1.5448531871845643e-05}",0.607421875,global_threshold,victim_delta_fpr
-0.2666666666666666,0.2111111111111111,-0.04444444444444444,10,nbaiot,0.9453125,3,10,3,0.4,False,-0.04444444444444444,-0.1111111111111111,victim_delta_fn,6,"{'0': -0.3333333333333333, '1': -0.3333333333333333, '2': 0.7777777777777778, '3': -0.1111111111111111, '4': 0.3333333333333333, '5': -0.3333333333333333, '6': -0.5555555555555556, '7': -0.1111111111111111, '8': 0.0, '9': 0.2222222222222222}",0.796875,global_threshold,victim_delta_fn
-0.6555555555555556,0.23333333333333334,-0.17777777777777776,10,nbaiot,0.828125,4,10,4,0.4,False,-0.17777777777777776,-0.1111111111111111,victim_delta_fp,5,"{'0': 0.2222222222222222, '1': 0.5555555555555556, '2': -1.7777777777777777, '3': -0.2222222222222222, '4': -0.8888888888888888, '5': -0.3333333333333333, '6': -0.4444444444444444, '7': 0.3333333333333333, '8': 0.7777777777777778, '9': 0.0}",0.53515625,global_threshold,victim_delta_fp
-3.267988133402891e-05,1.8687830568478478e-05,-7.067236986703208e-06,10,nbaiot,0.828125,4,10,4,0.4,False,-7.067236986703208e-06,-6.777860451507362e-06,victim_delta_ba,6,"{'0': -2.755203199364706e-05, '1': -9.100354865290396e-05, '2': 7.425737160609507e-05, '3': -1.6097805690340472e-05, '4': 2.2805881556761972e-05, '5': 6.886257264156666e-06, '6': 1.4180226421374916e-05, '7': -5.9110832939400654e-06, '8': -4.0592999475514484e-05, '9': -7.64463760907466e-06}",0.60546875,global_threshold,victim_delta_ba
-1.0474133385313186e-05,1.841050572052514e-05,3.880904544473823e-06,10,nbaiot,0.376953125,6,10,6,0.4,False,3.880904544473823e-06,2.59430989965306e-06,victim_delta_macro_f1,4,"{'0': 1.843928780516831e-06, '1': -2.875346171191426e-06, '2': -1.2648600595873324e-05, '3': -6.086031088401198e-06, '4': 3.3446910187892896e-06, '5': 4.0429153909406055e-05, '6': 4.518627989775265e-05, '7': 4.354776507213091e-06, '8': -4.049590703303352e-05, '9': 5.756100219559783e-06}",0.671875,global_threshold,victim_delta_macro_f1
-3.0907314544820513e-07,6.272678730212147e-07,1.8446159653251169e-07,10,nbaiot,0.171875,7,10,7,0.4,False,1.8446159653251169e-07,2.580999221356603e-07,nonvictim_mean_delta_tpr,3,"{'0': 9.95026525280977e-07, '1': 1.3282601051013236e-06, '2': -1.07665428739233e-06, '3': 1.2886718997925003e-07, '4': 6.325018081463721e-07, '5': -9.027747632321208e-08, '6': 6.037621863012105e-07, '7': 3.873326542920706e-07, '8': -1.1593519075438053e-06, '9': 9.51491674832599e-08}",0.482421875,global_threshold,nonvictim_mean_delta_tpr
-2.2454677739142728e-06,-5.046857897849275e-07,-1.2670207056839388e-06,10,nbaiot,1.0,0,10,0,0.4,False,-1.2670207056839388e-06,-8.766838797567999e-07,nonvictim_worst_delta_tpr,8,"{'0': 0.0, '1': -2.7113334191388975e-07, '2': -3.154554143026801e-06, '3': -9.526091897650425e-07, '4': -1.2247832439730526e-06, '5': -1.095061538250144e-06, '6': -5.443481084283558e-07, '7': 0.0, '8': -4.6269589217335435e-06, '9': -8.007585697485572e-07}",0.0078125,global_threshold,nonvictim_worst_delta_tpr
-2.408808360439547e-05,0.00020742241686961082,9.18188630668549e-05,10,nbaiot,0.171875,7,10,7,0.4,False,9.18188630668549e-05,0.00010672205325867597,nonvictim_mean_delta_fpr,3,"{'0': 0.00017343993244115514, '1': 0.0004584571306461991, '2': -0.0002101340326598081, '3': -2.4706441304549485e-06, '4': 0.00028547895661416644, '5': 7.945638072542838e-05, '6': 0.00013398772579192357, '7': 0.00014333208773077905, '8': -0.0001697392804689326, '9': 2.6380373978093154e-05}",0.17578125,global_threshold,nonvictim_mean_delta_fpr
0.0002971543438812408,0.000963718302297655,0.0005951999259874304,10,nbaiot,0.0107421875,9,10,9,0.4,True,0.0005951999259874304,0.0004912848841511657,nonvictim_worst_delta_fpr,0,"{'0': 0.0006143133923620478, '1': 0.0019408217575514221, '2': 0.0, '3': 0.0004385308477895657, '4': 0.0011289867344058718, '5': 0.0003227249463321264, '6': 0.0005440389205127657, '7': 0.0006716030118119949, '8': 0.0001617824225200012, '9': 0.0001291972265885094}",0.00390625,global_threshold,nonvictim_worst_delta_fpr
-0.0001034551630587709,1.1907860547576064e-05,-4.581720073516245e-05,10,nbaiot,0.9453125,3,10,3,0.4,False,-4.581720073516245e-05,-5.3232655451848174e-05,nonvictim_mean_delta_ba,7,"{'0': -8.622245295793813e-05, '1': -0.00022856443527054392, '2': 0.00010452868918620844, '3': 1.2997556602112326e-06, '4': -0.00014242322740300802, '5': -3.977332910088301e-05, '6': -6.669198180281333e-05, '7': -7.14723775382521e-05, '8': 8.428996428069978e-05, '9': -1.3142612405305417e-05}",0.173828125,global_threshold,nonvictim_mean_delta_ba
-2.2163633526072823e-05,3.465753223705762e-06,-1.0369953177305723e-05,10,nbaiot,0.9453125,3,10,3,0.4,False,-1.0369953177305723e-05,-1.641491000469707e-05,nonvictim_mean_delta_macro_f1,7,"{'0': -2.061401639601168e-05, '1': -1.3587316163394167e-05, '2': 5.905756742160941e-06, '3': -2.2377413557998926e-06, '4': -3.669428295710983e-05, '5': -1.9242503845999976e-05, '6': -2.579756362340128e-05, '7': -3.0231448480531425e-05, '8': 3.823799639411574e-05, '9': 5.61587912914342e-07}",0.16796875,global_threshold,nonvictim_mean_delta_macro_f1
-2.9447222222222202,1.9558333333333295,-0.6666666666666667,10,nbaiot,0.9453125,3,10,3,0.4,False,-0.6666666666666667,-1.3888888888888888,nonvictim_delta_fn_total,7,"{'0': -4.444444444444445, '1': -6.333333333333333, '2': 6.777777777777778, '3': -0.4444444444444444, '4': -2.7777777777777777, '5': 0.4444444444444444, '6': -3.111111111111111, '7': -2.3333333333333335, '8': 5.777777777777778, '9': -0.2222222222222222}",0.625,global_threshold,nonvictim_delta_fn_total
-2.8444444444444446,12.544444444444443,5.333333333333334,10,nbaiot,0.0546875,8,10,8,0.4,True,5.333333333333334,8.38888888888889,nonvictim_delta_fp_total,2,"{'0': 12.777777777777779, '1': 23.88888888888889, '2': -18.77777777777778, '3': 1.0, '4': 16.444444444444443, '5': 6.111111111111111, '6': 10.666666666666666, '7': 12.444444444444445, '8': -12.88888888888889, '9': 1.6666666666666667}",0.23046875,global_threshold,nonvictim_delta_fp_total
-2.3370601593715563e-05,0.00018978955482246683,8.318846674909757e-05,10,nbaiot,0.0546875,8,10,8,0.4,True,8.318846674909757e-05,9.257126200073014e-05,delta_mean_fpr,2,"{'0': 0.0001603345740576398, '1': 0.0004277847438426986, '2': -0.00020341476486435215, '3': 1.3960131245484748e-06, '4': 0.00024855282666691307, '5': 6.91423219064456e-05, '6': 0.0001160002020950147, '7': 0.00012873472535756254, '8': -0.00014181169955067142, '9': 2.5165724855176486e-05}",0.18359375,global_threshold,delta_mean_fpr
-0.002061063009498768,-4.473158406875179e-05,-0.0010094385266581425,10,nbaiot,0.9453125,3,10,3,0.4,False,-0.0010094385266581425,-0.0007139079250112603,delta_cv_fpr,7,"{'0': -0.0023786630165393654, '1': -0.004276174873491695, '2': -0.000665945440740069, '3': 0.000403812305714562, '4': -0.0027716649727574064, '5': -9.859194776941206e-05, '6': -0.0015761737764176233, '7': 0.0010451443127154933, '8': 0.0009857425519865421, '9': -0.0007618704092824515}",0.1015625,global_threshold,delta_cv_fpr
-0.05282023746443073,-0.009861317897911441,-0.031340248429189074,10,nbaiot,1.0,0,10,0,0.1,False,-0.031340248429189074,-0.013437082628791409,victim_delta_tpr,10,"{'0': -0.07161597202755825, '1': -1.1033576968812033e-05, '2': -2.0981746521431255e-05, '3': -0.02685174220722945, '4': -1.9136493885191846e-05, '5': -0.07160995916864714, '6': -0.07162006081389864, '7': -8.548905105277961e-06, '8': -2.2423050353369432e-05, '9': -0.07162262630172314}",0.001953125,global_threshold,victim_delta_tpr
-0.003633393606501038,-0.0024449880988898043,-0.0029658419353515387,10,nbaiot,1.0,0,10,0,0.1,False,-0.0029658419353515387,-0.002536961752087792,victim_delta_fpr,10,"{'0': -0.0024719135193824937, '1': -0.0043894889847781345, '2': -0.002326366513883049, '3': -0.002514332223683618, '4': -0.0021972448290637067, '5': -0.002284927125951477, '6': -0.0028331262473331635, '7': -0.0027846236762590734, '8': -0.005296804952688709, '9': -0.002559591280491966}",0.001953125,global_threshold,victim_delta_fpr
4553.021944444444,18431.61138888889,11491.666666666668,10,nbaiot,0.0009765625,10,10,10,0.1,True,11491.666666666668,11165.777777777777,victim_delta_fn,0,"{'0': 23139.0, '1': 6.0, '2': 9.222222222222221, '3': 22320.777777777777, '4': 7.666666666666667, '5': 23136.666666666668, '6': 23141.0, '7': 3.4444444444444446, '8': 10.777777777777779, '9': 23142.11111111111}",0.001953125,global_threshold,victim_delta_fn
-31.200555555555557,-21.46638888888889,-25.844444444444445,10,nbaiot,1.0,0,10,0,0.1,False,-25.844444444444445,-22.055555555555557,victim_delta_fp,10,"{'0': -20.77777777777778, '1': -38.666666666666664, '2': -22.666666666666668, '3': -21.444444444444443, '4': -19.11111111111111, '5': -20.0, '6': -26.555555555555557, '7': -25.88888888888889, '8': -43.111111111111114, '9': -20.22222222222222}",0.001953125,global_threshold,victim_delta_fp
-0.025047628339763966,-0.0034952149972582226,-0.014187203246918778,10,nbaiot,0.623046875,5,10,5,0.1,False,-0.014187203246918778,-0.005539825412091835,victim_delta_ba,5,"{'0': -0.034572029254087866, '1': 0.0021892277039046787, '2': 0.001152692383680777, '3': -0.012168704991772928, '4': 0.00108905416758926, '5': -0.034662516021347844, '6': -0.034393467283282776, '7': 0.001388037385576863, '8': 0.002637190951167681, '9': -0.03453151751061561}",0.0625,global_threshold,victim_delta_ba
-0.058762617278342665,-0.013260924344887685,-0.035934059072305645,10,nbaiot,0.623046875,5,10,5,0.1,False,-0.035934059072305645,-0.029788260888864562,victim_delta_macro_f1,5,"{'0': -0.07553754512554564, '1': 0.0002974468520852887, '2': 0.00020100128324024302, '3': -0.05977752306096937, '4': 0.00020871182889307485, '5': -0.0755811186054931, '6': -0.0754536541063961, '7': 0.0006580695915107374, '8': 0.001134077005908174, '9': -0.07549005638628972}",0.0625,global_threshold,victim_delta_macro_f1
-0.032356478646521504,-0.008072293286909709,-0.019265969698914216,10,nbaiot,1.0,0,10,0,0.1,False,-0.019265969698914216,-0.011804042618133587,nonvictim_mean_delta_tpr,10,"{'0': -0.0537112121947986, '1': -0.0033651790012791346, '2': -0.010118101591319345, '3': -0.003362715745486292, '4': -0.013489983644947827, '5': -0.017908272970848002, '6': -0.045923113176216473, '7': -4.419666820148586e-06, '8': -1.4090277062366658e-05, '9': -0.04476260872036393}",0.001953125,global_threshold,nonvictim_mean_delta_tpr
-0.24976992857884428,-0.06365365794606326,-0.1486841645745884,10,nbaiot,1.0,0,10,0,0.1,False,-0.1486841645745884,-0.09435935207774872,nonvictim_worst_delta_tpr,10,"{'0': -0.4296445918579088, '1': -0.026877007890905708, '2': -0.0808799390037794, '3': -0.02687039269536304, '4': -0.10783876515171803, '5': -0.1432196632574847, '6': -0.3133838188470078, '7': -1.4018659072455462e-05, '8': -4.9275537459999207e-05, '9': -0.35806417284518427}",0.001953125,global_threshold,nonvictim_worst_delta_tpr
-0.002599183559099007,-0.0020339439640088843,-0.0023152549617588237,10,nbaiot,1.0,0,10,0,0.1,False,-0.0023152549617588237,-0.0022721727433947935,nonvictim_mean_delta_fpr,10,"{'0': -0.0019864928808805194, '1': -0.003178964147232397, '2': -0.0021420972387004417, '3': -0.0017501542595572792, '4': -0.002160448777898359, '5': -0.0023838967088912278, '6': -0.002685404314083092, '7': -0.0025827696789716783, '8': -0.0026534960620114645, '9': -0.0016288255493617759}",0.001953125,global_threshold,nonvictim_mean_delta_fpr
-6.33270274527297e-05,-2.1652851263029744e-05,-4.0572878887035744e-05,10,nbaiot,1.0,0,10,0,0.1,False,-4.0572878887035744e-05,-3.6088085438382834e-05,nonvictim_worst_delta_fpr,9,"{'0': 0.0, '1': -4.4105483865983656e-05, '2': -1.2530857235943531e-05, '3': -6.265428617971741e-06, '4': -5.012342894377403e-05, '5': -0.00012629850652016108, '6': -6.290176971989897e-05, '7': -3.759257170783049e-05, '8': -3.1327143089858755e-05, '9': -3.458359916893517e-05}",0.00390625,global_threshold,nonvictim_worst_delta_fpr
-0.015080116840337015,-0.0028106080368597037,-0.008475357368577699,10,nbaiot,0.9892578125,2,10,2,0.1,False,-0.008475357368577699,-0.004826384804917101,nonvictim_mean_delta_ba,8,"{'0': -0.025862359656959037, '1': -9.310742702334384e-05, '2': -0.003988002176309468, '3': -0.0008062807429645343, '4': -0.0056647674335247354, '5': -0.007762188130978404, '6': -0.021618854431066703, '7': 0.001289175006075759, '8': 0.0013197028924745585, '9': -0.02156689158550108}",0.025390625,global_threshold,nonvictim_mean_delta_ba
-0.03900667070539944,-0.012247897722980513,-0.02492641263813581,10,nbaiot,0.9892578125,2,10,2,0.1,False,-0.02492641263813581,-0.020639366045149862,nonvictim_mean_delta_macro_f1,8,"{'0': -0.05667553380658314, '1': -0.007287395451174868, '2': -0.022557075622622942, '3': -0.007419047412941716, '4': -0.030160574962565065, '5': -0.01872165646767678, '6': -0.06034504417944321, '7': 0.0005703463998635992, '8': 0.0004915967358190091, '9': -0.047159741614032996}",0.0078125,global_threshold,nonvictim_mean_delta_macro_f1
34006.822222222225,100904.81527777776,66020.73333333332,10,nbaiot,0.0009765625,10,10,10,0.1,True,66020.73333333332,56448.055555555555,nonvictim_delta_fn_total,0,"{'0': 138846.22222222222, '1': 22374.666666666668, '2': 66587.88888888889, '3': 22358.777777777777, '4': 88773.44444444444, '5': 46308.22222222222, '6': 159145.55555555556, '7': 24.555555555555557, '8': 75.77777777777777, '9': 115712.22222222222}",0.001953125,global_threshold,nonvictim_delta_fn_total
-168.25555555555556,-129.17777777777778,-148.5222222222222,10,nbaiot,1.0,0,10,0,0.1,False,-148.5222222222222,-148.61111111111111,nonvictim_delta_fp_total,10,"{'0': -112.0, '1': -209.55555555555554, '2': -139.44444444444446, '3': -113.0, '4': -134.0, '5': -157.77777777777777, '6': -168.88888888888889, '7': -170.22222222222223, '8': -173.0, '9': -107.33333333333333}",0.001953125,global_threshold,nonvictim_delta_fp_total
-0.002689056327732339,-0.002096548230284747,-0.0023875424032691237,10,nbaiot,1.0,0,10,0,0.1,False,-0.0023875424032691237,-0.0022687186582962112,delta_mean_fpr,10,"{'0': -0.0020404285073807437, '1': -0.0033134669069596976, '2': -0.002162571602609619, '3': -0.0018350629222379882, '4': -0.002164537228027844, '5': -0.0023729000885645782, '6': -0.0027018178622219852, '7': -0.002605197900892499, '8': -0.002947197049864487, '9': -0.0017322439639317953}",0.001953125,global_threshold,delta_mean_fpr
0.021034163711041137,0.036106095472146126,0.028974036843580197,10,nbaiot,0.0009765625,10,10,10,0.1,True,0.028974036843580197,0.029466687711169073,delta_cv_fpr,0,"{'0': 0.039444388071421775, '1': 0.028688971898753784, '2': 0.021220448105723703, '3': 0.03336674660029715, '4': 0.02618236531533851, '5': 0.004180919846100386, '6': 0.04336338264069487, '7': 0.017224634182805572, '8': 0.04582410825108185, '9': 0.03024440352358436}",0.001953125,global_threshold,delta_cv_fpr
-0.05282945562156886,-0.009869341469150326,-0.03134894571595771,10,nbaiot,1.0,0,10,0,0.2,False,-0.03134894571595771,-0.013444672169917292,victim_delta_tpr,10,"{'0': -0.07162436344605058, '1': -1.7773153693482573e-05, '2': -3.0098918291846893e-05, '3': -0.026859245421542735, '4': -2.786106998218611e-05, '5': -0.07161809380569227, '6': -0.07163250349793025, '7': -1.651260814872213e-05, '8': -2.923709168586555e-05, '9': -0.07163376814655924}",0.001953125,global_threshold,victim_delta_tpr
-0.005061984099319376,-0.003910624218700458,-0.004448468901013087,10,nbaiot,1.0,0,10,0,0.2,False,-0.004448468901013087,-0.004365271870541601,victim_delta_fpr,10,"{'0': -0.004025855791751765, '1': -0.005306762225491411, '2': -0.0045278196095754975, '3': -0.004202724131507704, '4': -0.003377469814706454, '5': -0.003257989916448897, '6': -0.004539150446131305, '7': -0.0049703072168181565, '8': -0.0065530541926355785, '9': -0.0037235556650641005}",0.001953125,global_threshold,victim_delta_fpr
4556.444166666665,18435.61138888889,11495.333333333332,10,nbaiot,0.0009765625,10,10,10,0.2,True,11495.333333333332,11169.166666666666,victim_delta_fn,0,"{'0': 23142.444444444445, '1': 8.777777777777779, '2': 12.777777777777779, '3': 22324.0, '4': 11.222222222222221, '5': 23140.555555555555, '6': 23146.444444444445, '7': 6.222222222222222, '8': 14.333333333333334, '9': 23146.555555555555}",0.001953125,global_threshold,victim_delta_fn
-43.55555555555556,-33.72222222222222,-38.42222222222222,10,nbaiot,1.0,0,10,0,0.2,False,-38.42222222222222,-37.333333333333336,victim_delta_fp,10,"{'0': -33.666666666666664, '1': -47.44444444444444, '2': -38.111111111111114, '3': -36.55555555555556, '4': -28.666666666666668, '5': -29.555555555555557, '6': -42.333333333333336, '7': -43.22222222222222, '8': -54.111111111111114, '9': -30.555555555555557}",0.001953125,global_threshold,victim_delta_fp
-0.024338270642845123,-0.0026975264168966695,-0.013450238407472314,10,nbaiot,0.623046875,5,10,5,0.2,False,-0.013450238407472314,-0.004826728136327711,victim_delta_ba,5,"{'0': -0.0337992538271494, '1': 0.002644494535898989, '2': 0.002248860345641818, '3': -0.01132826064501755, '4': 0.0016748043723621277, '5': -0.03418005194462169, '6': -0.033546676525899474, '7': 0.0024768973043347207, '8': 0.0032619085504748493, '9': -0.03395510624074755}",0.064453125,global_threshold,victim_delta_ba
-0.05865603798667824,-0.013063794083325222,-0.03577285313105537,10,nbaiot,0.623046875,5,10,5,0.2,False,-0.03577285313105537,-0.029673172913868326,victim_delta_macro_f1,5,"{'0': -0.07546542578715232, '1': 0.00033420838772119717, '2': 0.0006447710943393026, '3': -0.05968055421545785, '4': 0.0003376621522388983, '5': -0.07560194289596317, '6': -0.07543212858530386, '7': 0.0011588751612771372, '8': 0.001366501915230726, '9': -0.07539049853748375}",0.0625,global_threshold,victim_delta_macro_f1
-0.04167009100860116,-0.013632050836759748,-0.026534958956555933,10,nbaiot,1.0,0,10,0,0.2,False,-0.026534958956555933,-0.01685865728223617,nonvictim_mean_delta_tpr,10,"{'0': -0.0716221631373692, '1': -0.006727756713645111, '2': -0.01685157105353173, '3': -0.010084771914548407, '4': -0.01686574351094061, '5': -0.0268641639788295, '6': -0.0526603196330281, '7': -0.006557471620133057, '8': -0.0033912019939607166, '9': -0.05372442600957285}",0.001953125,global_threshold,nonvictim_mean_delta_tpr
-0.3160683303683619,-0.10118786789946957,-0.1987174192214777,10,nbaiot,1.0,0,10,0,0.2,False,-0.1987174192214777,-0.12131713895374957,nonvictim_worst_delta_tpr,10,"{'0': -0.5728802092355063, '1': -0.05373052679777057, '2': -0.10783865400842169, '3': -0.08057235537829574, '4': -0.13479562389907745, '5': -0.21483377930075043, '6': -0.3134061983032572, '7': -0.05240187554370576, '8': -0.027013037117084804, '9': -0.4297019326309073}",0.001953125,global_threshold,nonvictim_worst_delta_tpr
-0.004551880977568555,-0.0037300546954575917,-0.004120343621507643,10,nbaiot,1.0,0,10,0,0.2,False,-0.004120343621507643,-0.004076500327882211,nonvictim_mean_delta_fpr,10,"{'0': -0.004033946745355656, '1': -0.0048999387423816635, '2': -0.003759766106738947, '3': -0.003563433913814198, '4': -0.00332210545228848, '5': -0.004119053910408768, '6': -0.004313247227291892, '7': -0.0055495283466341265, '8': -0.004308747895639355, '9': -0.003333667874523348}",0.001953125,global_threshold,nonvictim_mean_delta_fpr
-0.00016592143733012757,-0.00010631038266770276,-0.00013350648737292322,10,nbaiot,1.0,0,10,0,0.2,False,-0.00013350648737292322,-0.00013169774274749755,nonvictim_worst_delta_fpr,10,"{'0': -8.145057203363282e-05, '1': -0.00013808691313556002, '2': -0.00010350331396662447, '3': -0.00014760879783260776, '4': -0.00016290114406726568, '5': -0.00025592625019700283, '6': -0.00013833439667574143, '7': -0.00012530857235943508, '8': -7.518514341566104e-05, '9': -0.00010675977004570085}",0.001953125,global_threshold,nonvictim_worst_delta_fpr
-0.01884952335213108,-0.004644868227731571,-0.011207307667524148,10,nbaiot,0.9990234375,1,10,1,0.2,False,-0.011207307667524148,-0.006658860751361236,nonvictim_mean_delta_ba,9,"{'0': -0.03379410819600678, '1': -0.0009139089856317015, '2': -0.006545902473396408, '3': -0.003260669000367126, '4': -0.006771819029326064, '5': -0.011372555034210379, '6': -0.02417353620286812, '7': -0.0005039716367494722, '8': 0.0004587729508393201, '9': -0.02519537906752475}",0.00390625,global_threshold,nonvictim_mean_delta_ba
-0.05191581025286097,-0.023053698155653782,-0.03671529563033256,10,nbaiot,1.0,0,10,0,0.2,False,-0.03671529563033256,-0.03276332953684228,nonvictim_mean_delta_macro_f1,10,"{'0': -0.07550478408438673, '1': -0.014663464869835215, '2': -0.037490237635352475, '3': -0.02230495736271278, '4': -0.03769381892247846, '5': -0.028036421438332088, '6': -0.07532274980673263, '7': -0.012780030745726598, '8': -0.006861332101695387, '9': -0.056495159336073235}",0.001953125,global_threshold,nonvictim_mean_delta_macro_f1
65795.84722222223,137605.37611111105,99625.43333333332,10,nbaiot,0.0009765625,10,10,10,0.2,True,99625.43333333332,90227.66666666666,nonvictim_delta_fn_total,0,"{'0': 185169.22222222222, '1': 44730.666666666664, '2': 111124.11111111111, '3': 67054.55555555556, '4': 110983.0, '5': 69472.33333333333, '6': 203706.55555555556, '7': 42818.555555555555, '8': 22292.555555555555, '9': 138902.77777777778}",0.001953125,global_threshold,nonvictim_delta_fn_total
-290.9336111111111,-234.99972222222223,-261.29999999999995,10,nbaiot,1.0,0,10,0,0.2,False,-261.29999999999995,-250.1111111111111,nonvictim_delta_fp_total,10,"{'0': -230.77777777777777, '1': -326.44444444444446, '2': -232.88888888888889, '3': -234.11111111111111, '4': -199.55555555555554, '5': -274.44444444444446, '6': -266.1111111111111, '7': -352.55555555555554, '8': -270.44444444444446, '9': -225.66666666666666}",0.001953125,global_threshold,nonvictim_delta_fp_total
-0.0045815415874886425,-0.0037686431370053436,-0.004156801985897138,10,nbaiot,1.0,0,10,0,0.2,False,-0.004156801985897138,-0.0040282139419064444,delta_mean_fpr,10,"{'0': -0.0040330477505107825, '1': -0.004945141351616079, '2': -0.003845105384831898, '3': -0.0036344661602245886, '4': -0.0033282570481127016, '5': -0.004023380133302107, '6': -0.004338347584940716, '7': -0.005485170443321243, '8': -0.004558115261972268, '9': -0.0033769887401389857}",0.001953125,global_threshold,delta_mean_fpr
0.034824684580838955,0.06209321063552388,0.04911009461249474,10,nbaiot,0.0009765625,10,10,10,0.2,True,0.04911009461249474,0.05081704221488041,delta_cv_fpr,0,"{'0': 0.06589364504598755, '1': 0.0393950289283324, '2': 0.05357930591469828, '3': 0.06293306580107755, '4': 0.04646428145336581, '5': 0.00838750727519286, '6': 0.07280169652046725, '7': 0.014455122358891138, '8': 0.07913651431187206, '9': 0.048054778515062534}",0.001953125,global_threshold,delta_cv_fpr
-0.07074310132594944,-0.02957212012981359,-0.051052290346931276,10,nbaiot,1.0,0,10,0,0.4,False,-0.051052290346931276,-0.0716299594042708,victim_delta_tpr,10,"{'0': -0.0716356710921905, '1': -0.026881091017906034, '2': -0.0716484038480194, '3': -0.026876732741315405, '4': -3.634718268562419e-05, '5': -0.07162424771635109, '6': -0.09850011045986382, '7': -3.6775555234686623e-05, '8': -0.071643626918285, '9': -0.07163989693746114}",0.001953125,global_threshold,victim_delta_tpr
-0.007313832356295197,-0.006139538691284891,-0.006709260128609301,10,nbaiot,1.0,0,10,0,0.4,False,-0.006709260128609301,-0.006509827119519855,victim_delta_fpr,10,"{'0': -0.0061768124621034886, '1': -0.00790532233326249, '2': -0.0068428417769362225, '3': -0.005423322493470594, '4': -0.0060679862483622535, '5': -0.005819734508335738, '6': -0.007291657130889018, '7': -0.007406302884012438, '8': -0.00837814515615063, '9': -0.00578047629257013}",0.001953125,global_threshold,victim_delta_fpr
13649.60972222222,27532.289166666666,20591.26666666667,10,nbaiot,0.0009765625,10,10,10,0.4,True,20591.26666666667,23145.61111111111,victim_delta_fn,0,"{'0': 23147.666666666668, '1': 22333.333333333332, '2': 23151.777777777777, '3': 22331.0, '4': 15.666666666666666, '5': 23143.555555555555, '6': 45472.77777777778, '7': 14.333333333333334, '8': 23153.222222222223, '9': 23149.333333333332}",0.001953125,global_threshold,victim_delta_fn
-61.65555555555555,-51.84444444444445,-56.58888888888889,10,nbaiot,1.0,0,10,0,0.4,False,-56.58888888888889,-54.05555555555556,victim_delta_fp,10,"{'0': -52.333333333333336, '1': -68.33333333333333, '2': -55.77777777777778, '3': -46.55555555555556, '4': -48.888888888888886, '5': -51.22222222222222, '6': -61.22222222222222, '7': -62.22222222222222, '8': -69.88888888888889, '9': -49.44444444444444}",0.001953125,global_threshold,victim_delta_fp
-0.03182309612495245,-0.011580364018234724,-0.02217151510916099,10,nbaiot,0.9892578125,2,10,2,0.4,False,-0.02217151510916099,-0.032017760958304414,victim_delta_ba,8,"{'0': -0.032729429315043496, '1': -0.009487884342321765, '2': -0.03240278103554163, '3': -0.010726705123922462, '4': 0.003015819532838335, '5': -0.03290225660400767, '6': -0.045604226664487414, '7': 0.0036847636643888818, '8': -0.03163274088106719, '9': -0.03292971032244549}",0.0078125,global_threshold,victim_delta_ba
-0.08549172145652421,-0.039713930220839,-0.06272629168108854,10,nbaiot,0.9892578125,2,10,2,0.4,False,-0.06272629168108854,-0.07483674334336644,victim_delta_macro_f1,8,"{'0': -0.07530273733404805, '1': -0.05930829506189385, '2': -0.07523296196358811, '3': -0.05959749744043059, '4': 0.000548698403101079, '5': -0.07528782844242529, '6': -0.13497220755822636, '7': 0.0015633992733586838, '8': -0.07457508145377181, '9': -0.07509840523296107}",0.0078125,global_threshold,victim_delta_macro_f1
-0.049278847608674584,-0.019805326713631798,-0.03394069953396263,10,nbaiot,1.0,0,10,0,0.4,False,-0.03394069953396263,-0.02638712403840042,nonvictim_mean_delta_tpr,10,"{'0': -0.071636445232345, '1': -0.01009562450684854, '2': -0.03589662368140821, '3': -0.010097472909857338, '4': -0.01687762439539263, '5': -0.04591833314332256, '6': -0.07171171400884362, '7': -0.006569545617536348, '8': -0.01686717782731832, '9': -0.0537364340167537}",0.001953125,global_threshold,nonvictim_mean_delta_tpr
-0.34567376330826555,-0.1350705693129238,-0.2336860867580674,10,nbaiot,1.0,0,10,0,0.4,False,-0.2336860867580674,-0.1571341648306635,nonvictim_worst_delta_tpr,10,"{'0': -0.5729232469878203, '1': -0.08058435219180177, '2': -0.1794675721726707, '3': -0.0805883123949207, '4': -0.13480075748865628, '5': -0.31340647271659133, '6': -0.38505024911050345, '7': -0.052445670701528294, '8': -0.10785632283249594, '9': -0.42973791098368525}",0.001953125,global_threshold,nonvictim_worst_delta_tpr
-0.007239060126942666,-0.005746067545414225,-0.006454159323634673,10,nbaiot,1.0,0,10,0,0.4,False,-0.006454159323634673,-0.006296611218477624,nonvictim_mean_delta_fpr,10,"{'0': -0.0061487760140102035, '1': -0.00803899972638735, '2': -0.005998608878722905, '3': -0.0048405523296619025, '4': -0.005413798235861874, '5': -0.006495697439435833, '6': -0.007031528874560128, '7': -0.008931851789244218, '8': -0.006444446422945045, '9': -0.005197333525517275}",0.001953125,global_threshold,nonvictim_mean_delta_fpr
-0.0002969713236762551,-0.00021379177198560168,-0.00025341246240293263,10,nbaiot,1.0,0,10,0,0.4,False,-0.00025341246240293263,-0.00024233267772272828,nonvictim_worst_delta_fpr,10,"{'0': -0.00020123616639563998, '1': -0.0002894471341276073, '2': -0.00022003245224955486, '3': -0.00023281079302568013, '4': -0.0003258022881345313, '5': -0.00040321478341182537, '6': -0.00026438541965572034, '7': -0.00019146679815841043, '8': -0.0001538742264505799, '9': -0.0002518545624197764}",0.001953125,global_threshold,nonvictim_worst_delta_fpr
-0.021467373541929957,-0.00658318010422953,-0.013743270105163977,10,nbaiot,0.9990234375,1,10,1,0.4,False,-0.013743270105163977,-0.010340460240554024,nonvictim_mean_delta_ba,9,"{'0': -0.032743834609167397, '1': -0.001028312390230569, '2': -0.014949007401342671, '3': -0.0026284602900977427, '4': -0.0057319130797653765, '5': -0.01971131785194337, '6': -0.03234009256714176, '7': 0.0011811530858539285, '8': -0.005211365702186627, '9': -0.024269550245618204}",0.005859375,global_threshold,nonvictim_mean_delta_ba
-0.06778270832702761,-0.033740034686863415,-0.04996127799697382,10,nbaiot,1.0,0,10,0,0.4,False,-0.04996127799697382,-0.046961211565013504,nonvictim_mean_delta_macro_f1,10,"{'0': -0.07541414989271335, '1': -0.021982734049775157, '2': -0.06942983783268485, '3': -0.022240029456878332, '4': -0.037575582147592344, '5': -0.06013583956911609, '6': -0.10720067458718632, '7': -0.012299018789658956, '8': -0.03698807266169815, '9': -0.056346840982434664}",0.001953125,global_threshold,nonvictim_mean_delta_macro_f1
96650.22277777777,184361.585,137780.3777777778,10,nbaiot,0.0009765625,10,10,10,0.4,True,137780.3777777778,125085.72222222222,nonvictim_delta_fn_total,0,"{'0': 185249.22222222222, '1': 67111.77777777778, '2': 201137.77777777778, '3': 67123.55555555556, '4': 111041.33333333333, '5': 159327.0, '6': 293758.22222222225, '7': 42883.444444444445, '8': 111206.55555555556, '9': 138964.88888888888}",0.001953125,global_threshold,nonvictim_delta_fn_total
-462.0155555555555,-365.1663888888889,-411.3333333333333,10,nbaiot,1.0,0,10,0,0.4,False,-411.3333333333333,-389.1111111111111,nonvictim_delta_fp_total,10,"{'0': -356.55555555555554, '1': -537.6666666666666, '2': -369.22222222222223, '3': -329.6666666666667, '4': -324.55555555555554, '5': -432.8888888888889, '6': -441.55555555555554, '7': -558.1111111111111, '8': -409.0, '9': -354.1111111111111}",0.001953125,global_threshold,nonvictim_delta_fp_total
-0.007227564923435112,-0.0058035629370908615,-0.0064825038575207425,10,nbaiot,1.0,0,10,0,0.4,False,-0.0064825038575207425,-0.0062862408110004155,delta_mean_fpr,10,"{'0': -0.00615189117490946, '1': -0.008024146682706805, '2': -0.006092412534079939, '3': -0.004905304570085093, '4': -0.005486485792806363, '5': -0.006420590447091371, '6': -0.007060432014152226, '7': -0.008762346355329579, '8': -0.006659301837745666, '9': -0.005262127166300926}",0.001953125,global_threshold,delta_mean_fpr
0.03834317508622899,0.08363072641855646,0.061580767673969215,10,nbaiot,0.0107421875,9,10,9,0.4,True,0.061580767673969215,0.07456267303991856,delta_cv_fpr,1,"{'0': 0.08043611377390401, '1': 0.012128979483818624, '2': 0.0798450764843809, '3': 0.06928026959545623, '4': 0.08159128290437434, '5': 0.01963356035346168, '6': 0.09239030272447699, '7': -0.0020677987452273833, '8': 0.11873501019899603, '9': 0.06383487996605071}",0.00390625,global_threshold,delta_cv_fpr
-2.3393645494311961e-07,2.8310306851328825e-07,2.2356203284291783e-08,10,nbaiot,0.623046875,5,10,5,0.1,False,2.2356203284291783e-08,3.83005083080966e-08,victim_delta_tpr,3,"{'0': 1.3365978399379782e-07, '1': -2.7113334191388975e-07, '2': -8.019587039381154e-07, '3': 1.3365978399379782e-07, '4': 3.4392058460995676e-07, '5': -2.6731956797525987e-07, '6': 8.761324774564372e-07, '7': 0.0, '8': 7.66010166161932e-08, '9': 0.0}",0.8515625,global_threshold,victim_delta_tpr
-1.2219565877763782e-05,9.156339788916506e-05,3.1319678233905835e-05,10,nbaiot,0.376953125,6,10,6,0.1,False,3.1319678233905835e-05,1.3920960278810097e-05,victim_delta_fpr,4,"{'0': 5.650259464128831e-05, '1': -2.767884399848233e-05, '2': 1.7245613012195047e-05, '3': -4.624280722669498e-05, '4': 7.101264024996485e-05, '5': -3.1592582061732185e-05, '6': 0.00026634056942795845, '7': 1.0596307545425146e-05, '8': 2.367088008332136e-05, '9': -2.665758933418538e-05}",0.357421875,global_threshold,victim_delta_fpr
-0.15555555555555556,0.22222222222222224,0.03333333333333334,10,nbaiot,0.828125,4,10,4,0.1,False,0.03333333333333334,0.0,victim_delta_fn,4,"{'0': -0.1111111111111111, '1': 0.2222222222222222, '2': 0.6666666666666666, '3': -0.1111111111111111, '4': -0.1111111111111111, '5': 0.2222222222222222, '6': -0.5555555555555556, '7': 0.0, '8': 0.1111111111111111, '9': 0.0}",0.796875,global_threshold,victim_delta_fn
-0.03333333333333333,0.5888888888888889,0.24444444444444446,10,nbaiot,0.376953125,6,10,6,0.1,False,0.24444444444444446,0.1111111111111111,victim_delta_fp,2,"{'0': 0.3333333333333333, '1': 0.1111111111111111, '2': 0.0, '3': -0.4444444444444444, '4': 0.6666666666666666, '5': -0.1111111111111111, '6': 1.5555555555555556, '7': 0.1111111111111111, '8': 0.2222222222222222, '9': 0.0}",0.21875,global_threshold,victim_delta_fp
-4.565132661691789e-05,6.073102034378947e-06,-1.564866101531306e-05,10,nbaiot,0.828125,4,10,4,0.1,False,-1.564866101531306e-05,-7.160969815388373e-06,victim_delta_ba,6,"{'0': -2.818446742863184e-05, '1': 1.3703855328296556e-05, '2': -9.023785858060704e-06, '3': 2.318823350529649e-05, '4': -3.533435983268015e-05, '5': 1.5662631246884632e-05, '6': -0.000132732218475256, '7': -5.298153772716043e-06, '8': -1.1797139533352584e-05, '9': 1.3328794667089028e-05}",0.35546875,global_threshold,victim_delta_ba
-2.2493163993621352e-05,6.140379852199689e-07,-9.847040657817718e-06,10,nbaiot,0.9453125,3,10,3,0.1,False,-9.847040657817718e-06,-5.1489948268578096e-06,victim_delta_macro_f1,7,"{'0': -7.075433443365981e-06, '1': 1.4883079418314003e-05, '2': -5.292785084462823e-05, '3': 5.277288576083845e-06, '4': -3.0215815706971207e-06, '5': -7.488065248898816e-06, '6': -2.8519259321278954e-05, '7': -3.2225562103496387e-06, '8': -1.9230564972290882e-05, '9': 2.8545370389345927e-06}",0.142578125,global_threshold,victim_delta_macro_f1
-1.778531811451766e-07,3.0042792283001513e-07,4.053552942565966e-08,10,nbaiot,0.623046875,5,10,5,0.1,False,4.053552942565966e-08,-3.379383458562084e-08,nonvictim_mean_delta_tpr,5,"{'0': 4.6709839719253726e-07, '1': -2.79110457491553e-07, '2': -8.63976928965831e-08, '3': 1.588703610210117e-07, '4': -4.251820340166036e-07, '5': -3.6024991835162083e-07, '6': 9.270816811619379e-07, '7': 1.8810023725341413e-08, '8': -1.7763903926838589e-07, '9': 1.620739731805148e-07}",0.7734375,global_threshold,nonvictim_mean_delta_tpr
-1.2910409125506857e-06,-4.3548811288497544e-07,-8.533043018066344e-07,10,nbaiot,1.0,0,10,0,0.1,False,-8.533043018066344e-07,-8.202251795048138e-07,nonvictim_worst_delta_tpr,8,"{'0': 0.0, '1': -1.768090640119624e-06, '2': -1.1602687994580506e-06, '3': -5.443481084406917e-07, '4': -2.0635235076597405e-06, '5': -1.222701819384812e-06, '6': -1.3365978399379782e-07, '7': 0.0, '8': -1.096102250568936e-06, '9': -5.443481084406917e-07}",0.0078125,global_threshold,nonvictim_worst_delta_tpr
-4.9993913437180604e-05,6.1009709086849525e-05,-1.7362439650416653e-07,10,nbaiot,0.828125,4,10,4,0.1,False,-1.7362439650416653e-07,-1.896880496814248e-05,nonvictim_mean_delta_fpr,6,"{'0': 8.524819203661732e-05, '1': -0.00010361155951507293, '2': -2.9761401520433996e-05, '3': 2.0119274321240455e-05, '4': -3.7217091186997616e-05, '5': -0.000116683287641683, '6': 0.00021523304719301667, '7': -8.176208415850961e-06, '8': -3.890548221784993e-05, '9': 1.2018272981972323e-05}",0.998046875,global_threshold,nonvictim_mean_delta_fpr
9.992296528558859e-05,0.0003653034621724163,0.00021353871388717538,10,nbaiot,0.0009765625,10,10,10,0.1,True,0.00021353871388717538,0.00012805887929161902,nonvictim_worst_delta_fpr,0,"{'0': 0.0003694317276299142, '1': 0.0001411233418007335, '2': 6.292156498447396e-05, '3': 0.00021656033740951575, '4': 0.0002822466836014685, '5': 2.981454778264025e-05, '6': 0.0007911706053928809, '7': 0.00011499441678250455, '8': 3.550632012498204e-05, '9': 9.16175933626409e-05}",0.001953125,global_threshold,nonvictim_worst_delta_fpr
-3.0340965032226402e-05,2.4894076968847314e-05,1.0707996296399006e-07,10,nbaiot,0.376953125,6,10,6,0.1,False,1.0707996296399006e-07,9.4675055667766e-06,nonvictim_mean_delta_ba,4,"{'0': -4.239054681970697e-05, '1': 5.166622452879793e-05, '2': 1.4837501913773457e-05, '3': -9.98020198011984e-06, '4': 1.8395954576490138e-05, '5': 5.816151886165682e-05, '6': -0.00010715298275593298, '7': 4.097509219779743e-06, '8': 1.9363921589296255e-05, '9': -5.9280995043946444e-06}",0.998046875,global_threshold,nonvictim_mean_delta_ba
-1.0695816777728902e-05,6.219522994438335e-06,-7.909694700521269e-07,10,nbaiot,0.171875,7,10,7,0.1,False,-7.909694700521269e-07,2.4137438771305245e-06,nonvictim_mean_delta_macro_f1,3,"{'0': -9.45489926192012e-06, '1': 6.9867168276224435e-06, '2': 4.413039289736767e-06, '3': -1.3593015977731499e-06, '4': 2.563108416158175e-06, '5': 1.4048116468324483e-05, '6': -3.840369761612086e-05, '7': 2.2643793381028744e-06, '8': 1.0299058029900979e-05, '9': 7.337854054471441e-07}",0.927734375,global_threshold,nonvictim_mean_delta_macro_f1
-1.5222222222222221,1.0222222222222221,-0.09999999999999998,10,nbaiot,0.623046875,5,10,5,0.1,False,-0.09999999999999998,0.22222222222222224,nonvictim_delta_fn_total,5,"{'0': -1.8888888888888888, '1': 1.7777777777777777, '2': 0.5555555555555556, '3': -0.6666666666666666, '4': 1.8888888888888888, '5': 2.0, '6': -5.222222222222222, '7': -0.1111111111111111, '8': 1.0, '9': -0.3333333333333333}",0.912109375,global_threshold,nonvictim_delta_fn_total
-3.9119444444444373,4.0,-0.34444444444444444,10,nbaiot,0.623046875,5,10,5,0.1,False,-0.34444444444444444,-1.3888888888888888,nonvictim_delta_fp_total,5,"{'0': 5.222222222222222, '1': -8.88888888888889, '2': -3.0, '3': 2.0, '4': -4.0, '5': -7.555555555555555, '6': 14.777777777777779, '7': 0.2222222222222222, '8': -3.0, '9': 0.7777777777777778}",0.888671875,global_threshold,nonvictim_delta_fp_total
-4.448646509502572e-05,6.378184633219183e-05,3.3256314513202554e-06,10,nbaiot,0.828125,4,10,4,0.1,False,3.3256314513202554e-06,-1.5314386607368487e-05,delta_mean_fpr,6,"{'0': 8.205423677046781e-05, '1': -9.517459112433886e-05, '2': -2.4538399905697168e-05, '3': 1.2745709704800293e-05, '4': -2.5191565471779766e-05, '5': -0.00010722876479945921, '6': 0.0002209116607746799, '7': -6.090373309039807e-06, '8': -3.195255307327335e-05, '9': 7.720954946842692e-06}",0.94921875,global_threshold,delta_mean_fpr
-0.0011338482788172193,0.00012911712024866881,-0.00040489816392323094,10,nbaiot,0.828125,4,10,4,0.1,False,-0.00040489816392323094,-8.187598639280363e-05,delta_cv_fpr,6,"{'0': -0.0013369132983397122, '1': 0.0002511333826076761, '2': -0.00042379220858289476, '3': -0.000325839488182458, '4': 4.3352759447889966e-05, '5': 0.000692835319905136, '6': -0.0031482328295791622, '7': 0.00036222669627682265, '8': -1.8720925085332258e-06, '9': -0.00016187988027707403}",0.330078125,global_threshold,delta_cv_fpr
-8.95674726744369e-08,6.454996854387949e-07,2.4302728473535316e-07,10,nbaiot,0.828125,4,10,4,0.2,False,2.4302728473535316e-07,0.0,victim_delta_tpr,1,"{'0': 0.0, '1': 9.38045731066792e-07, '2': 0.0, '3': 0.0, '4': 3.4392058460995676e-07, '5': 0.0, '6': 7.902825976340782e-08, '7': 0.0, '8': -6.112401526037203e-07, '9': 1.6805184245170956e-06}",0.3125,global_threshold,victim_delta_tpr
-1.459088039759133e-05,0.00012297590683495578,5.480136383112257e-05,10,nbaiot,0.171875,7,10,7,0.2,False,5.480136383112257e-05,6.430191040932434e-05,victim_delta_fpr,3,"{'0': -8.443939681831895e-05, '1': 0.00021825204035182276, '2': 2.908105305385573e-05, '3': -1.183544004166068e-05, '4': 7.101264024996485e-05, '5': 7.225177274619885e-05, '6': 0.00023982490585578966, '7': 5.7591180568683816e-05, '8': -0.00014202528049992816, '9': 9.830016284481773e-05}",0.173828125,global_threshold,victim_delta_fpr
-0.4666666666666668,0.06666666666666668,-0.16666666666666669,10,nbaiot,0.9892578125,2,10,2,0.2,False,-0.16666666666666669,0.0,victim_delta_fn,3,"{'0': 0.0, '1': -0.7777777777777778, '2': 0.0, '3': 0.0, '4': -0.1111111111111111, '5': 0.0, '6': 0.1111111111111111, '7': 0.0, '8': 0.3333333333333333, '9': -1.2222222222222223}",0.4375,global_threshold,victim_delta_fn
-0.1888888888888889,0.7222222222222222,0.2888888888888889,10,nbaiot,0.171875,7,10,7,0.2,False,0.2888888888888889,0.5,victim_delta_fp,3,"{'0': -0.4444444444444444, '1': 0.7777777777777778, '2': 0.1111111111111111, '3': -0.1111111111111111, '4': 0.6666666666666666, '5': 0.6666666666666666, '6': 1.5555555555555556, '7': 0.5555555555555556, '8': -1.3333333333333333, '9': 0.4444444444444444}",0.296875,global_threshold,victim_delta_fp
-6.129708928709205e-05,7.2828081873515036e-06,-2.7279168273190247e-05,10,nbaiot,0.9453125,3,10,3,0.2,False,-2.7279168273190247e-05,-3.206497505850756e-05,victim_delta_ba,7,"{'0': 4.221969840916767e-05, '1': -0.00010865699731037953, '2': -1.4540526526928153e-05, '3': 5.917720020824173e-06, '4': -3.533435983268015e-05, '5': -3.612588637309017e-05, '6': -0.00011987293879800465, '7': -2.879559028433497e-05, '8': 7.070702017366839e-05, '9': -4.8309822210145116e-05}",0.17578125,global_threshold,victim_delta_ba
-2.925814640832248e-05,3.2747389804427235e-06,-1.0203809787688125e-05,10,nbaiot,0.623046875,5,10,5,0.2,False,-1.0203809787688125e-05,-1.2414716910201672e-06,victim_delta_macro_f1,5,"{'0': 1.828224019919913e-06, '1': 4.453266795169232e-06, '2': -8.914890933353625e-06, '3': 5.386381886567864e-07, '4': -3.0215815706971207e-06, '5': -1.9550920929558816e-05, '6': -8.439651847564406e-05, '7': -1.5278817545779273e-05, '8': 2.0843716172330102e-05, '9': 1.460786402075599e-06}",0.32421875,global_threshold,victim_delta_macro_f1
-6.167492524172111e-08,4.630853316882728e-07,2.0421200195158692e-07,10,nbaiot,0.0546875,8,10,8,0.2,True,2.0421200195158692e-07,1.587821429731758e-07,nonvictim_mean_delta_tpr,1,"{'0': 4.7751297053823095e-08, '1': 9.851834719178572e-07, '2': 2.4232419104498594e-07, '3': 0.0, '4': 2.895038760386548e-07, '5': 6.331268895882265e-08, '6': 2.9392486958367146e-07, '7': 7.524009490136565e-08, '8': -6.88834682796877e-07, '9': 7.337142128135657e-07}",0.19921875,global_threshold,nonvictim_mean_delta_tpr
-1.1305977491482852e-06,-1.5191095493256097e-07,-5.31170129090973e-07,10,nbaiot,1.0,0,10,0,0.2,False,-5.31170129090973e-07,-2.9006719986451264e-07,nonvictim_worst_delta_tpr,7,"{'0': -2.9006719986451264e-07, '1': -1.3608702710400502e-07, '2': -2.9006719986451264e-07, '3': 0.0, '4': 0.0, '5': -5.422666838401153e-07, '6': -5.443481084406917e-07, '7': 0.0, '8': -2.9960441491678266e-06, '9': -5.128209226280667e-07}",0.015625,global_threshold,nonvictim_worst_delta_tpr
2.414771045648715e-06,0.00016282543926641503,7.512401141703674e-05,10,nbaiot,0.171875,7,10,7,0.2,False,7.512401141703674e-05,5.2354896665062154e-05,nonvictim_mean_delta_fpr,3,"{'0': -3.101287478918813e-05, '1': 0.0004054020127756196, '2': 4.4578582152694946e-05, '3': -1.8919715525626312e-06, '4': 0.00011342670308431803, '5': 4.466391619781373e-05, '6': 6.434858255858126e-05, '7': 6.0045877132310576e-05, '8': -0.0001152236859590472, '9': 0.0001669029725698272}",0.09765625,global_threshold,nonvictim_mean_delta_fpr
0.0001704731719793698,0.0007350665037470864,0.0004165871624529268,10,nbaiot,0.0009765625,10,10,10,0.2,True,0.0004165871624529268,0.0002784447340548003,nonvictim_worst_delta_fpr,0,"{'0': 5.9796766456420787e-05, '1': 0.0016632094204444355, '2': 0.00015668587267744164, '3': 1.408966663848739e-05, '4': 0.0004969071715549517, '5': 0.00021055568168547466, '6': 0.000346333786424126, '7': 0.00036495123372530676, '8': 4.734176016664272e-05, '9': 0.0008060002647559814}",0.001953125,global_threshold,nonvictim_worst_delta_fpr
-8.121160076917344e-05,-1.2333793876404035e-06,-3.7459899707543224e-05,10,nbaiot,0.9453125,3,10,3,0.2,False,-3.7459899707543224e-05,-2.6142810136568773e-05,nonvictim_mean_delta_ba,7,"{'0': 1.5530313043120457e-05, '1': -0.0002022084146518422, '2': -2.2168128980818188e-05, '3': 9.459857762745333e-07, '4': -5.6568599604138616e-05, '5': -2.2300301754428333e-05, '6': -3.202732884450493e-05, '7': -2.9985318518709213e-05, '8': 5.7267425638129416e-05, '9': -8.30846291785151e-05}",0.09765625,global_threshold,nonvictim_mean_delta_ba
-1.1651522818168657e-05,2.890570378514149e-06,-5.2692113251126865e-06,10,nbaiot,0.9453125,3,10,3,0.2,False,-5.2692113251126865e-06,-8.427727424116208e-06,nonvictim_mean_delta_macro_f1,7,"{'0': 1.1063640249775464e-06, '1': -1.492100856109118e-05, '2': -5.056731731484243e-06, '3': 3.2585700935709266e-07, '4': -1.7684277258735324e-05, '5': -8.567725636891072e-06, '6': -8.287729211341342e-06, '7': -1.5428634075395016e-05, '8': 2.6035369190869876e-05, '9': -1.0213597001393195e-05}",0.228515625,global_threshold,nonvictim_mean_delta_macro_f1
-2.2666666666666666,0.38888888888888884,-0.9888888888888889,10,nbaiot,0.9990234375,1,10,1,0.2,False,-0.9888888888888889,-1.0,nonvictim_delta_fn_total,7,"{'0': 0.0, '1': -5.0, '2': -1.5555555555555556, '3': 0.0, '4': -1.5555555555555556, '5': -0.2222222222222222, '6': -1.7777777777777777, '7': -0.4444444444444444, '8': 3.6666666666666665, '9': -3.0}",0.21875,global_threshold,nonvictim_delta_fn_total
0.11111111111111108,9.2,4.444444444444445,10,nbaiot,0.0546875,8,10,8,0.2,True,4.444444444444445,3.7777777777777777,nonvictim_delta_fp_total,2,"{'0': -1.3333333333333333, '1': 21.88888888888889, '2': 3.888888888888889, '3': 0.1111111111111111, '4': 5.333333333333333, '5': 3.5555555555555554, '6': 3.6666666666666665, '7': 6.444444444444445, '8': -8.555555555555555, '9': 9.444444444444445}",0.091796875,global_threshold,nonvictim_delta_fp_total
1.8761221700789285e-06,0.00015607651381484183,7.286593946304683e-05,10,nbaiot,0.171875,7,10,7,0.2,False,7.286593946304683e-05,5.375118333088484e-05,delta_mean_fpr,3,"{'0': -3.694915501464912e-05, '1': 0.00038460757139519947, '2': 4.285663447504664e-05, '3': -2.996801384686714e-06, '4': 0.00010871402943605517, '5': 4.772923359208262e-05, '6': 8.384595181382975e-05, '7': 5.977313306968706e-05, '8': -0.00011820164090803331, '9': 0.00015928043815593675}",0.099609375,global_threshold,delta_mean_fpr
-0.0018579615712969563,0.00017626667560802898,-0.000766514069447292,10,nbaiot,0.828125,4,10,4,0.2,False,-0.000766514069447292,-0.0001614009543419047,delta_cv_fpr,6,"{'0': 0.0007969573780846925, '1': -0.003562163940525615, '2': -0.00025603325057110826, '3': -6.676865811270114e-05, '4': -0.0007744840521348717, '5': 2.8896123809802392e-05, '6': -0.0012611041012323687, '7': 0.000762675053804624, '8': 0.000747753639458769, '9': -0.004080868887054143}",0.24609375,global_threshold,delta_cv_fpr
-1.2981538714528103e-07,7.892540287164474e-07,2.669598473096594e-07,10,nbaiot,0.376953125,6,10,6,0.4,False,2.669598473096594e-07,1.3365978399379782e-07,victim_delta_tpr,4,"{'0': 4.1566711499956773e-07, '1': 3.9959282115297077e-07, '2': 1.3365978399379782e-07, '3': -5.346391359505197e-07, '4': 6.878411692199135e-07, '5': -1.3365978398146203e-07, '6': -1.2880529774871184e-07, '7': 1.3365978399379782e-07, '8': -5.18875543062711e-07, '9': 2.215157560479951e-06}",0.34765625,global_threshold,victim_delta_tpr
-9.341046660966341e-06,0.00016837537876323558,6.232850079228536e-05,10,nbaiot,0.828125,4,10,4,0.4,False,6.232850079228536e-05,-7.497796432107399e-06,victim_delta_fpr,5,"{'0': 4.888153889594238e-05, '1': 0.00011013560288647841, '2': 0.0, '3': -1.4995592864214798e-05, '4': 0.00011004137703456883, '5': -4.734176016664272e-05, '6': -1.9355453603891936e-05, '7': -2.2354276073032575e-05, '8': -1.9137575771954125e-05, '9': 0.0004774111475856001}",0.2109375,global_threshold,victim_delta_fpr
-0.5333333333333333,0.15555555555555556,-0.13333333333333336,10,nbaiot,0.828125,4,10,4,0.4,False,-0.13333333333333336,-0.05555555555555555,victim_delta_fn,5,"{'0': 0.0, '1': -0.3333333333333333, '2': -0.1111111111111111, '3': 0.4444444444444444, '4': -0.2222222222222222, '5': 0.1111111111111111, '6': 0.1111111111111111, '7': -0.1111111111111111, '8': 0.4444444444444444, '9': -1.6666666666666667}",0.703125,global_threshold,victim_delta_fn
0.044444444444444446,0.8333333333333334,0.4111111111111111,10,nbaiot,0.376953125,6,10,6,0.4,False,0.4111111111111111,0.2222222222222222,victim_delta_fp,2,"{'0': 0.7777777777777778, '1': 0.5555555555555556, '2': 0.0, '3': 0.1111111111111111, '4': 1.1111111111111112, '5': -0.4444444444444444, '6': -0.1111111111111111, '7': 0.3333333333333333, '8': 0.0, '9': 1.7777777777777777}",0.09375,global_threshold,victim_delta_fp
-8.382113789810901e-05,4.628140773998018e-06,-3.10307704724893e-05,10,nbaiot,0.376953125,6,10,6,0.4,False,-3.10307704724893e-05,3.648653378053436e-06,victim_delta_ba,4,"{'0': -2.4232935890464465e-05, '1': -5.486800503266368e-05, '2': 6.682989200306682e-08, '3': 7.230476864103805e-06, '4': -5.467676793268083e-05, '5': 2.360405019133063e-05, '6': 9.613324153081829e-06, '7': 1.1243967928496899e-05, '8': 9.309350114450332e-06, '9': -0.00023759799501255063}",0.2109375,global_threshold,victim_delta_ba
-1.577410266819075e-05,1.5378484476569166e-06,-6.964189755158545e-06,10,nbaiot,0.828125,4,10,4,0.4,False,-6.964189755158545e-06,-4.935360734373593e-06,victim_delta_macro_f1,6,"{'0': -1.9468704280341715e-05, '1': 5.45033958226298e-06, '2': 7.880591022684729e-06, '3': -2.9511457549258324e-05, '4': -4.833837615316996e-06, '5': 5.087047626288014e-06, '6': -1.4652007436185185e-05, '7': 1.17759231645673e-05, '8': -2.6332908212856054e-05, '9': -5.036883853430189e-06}",0.1796875,global_threshold,victim_delta_macro_f1
-3.2647555946733326e-07,4.513139711891659e-07,4.884798487300724e-08,10,nbaiot,0.623046875,5,10,5,0.4,False,4.884798487300724e-08,-6.575781741038592e-08,nonvictim_mean_delta_tpr,5,"{'0': 1.4716529454012534e-07, '1': 7.382341619546145e-07, '2': 5.512824634853413e-07, '3': -4.014438952432759e-07, '4': -4.0667541567849613e-07, '5': -2.7300009794142514e-07, '6': -2.762138462043046e-07, '7': 1.414844631206533e-07, '8': -1.0087204456505411e-06, '9': 1.2763671663473808e-06}",0.796875,global_threshold,nonvictim_mean_delta_tpr
-2.0579130070149913e-06,-6.154557272288537e-07,-1.2718052092346938e-06,10,nbaiot,1.0,0,10,0,0.4,False,-1.2718052092346938e-06,-9.051211263945271e-07,nonvictim_worst_delta_tpr,9,"{'0': -1.504801898027313e-07, '1': -4.0826108132435087e-07, '2': -5.801343997290253e-07, '3': -2.177392433750431e-06, '4': -2.1278640043741347e-06, '5': -1.230107853060029e-06, '6': -1.4969572982057343e-06, '7': 0.0, '8': -4.01827031657229e-06, '9': -5.285845155282113e-07}",0.00390625,global_threshold,nonvictim_worst_delta_tpr
-5.9829576626574335e-05,0.00012229810315426317,2.8060418820867103e-05,10,nbaiot,0.623046875,5,10,5,0.4,False,2.8060418820867103e-05,-4.826338850486241e-06,nonvictim_mean_delta_fpr,5,"{'0': 9.423662382422867e-06, '1': 0.00024322928128867464, '2': 0.00017919607814258296, '3': -0.00018211161353559488, '4': -1.907634008339535e-05, '5': -4.222102133802359e-05, '6': -9.164519696065234e-05, '7': 7.59063967490685e-05, '8': -0.00015293821880630793, '9': 0.0002608411603698961}",0.578125,global_threshold,nonvictim_mean_delta_fpr
0.00023316696628474876,0.0007045654794496393,0.00044882175972769364,10,nbaiot,0.0009765625,10,10,10,0.4,True,0.00044882175972769364,0.00027740863606934594,nonvictim_worst_delta_fpr,0,"{'0': 0.0002255294746036455, '1': 0.0011289867344058703, '2': 0.0006484533773294234, '3': 7.326686684679099e-05, '4': 0.00032928779753504635, '5': 0.00013106758502794906, '6': 0.00012567480992888784, '7': 0.00044955480315629317, '8': 0.0002130379207498938, '9': 0.001163358227693136}",0.001953125,global_threshold,nonvictim_worst_delta_fpr
-6.092122526996692e-05,2.9800547963465553e-05,-1.400578541799973e-05,10,nbaiot,0.623046875,5,10,5,0.4,False,-1.400578541799973e-05,2.3482918949619152e-06,nonvictim_mean_delta_ba,5,"{'0': -4.638248543939769e-06, '1': -0.00012124552356335755, '2': -8.932239783955113e-05, '3': 9.085508482016249e-05, '4': 9.3348323338636e-06, '5': 2.0974010620034938e-05, '6': 4.568449155721885e-05, '7': -3.7882456142982836e-05, '8': 7.596474918032824e-05, '9': -0.00012978239660177415}",0.576171875,global_threshold,nonvictim_mean_delta_ba
-1.3263994955518598e-05,1.0200543212207038e-05,-1.5542022086513514e-06,10,nbaiot,0.828125,4,10,4,0.4,False,-1.5542022086513514e-06,-7.149174840447952e-07,nonvictim_mean_delta_macro_f1,6,"{'0': -8.264605859614132e-07, '1': -6.964182093098823e-06, '2': -3.511212936655908e-05, '3': 9.576190837886725e-06, '4': -6.03374382128177e-07, '5': 7.525019054690435e-07, '6': 1.872217690630013e-05, '7': -1.6798084005437603e-05, '8': 3.539672312708448e-05, '9': -1.968538443006879e-05}",0.828125,global_threshold,nonvictim_mean_delta_macro_f1
-2.0888888888888886,1.711111111111111,-0.14444444444444446,10,nbaiot,0.623046875,5,10,5,0.4,False,-0.14444444444444446,0.3888888888888889,nonvictim_delta_fn_total,5,"{'0': -0.6666666666666666, '1': -3.5555555555555554, '2': -3.2222222222222223, '3': 2.3333333333333335, '4': 1.7777777777777777, '5': 1.4444444444444444, '6': 1.7777777777777777, '7': -0.8888888888888888, '8': 5.111111111111111, '9': -5.555555555555555}",0.90234375,global_threshold,nonvictim_delta_fn_total
-4.633333333333332,6.611111111111112,0.8888888888888891,10,nbaiot,0.623046875,5,10,5,0.4,False,0.8888888888888891,-0.7777777777777778,nonvictim_delta_fp_total,5,"{'0': 0.3333333333333333, '1': 11.88888888888889, '2': 11.333333333333334, '3': -11.0, '4': -3.6666666666666665, '5': -1.8888888888888888, '6': -7.777777777777778, '7': 6.777777777777778, '8': -11.666666666666666, '9': 14.555555555555555}",0.775390625,global_threshold,nonvictim_delta_fp_total
-5.077997489245168e-05,0.0001229314520078558,3.186798348435931e-05,10,nbaiot,0.623046875,5,10,5,0.4,False,3.186798348435931e-05,4.53897190681652e-06,delta_mean_fpr,5,"{'0': 1.3807870883922787e-05, '1': 0.00022844109479954296, '2': 0.0001592854027934087, '3': -0.00016354316679433276, '4': -4.7299270702897475e-06, '5': -4.278999231897454e-05, '6': -8.361300325434214e-05, '7': 6.498854421328209e-05, '8': -0.00013807148069137679, '9': 0.00028490449228275253}",0.513671875,global_threshold,delta_mean_fpr
-0.002119923020061827,0.000889917243285847,-0.00045901834270766216,10,nbaiot,0.623046875,5,10,5,0.4,False,-0.00045901834270766216,0.0002905728491723942,delta_cv_fpr,5,"{'0': -0.00018893439512256293, '1': -0.0022674301667824728, '2': -0.002312394055891947, '3': 0.0027593949478076484, '4': -0.00016813389578039672, '5': 0.0009051851758438886, '6': 0.001030390764465921, '7': 0.0007492795941251851, '8': 0.0012529184259794965, '9': -0.006350459821721382}",0.638671875,global_threshold,delta_cv_fpr
0.012546432305654746,0.05932727216840403,0.03501590182374481,10,nbaiot,0.0009765625,10,10,10,0.1,True,0.03501590182374481,0.02685649863587808,victim_delta_tpr,0,"{'0': 1.2656440875039957e-05, '1': 0.026857107657491792, '2': 0.09895023318128897, '3': 0.026855889614264366, '4': 1.3281028224620961e-05, '5': 0.09894598896862211, '6': 0.02686908665303354, '7': 1.4942976218981466e-05, '8': 0.07161969140480283, '9': 2.014031262589613e-05}",0.001953125,local_threshold,victim_delta_tpr
0.005409374461611166,0.006486807720972043,0.005971674213044478,10,nbaiot,0.0009765625,10,10,10,0.1,True,0.005971674213044478,0.006159895750256944,victim_delta_fpr,0,"{'0': 0.006665045587824426, '1': 0.0053287328355004215, '2': 0.006166909730629156, '3': 0.004399069418538001, '4': 0.0058517974899991625, '5': 0.006152881769884732, '6': 0.00718880660548543, '7': 0.006279891183877586, '8': 0.006915137349795778, '9': 0.0047684701589100825}",0.001953125,local_threshold,victim_delta_fpr
-29299.96777777778,-6868.555555555557,-18044.01111111111,10,nbaiot,1.0,0,10,0,0.1,False,-18044.01111111111,-22325.0,victim_delta_fn,10,"{'0': -9.444444444444445, '1': -22325.777777777777, '2': -45137.333333333336, '3': -22324.222222222223, '4': -7.666666666666667, '5': -45133.77777777778, '6': -22331.777777777777, '7': -10.555555555555555, '8': -23144.88888888889, '9': -14.666666666666666}",0.001953125,local_threshold,victim_delta_fn
50.62222222222222,56.233333333333334,53.3,10,nbaiot,0.0009765625,10,10,10,0.1,True,53.3,52.611111111111114,victim_delta_fp,0,"{'0': 56.44444444444444, '1': 49.0, '2': 50.333333333333336, '3': 53.111111111111114, '4': 50.111111111111114, '5': 53.0, '6': 61.666666666666664, '7': 52.22222222222222, '8': 60.333333333333336, '9': 46.77777777777778}",0.001953125,local_threshold,victim_delta_fp
0.003353646144948776,0.026721397734273962,0.01452211380535017,10,nbaiot,0.376953125,6,10,6,0.1,False,0.01452211380535017,0.010302163717384868,victim_delta_ba,4,"{'0': -0.0033261945734747046, '1': 0.010764187410995694, '2': 0.0463916617253299, '3': 0.011228410097863203, '4': -0.002919258230887246, '5': 0.04639655359936869, '6': 0.009840140023774042, '7': -0.0031324741038293055, '8': 0.032352277027503554, '9': -0.0023741649231421055}",0.037109375,local_threshold,victim_delta_ba
0.020685574157838595,0.08595765176252096,0.052408342701448216,10,nbaiot,0.376953125,6,10,6,0.1,False,0.052408342701448216,0.059283726860836175,victim_delta_macro_f1,4,"{'0': -0.0006080554724708982, '1': 0.059474039173735886, '2': 0.13669420736450844, '3': 0.059437249751095544, '4': -0.0005408461079581878, '5': 0.13668460872013755, '6': 0.059130203970576806, '7': -0.0009356732362769435, '8': 0.07516470185497853, '9': -0.00041700900384451637}",0.03125,local_threshold,victim_delta_macro_f1
0.0,0.0,0.0,10,nbaiot,1.0,0,10,0,0.1,False,0.0,0.0,nonvictim_mean_delta_tpr,0,"{'0': 0.0, '1': 0.0, '2': 0.0, '3': 0.0, '4': 0.0, '5': 0.0, '6': 0.0, '7': 0.0, '8': 0.0, '9': 0.0}",1.0,local_threshold,nonvictim_mean_delta_tpr
0.0,0.0,0.0,10,nbaiot,1.0,0,10,0,0.1,False,0.0,0.0,nonvictim_worst_delta_tpr,0,"{'0': 0.0, '1': 0.0, '2': 0.0, '3': 0.0, '4': 0.0, '5': 0.0, '6': 0.0, '7': 0.0, '8': 0.0, '9': 0.0}",1.0,local_threshold,nonvictim_worst_delta_tpr
0.0,0.0,0.0,10,nbaiot,1.0,0,10,0,0.1,False,0.0,0.0,nonvictim_mean_delta_fpr,0,"{'0': 0.0, '1': 0.0, '2': 0.0, '3': 0.0, '4': 0.0, '5': 0.0, '6': 0.0, '7': 0.0, '8': 0.0, '9': 0.0}",1.0,local_threshold,nonvictim_mean_delta_fpr
0.0,0.0,0.0,10,nbaiot,1.0,0,10,0,0.1,False,0.0,0.0,nonvictim_worst_delta_fpr,0,"{'0': 0.0, '1': 0.0, '2': 0.0, '3': 0.0, '4': 0.0, '5': 0.0, '6': 0.0, '7': 0.0, '8': 0.0, '9': 0.0}",1.0,local_threshold,nonvictim_worst_delta_fpr
0.0,0.0,0.0,10,nbaiot,1.0,0,10,0,0.1,False,0.0,0.0,nonvictim_mean_delta_ba,0,"{'0': 0.0, '1': 0.0, '2': 0.0, '3': 0.0, '4': 0.0, '5': 0.0, '6': 0.0, '7': 0.0, '8': 0.0, '9': 0.0}",1.0,local_threshold,nonvictim_mean_delta_ba
0.0,0.0,0.0,10,nbaiot,1.0,0,10,0,0.1,False,0.0,0.0,nonvictim_mean_delta_macro_f1,0,"{'0': 0.0, '1': 0.0, '2': 0.0, '3': 0.0, '4': 0.0, '5': 0.0, '6': 0.0, '7': 0.0, '8': 0.0, '9': 0.0}",1.0,local_threshold,nonvictim_mean_delta_macro_f1
0.0,0.0,0.0,10,nbaiot,1.0,0,10,0,0.1,False,0.0,0.0,nonvictim_delta_fn_total,0,"{'0': 0.0, '1': 0.0, '2': 0.0, '3': 0.0, '4': 0.0, '5': 0.0, '6': 0.0, '7': 0.0, '8': 0.0, '9': 0.0}",1.0,local_threshold,nonvictim_delta_fn_total
0.0,0.0,0.0,10,nbaiot,1.0,0,10,0,0.1,False,0.0,0.0,nonvictim_delta_fp_total,0,"{'0': 0.0, '1': 0.0, '2': 0.0, '3': 0.0, '4': 0.0, '5': 0.0, '6': 0.0, '7': 0.0, '8': 0.0, '9': 0.0}",1.0,local_threshold,nonvictim_delta_fp_total
0.000601041606845685,0.0007207564134413374,0.000663519357004942,10,nbaiot,0.0009765625,10,10,10,0.1,True,0.000663519357004942,0.000684432861139659,delta_mean_fpr,0,"{'0': 0.0007405606208693834, '1': 0.0005920814261667135, '2': 0.0006852121922921265, '3': 0.0004887854909486707, '4': 0.0006501997211110137, '5': 0.0006836535299871916, '6': 0.0007987562894983798, '7': 0.0006977656870975161, '8': 0.0007683485944217507, '9': 0.0005298300176566744}",0.001953125,local_threshold,delta_mean_fpr
-0.0022730518989316985,-0.00011605083505547914,-0.0012219416323698854,10,nbaiot,0.9892578125,2,10,2,0.1,False,-0.0012219416323698854,-0.0014986014758891467,delta_cv_fpr,8,"{'0': -0.00031924194055236847, '1': 0.0023527864361168483, '2': -0.003131107882590479, '3': -5.532866916011884e-05, '4': -0.0019095464446271032, '5': -0.003555155539753533, '6': 0.0003057956064056702, '7': -0.002910414937759478, '8': -0.0013200962800879827, '9': -0.0016771066716903106}",0.068359375,local_threshold,delta_cv_fpr
0.03427397756715862,0.08920411896102831,0.05870083381516654,10,nbaiot,0.0009765625,10,10,10,0.2,True,0.05870083381516654,0.041136224769005046,victim_delta_tpr,0,"{'0': 0.026872060055895305, '1': 0.056045075168810264, '2': 0.17057783507393684, '3': 0.026877459015647, '4': 0.026882739367981214, '5': 0.09896154637295068, '6': 0.02688857385116054, '7': 0.0553806290361253, '8': 0.07163059970727347, '9': 0.026891820501884798}",0.001953125,local_threshold,victim_delta_tpr
0.012059667233083887,0.013126808276185982,0.012640327853556302,10,nbaiot,0.0009765625,10,10,10,0.2,True,0.012640327853556302,0.012816612433993272,victim_delta_fpr,0,"{'0': 0.011905799030768037, '1': 0.012711082862630058, '2': 0.012743041668624805, '3': 0.010672407146182953, '4': 0.013035415662385221, '5': 0.012890183199361738, '6': 0.013793383156590615, '7': 0.01305635157502868, '8': 0.01350863149632628, '9': 0.012086982737664634}",0.001953125,local_threshold,victim_delta_fpr
-43078.369166666664,-24647.78111111111,-33508.68888888889,10,nbaiot,1.0,0,10,0,0.2,False,-33508.68888888889,-22751.38888888889,victim_delta_fn,10,"{'0': -22335.444444444445, '1': -43876.0, '2': -68282.0, '3': -22335.0, '4': -22337.777777777777, '5': -45144.22222222222, '6': -22341.444444444445, '7': -42932.22222222222, '8': -23152.666666666668, '9': -22350.11111111111}",0.001953125,local_threshold,victim_delta_fn
117.78888888888889,122.48916666666668,120.16666666666667,10,nbaiot,0.0009765625,10,10,10,0.2,True,120.16666666666667,120.0,victim_delta_fp,0,"{'0': 115.22222222222223, '1': 117.11111111111111, '2': 121.55555555555556, '3': 118.88888888888889, '4': 120.66666666666667, '5': 123.22222222222223, '6': 125.66666666666667, '7': 119.33333333333333, '8': 125.66666666666667, '9': 114.33333333333333}",0.001953125,local_threshold,victim_delta_fp
0.011011373975118963,0.038280902431164165,0.023030252980805126,10,nbaiot,0.0009765625,10,10,10,0.2,True,0.023030252980805126,0.014632332332640195,victim_delta_ba,0,"{'0': 0.007483130512563601, '1': 0.021666996153090114, '2': 0.07891739670265602, '3': 0.008102525934732029, '4': 0.006923661852797987, '5': 0.043035681586794494, '6': 0.006547595347284958, '7': 0.02116213873054836, '8': 0.02906098410547358, '9': 0.007402418882110092}",0.001953125,local_threshold,victim_delta_ba
0.06717742696611323,0.12673790188919928,0.09365274158955642,10,nbaiot,0.0009765625,10,10,10,0.2,True,0.09365274158955642,0.06630351134448878,victim_delta_macro_f1,0,"{'0': 0.05851445275970007, '1': 0.11364538988319303, '2': 0.21181691716864265, '3': 0.05888522089536073, '4': 0.05855772389608522, '5': 0.13586306706998683, '6': 0.058516319686655, '7': 0.10817441344297404, '8': 0.07372180179361683, '9': 0.05883210929934979}",0.001953125,local_threshold,victim_delta_macro_f1
0.0,0.0,0.0,10,nbaiot,1.0,0,10,0,0.2,False,0.0,0.0,nonvictim_mean_delta_tpr,0,"{'0': 0.0, '1': 0.0, '2': 0.0, '3': 0.0, '4': 0.0, '5': 0.0, '6': 0.0, '7': 0.0, '8': 0.0, '9': 0.0}",1.0,local_threshold,nonvictim_mean_delta_tpr
0.0,0.0,0.0,10,nbaiot,1.0,0,10,0,0.2,False,0.0,0.0,nonvictim_worst_delta_tpr,0,"{'0': 0.0, '1': 0.0, '2': 0.0, '3': 0.0, '4': 0.0, '5': 0.0, '6': 0.0, '7': 0.0, '8': 0.0, '9': 0.0}",1.0,local_threshold,nonvictim_worst_delta_tpr
0.0,0.0,0.0,10,nbaiot,1.0,0,10,0,0.2,False,0.0,0.0,nonvictim_mean_delta_fpr,0,"{'0': 0.0, '1': 0.0, '2': 0.0, '3': 0.0, '4': 0.0, '5': 0.0, '6': 0.0, '7': 0.0, '8': 0.0, '9': 0.0}",1.0,local_threshold,nonvictim_mean_delta_fpr
0.0,0.0,0.0,10,nbaiot,1.0,0,10,0,0.2,False,0.0,0.0,nonvictim_worst_delta_fpr,0,"{'0': 0.0, '1': 0.0, '2': 0.0, '3': 0.0, '4': 0.0, '5': 0.0, '6': 0.0, '7': 0.0, '8': 0.0, '9': 0.0}",1.0,local_threshold,nonvictim_worst_delta_fpr
0.0,0.0,0.0,10,nbaiot,1.0,0,10,0,0.2,False,0.0,0.0,nonvictim_mean_delta_ba,0,"{'0': 0.0, '1': 0.0, '2': 0.0, '3': 0.0, '4': 0.0, '5': 0.0, '6': 0.0, '7': 0.0, '8': 0.0, '9': 0.0}",1.0,local_threshold,nonvictim_mean_delta_ba
0.0,0.0,0.0,10,nbaiot,1.0,0,10,0,0.2,False,0.0,0.0,nonvictim_mean_delta_macro_f1,0,"{'0': 0.0, '1': 0.0, '2': 0.0, '3': 0.0, '4': 0.0, '5': 0.0, '6': 0.0, '7': 0.0, '8': 0.0, '9': 0.0}",1.0,local_threshold,nonvictim_mean_delta_macro_f1
0.0,0.0,0.0,10,nbaiot,1.0,0,10,0,0.2,False,0.0,0.0,nonvictim_delta_fn_total,0,"{'0': 0.0, '1': 0.0, '2': 0.0, '3': 0.0, '4': 0.0, '5': 0.0, '6': 0.0, '7': 0.0, '8': 0.0, '9': 0.0}",1.0,local_threshold,nonvictim_delta_fn_total
0.0,0.0,0.0,10,nbaiot,1.0,0,10,0,0.2,False,0.0,0.0,nonvictim_delta_fp_total,0,"{'0': 0.0, '1': 0.0, '2': 0.0, '3': 0.0, '4': 0.0, '5': 0.0, '6': 0.0, '7': 0.0, '8': 0.0, '9': 0.0}",1.0,local_threshold,nonvictim_delta_fp_total
0.0013399630258982104,0.0014585342529095532,0.0014044808726173669,10,nbaiot,0.0009765625,10,10,10,0.2,True,0.0014044808726173669,0.001424068048221473,delta_mean_fpr,0,"{'0': 0.0013228665589742293, '1': 0.00141234254029223, '2': 0.0014158935187360878, '3': 0.0011858230162425539, '4': 0.0014483795180427967, '5': 0.0014322425777068578, '6': 0.001532598128510066, '7': 0.0014507057305587474, '8': 0.0015009590551473635, '9': 0.0013429980819627348}",0.001953125,local_threshold,delta_mean_fpr
0.0028868115907412476,0.0062921593639660555,0.004525658164015656,10,nbaiot,0.0009765625,10,10,10,0.2,True,0.004525658164015656,0.004156088703725558,delta_cv_fpr,0,"{'0': 0.005572003671764892, '1': 0.009589883616435202, '2': 0.00016101688585519315, '3': 0.0022817544384248828, '4': 0.004149741323964062, '5': 0.004323809846743897, '6': 0.0038658754733846955, '7': 0.004162436083487054, '8': 0.008825454870490738, '9': 0.0023246054296059415}",0.001953125,local_threshold,delta_cv_fpr
0.08406053027696624,0.15195858764501896,0.11886473777136222,10,nbaiot,0.0009765625,10,10,10,0.4,True,0.11886473777136222,0.13455615633605067,victim_delta_tpr,0,"{'0': 0.1706189386015859, '1': 0.0830419563275926, '2': 0.17061072300876579, '3': 0.026936536279015336, '4': 0.17060767653375436, '5': 0.17058083926520765, '6': 0.09853147340689371, '7': 0.055419919946880856, '8': 0.07168115917199655, '9': 0.17061815517192946}",0.001953125,local_threshold,victim_delta_tpr
0.03320447304730113,0.03589181820211397,0.034486465344792806,10,nbaiot,0.0009765625,10,10,10,0.4,True,0.034486465344792806,0.034217159778202486,victim_delta_fpr,0,"{'0': 0.031927470459533897, '1': 0.03346417483326279, '2': 0.0358491684729991, '3': 0.032785073359593575, '4': 0.035080130634140734, '5': 0.03394679968067834, '6': 0.036588693591873354, '7': 0.03448751987572664, '8': 0.03904451106480621, '9': 0.031691111475313394}",0.001953125,local_threshold,victim_delta_fpr
-65325.04805555556,-42603.12222222222,-54161.61111111111,10,nbaiot,1.0,0,10,0,0.4,False,-54161.61111111111,-67182.16666666666,victim_delta_fn,10,"{'0': -68319.22222222222, '1': -66078.44444444444, '2': -68303.77777777778, '3': -22372.555555555555, '4': -68302.88888888889, '5': -68285.88888888889, '6': -45501.88888888889, '7': -42955.77777777778, '8': -23184.11111111111, '9': -68311.55555555556}",0.001953125,local_threshold,victim_delta_fn
325.3219444444444,350.8555555555555,336.96666666666664,10,nbaiot,0.0009765625,10,10,10,0.4,True,336.96666666666664,332.77777777777777,victim_delta_fp,0,"{'0': 309.6666666666667, '1': 323.6666666666667, '2': 352.22222222222223, '3': 338.8888888888889, '4': 332.55555555555554, '5': 326.22222222222223, '6': 346.44444444444446, '7': 333.0, '8': 387.3333333333333, '9': 319.6666666666667}",0.001953125,local_threshold,victim_delta_fp
0.0245636539086992,0.05907710953313966,0.042189136213284704,10,nbaiot,0.0107421875,9,10,9,0.4,True,0.042189136213284704,0.049176083587696755,victim_delta_ba,1,"{'0': 0.069345734071026, '1': 0.0247888907471649, '2': 0.06738077726788336, '3': -0.0029242685402891175, '4': 0.06776377294980682, '5': 0.06831701979226466, '6': 0.030971389907510152, '7': 0.010466200035577114, '8': 0.016318324053595148, '9': 0.06946352184830806}",0.00390625,local_threshold,victim_delta_ba
0.11860817108028165,0.19242033043634582,0.15669077664916362,10,nbaiot,0.0009765625,10,10,10,0.4,True,0.15669077664916362,0.18858006400753802,victim_delta_macro_f1,0,"{'0': 0.2078959871282355, '1': 0.16977345037653577, '2': 0.20757063712379514, '3': 0.05623303607404236, '4': 0.2073866776385403, '5': 0.20750786724574902, '6': 0.13050403430694732, '7': 0.10354620426857292, '8': 0.0682194134334398, '9': 0.20827045889577794}",0.001953125,local_threshold,victim_delta_macro_f1
0.0,0.0,0.0,10,nbaiot,1.0,0,10,0,0.4,False,0.0,0.0,nonvictim_mean_delta_tpr,0,"{'0': 0.0, '1': 0.0, '2': 0.0, '3': 0.0, '4': 0.0, '5': 0.0, '6': 0.0, '7': 0.0, '8': 0.0, '9': 0.0}",1.0,local_threshold,nonvictim_mean_delta_tpr
0.0,0.0,0.0,10,nbaiot,1.0,0,10,0,0.4,False,0.0,0.0,nonvictim_worst_delta_tpr,0,"{'0': 0.0, '1': 0.0, '2': 0.0, '3': 0.0, '4': 0.0, '5': 0.0, '6': 0.0, '7': 0.0, '8': 0.0, '9': 0.0}",1.0,local_threshold,nonvictim_worst_delta_tpr
0.0,0.0,0.0,10,nbaiot,1.0,0,10,0,0.4,False,0.0,0.0,nonvictim_mean_delta_fpr,0,"{'0': 0.0, '1': 0.0, '2': 0.0, '3': 0.0, '4': 0.0, '5': 0.0, '6': 0.0, '7': 0.0, '8': 0.0, '9': 0.0}",1.0,local_threshold,nonvictim_mean_delta_fpr
0.0,0.0,0.0,10,nbaiot,1.0,0,10,0,0.4,False,0.0,0.0,nonvictim_worst_delta_fpr,0,"{'0': 0.0, '1': 0.0, '2': 0.0, '3': 0.0, '4': 0.0, '5': 0.0, '6': 0.0, '7': 0.0, '8': 0.0, '9': 0.0}",1.0,local_threshold,nonvictim_worst_delta_fpr
0.0,0.0,0.0,10,nbaiot,1.0,0,10,0,0.4,False,0.0,0.0,nonvictim_mean_delta_ba,0,"{'0': 0.0, '1': 0.0, '2': 0.0, '3': 0.0, '4': 0.0, '5': 0.0, '6': 0.0, '7': 0.0, '8': 0.0, '9': 0.0}",1.0,local_threshold,nonvictim_mean_delta_ba
0.0,0.0,0.0,10,nbaiot,1.0,0,10,0,0.4,False,0.0,0.0,nonvictim_mean_delta_macro_f1,0,"{'0': 0.0, '1': 0.0, '2': 0.0, '3': 0.0, '4': 0.0, '5': 0.0, '6': 0.0, '7': 0.0, '8': 0.0, '9': 0.0}",1.0,local_threshold,nonvictim_mean_delta_macro_f1
0.0,0.0,0.0,10,nbaiot,1.0,0,10,0,0.4,False,0.0,0.0,nonvictim_delta_fn_total,0,"{'0': 0.0, '1': 0.0, '2': 0.0, '3': 0.0, '4': 0.0, '5': 0.0, '6': 0.0, '7': 0.0, '8': 0.0, '9': 0.0}",1.0,local_threshold,nonvictim_delta_fn_total
0.0,0.0,0.0,10,nbaiot,1.0,0,10,0,0.4,False,0.0,0.0,nonvictim_delta_fp_total,0,"{'0': 0.0, '1': 0.0, '2': 0.0, '3': 0.0, '4': 0.0, '5': 0.0, '6': 0.0, '7': 0.0, '8': 0.0, '9': 0.0}",1.0,local_threshold,nonvictim_delta_fp_total
0.0036893858941445686,0.003987979800234883,0.0038318294827547556,10,nbaiot,0.0009765625,10,10,10,0.4,True,0.0038318294827547556,0.0038019066420224993,delta_mean_fpr,0,"{'0': 0.003547496717725992, '1': 0.0037182416481403116, '2': 0.00398324094144434, '3': 0.003642785928843732, '4': 0.0038977922926823013, '5': 0.003771866631186479, '6': 0.004065410399097035, '7': 0.00383194665285852, '8': 0.004338279007200688, '9': 0.0035212346083681534}",0.001953125,local_threshold,delta_mean_fpr
0.04716447298162657,0.06609790102466635,0.056185911024521085,10,nbaiot,0.0009765625,10,10,10,0.4,True,0.056185911024521085,0.056270919329559646,delta_cv_fpr,0,"{'0': 0.06337883158059575, '1': 0.05163186418944524, '2': 0.04556643913522602, '3': 0.060909974469674055, '4': 0.04330240004455016, '5': 0.06731462236015494, '6': 0.06202287106931418, '7': 0.0327157666259406, '8': 0.0901167152172688, '9': 0.04489962555304112}",0.001953125,local_threshold,delta_cv_fpr
-2.784186006214714e-07,3.3988222924616185e-06,1.4857823350835878e-06,10,nbaiot,0.171875,7,10,7,0.1,False,1.4857823350835878e-06,1.2654660748179225e-06,victim_delta_tpr,3,"{'0': 4.557109756701354e-06, '1': 2.666065229497663e-06, '2': -3.404496182228082e-06, '3': -7.772485382097195e-07, '4': 2.250276231870648e-06, '5': 2.284506244164418e-06, '6': 7.590241452100817e-06, '7': 2.806559177651972e-07, '8': 2.0887426980007203e-07, '9': -7.981610306264899e-07}",0.166015625,local_threshold,victim_delta_tpr
-9.247533233285341e-05,0.0008758943460775838,0.0003909797728792387,10,nbaiot,0.376953125,6,10,6,0.1,False,0.0003909797728792387,0.00031816454664234425,victim_delta_fpr,4,"{'0': 0.0018733411705222852, '1': 0.0005524191862137358, '2': -0.0010867252091953758, '3': -4.794480000669052e-05, '4': 0.0010728612741557038, '5': 0.00031379610182373394, '6': 0.0010668086512885455, '7': 0.0003225329914609546, '8': -8.715654994091175e-06, '9': -0.00014857598247641383}",0.1640625,local_threshold,victim_delta_fpr
-2.433333333333333,0.3222222222222222,-1.0333333333333334,10,nbaiot,0.9453125,3,10,3,0.1,False,-1.0333333333333334,-0.8888888888888888,victim_delta_fn,6,"{'0': -3.4444444444444446, '1': -1.8888888888888888, '2': 2.888888888888889, '3': 0.6666666666666666, '4': -2.2222222222222223, '5': -1.5555555555555556, '6': -5.222222222222222, '7': -0.2222222222222222, '8': 0.0, '9': 0.6666666666666666}",0.1953125,local_threshold,victim_delta_fn
-0.611111111111111,4.3669444444444405,1.8333333333333328,10,nbaiot,0.376953125,6,10,6,0.1,False,1.8333333333333328,2.0555555555555554,victim_delta_fp,4,"{'0': 9.555555555555555, '1': 3.7777777777777777, '2': -5.444444444444445, '3': 1.7777777777777777, '4': 2.3333333333333335, '5': 2.4444444444444446, '6': 6.333333333333333, '7': -0.6666666666666666, '8': -0.7777777777777778, '9': -1.0}",0.20703125,local_threshold,victim_delta_fp
-0.00043641299678396224,4.6206398366080125e-05,-0.00019474699527207952,10,nbaiot,0.828125,4,10,4,0.1,False,-0.00019474699527207952,-0.0001584409827806906,victim_delta_ba,6,"{'0': -0.0009343920303828135, '1': -0.0002748765604921137, '2': 0.0005416603565065767, '3': 2.3583775734242136e-05, '4': -0.0005353054989619318, '5': -0.0001557557977897892, '6': -0.000529609204918217, '7': -0.00016112616777159202, '8': 4.462264631910351e-06, '9': 7.38889107229326e-05}",0.1640625,local_threshold,victim_delta_ba
-3.363387947641566e-05,4.877475182101749e-06,-1.5348724581881745e-05,10,nbaiot,0.9453125,3,10,3,0.1,False,-1.5348724581881745e-05,-2.2816465886785516e-05,victim_delta_macro_f1,7,"{'0': -3.0384031601962372e-05, '1': -3.6145112008198786e-06, '2': 1.852346205436876e-05, '3': 4.0277763222660054e-05, '4': -4.4667783458376656e-05, '5': -4.623748611302473e-05, '6': -4.7303467845224066e-05, '7': -4.763171255015328e-05, '8': -1.5248900171608662e-05, '9': 2.279942184532338e-05}",0.169921875,local_threshold,victim_delta_macro_f1
0.0,0.0,0.0,10,nbaiot,1.0,0,10,0,0.1,False,0.0,0.0,nonvictim_mean_delta_tpr,0,"{'0': 0.0, '1': 0.0, '2': 0.0, '3': 0.0, '4': 0.0, '5': 0.0, '6': 0.0, '7': 0.0, '8': 0.0, '9': 0.0}",1.0,local_threshold,nonvictim_mean_delta_tpr
0.0,0.0,0.0,10,nbaiot,1.0,0,10,0,0.1,False,0.0,0.0,nonvictim_worst_delta_tpr,0,"{'0': 0.0, '1': 0.0, '2': 0.0, '3': 0.0, '4': 0.0, '5': 0.0, '6': 0.0, '7': 0.0, '8': 0.0, '9': 0.0}",1.0,local_threshold,nonvictim_worst_delta_tpr
0.0,0.0,0.0,10,nbaiot,1.0,0,10,0,0.1,False,0.0,0.0,nonvictim_mean_delta_fpr,0,"{'0': 0.0, '1': 0.0, '2': 0.0, '3': 0.0, '4': 0.0, '5': 0.0, '6': 0.0, '7': 0.0, '8': 0.0, '9': 0.0}",1.0,local_threshold,nonvictim_mean_delta_fpr
0.0,0.0,0.0,10,nbaiot,1.0,0,10,0,0.1,False,0.0,0.0,nonvictim_worst_delta_fpr,0,"{'0': 0.0, '1': 0.0, '2': 0.0, '3': 0.0, '4': 0.0, '5': 0.0, '6': 0.0, '7': 0.0, '8': 0.0, '9': 0.0}",1.0,local_threshold,nonvictim_worst_delta_fpr
0.0,0.0,0.0,10,nbaiot,1.0,0,10,0,0.1,False,0.0,0.0,nonvictim_mean_delta_ba,0,"{'0': 0.0, '1': 0.0, '2': 0.0, '3': 0.0, '4': 0.0, '5': 0.0, '6': 0.0, '7': 0.0, '8': 0.0, '9': 0.0}",1.0,local_threshold,nonvictim_mean_delta_ba
0.0,0.0,0.0,10,nbaiot,1.0,0,10,0,0.1,False,0.0,0.0,nonvictim_mean_delta_macro_f1,0,"{'0': 0.0, '1': 0.0, '2': 0.0, '3': 0.0, '4': 0.0, '5': 0.0, '6': 0.0, '7': 0.0, '8': 0.0, '9': 0.0}",1.0,local_threshold,nonvictim_mean_delta_macro_f1
0.0,0.0,0.0,10,nbaiot,1.0,0,10,0,0.1,False,0.0,0.0,nonvictim_delta_fn_total,0,"{'0': 0.0, '1': 0.0, '2': 0.0, '3': 0.0, '4': 0.0, '5': 0.0, '6': 0.0, '7': 0.0, '8': 0.0, '9': 0.0}",1.0,local_threshold,nonvictim_delta_fn_total
0.0,0.0,0.0,10,nbaiot,1.0,0,10,0,0.1,False,0.0,0.0,nonvictim_delta_fp_total,0,"{'0': 0.0, '1': 0.0, '2': 0.0, '3': 0.0, '4': 0.0, '5': 0.0, '6': 0.0, '7': 0.0, '8': 0.0, '9': 0.0}",1.0,local_threshold,nonvictim_delta_fp_total
-1.0275036925873396e-05,9.732159400862179e-05,4.3442196986582016e-05,10,nbaiot,0.376953125,6,10,6,0.1,False,4.3442196986582016e-05,3.535161629359623e-05,delta_mean_fpr,4,"{'0': 0.0002081490189469251, '1': 6.137990957930646e-05, '2': -0.00012074724546615718, '3': -5.327200000741463e-06, '4': 0.0001192068082395183, '5': 3.486623353596902e-05, '6': 0.00011853429458761395, '7': 3.583699905122343e-05, '8': -9.684061104563312e-07, '9': -1.6508442497381285e-05}",0.1640625,local_threshold,delta_mean_fpr
-0.002037110389385939,0.00047986016030173866,-0.000722325309719621,10,nbaiot,0.828125,4,10,4,0.1,False,-0.000722325309719621,-0.0004268584986301733,delta_cv_fpr,6,"{'0': -0.004388029924165938, '1': 0.0011292885914583328, '2': 0.0020054386591314916, '3': -0.0002982270828791754, '4': -0.0025879000964076915, '5': -0.000646525996087234, '6': -0.0036766467312635246, '7': 0.000634162775404253, '8': -0.0005554899143811712, '9': 0.001160676621994446}",0.318359375,local_threshold,delta_cv_fpr
-0.008052337710918575,0.021625268446015353,0.004524690672006385,10,nbaiot,0.376953125,6,10,6,0.2,False,0.004524690672006385,1.6643991058532908e-06,victim_delta_tpr,4,"{'0': -9.7111886956627e-07, '1': -9.50771147306067e-07, '2': 2.314006456955515e-06, '3': 2.5384600659385093e-06, '4': -2.2941564237827846e-06, '5': 0.07208090744344466, '6': 7.07243848217952e-06, '7': 1.0147917547510666e-06, '8': -0.02684583370602616, '9': 3.10933232618006e-06}",0.548828125,local_threshold,victim_delta_tpr
-0.00025868312322962594,0.0004131299945651595,8.355004574233029e-05,10,nbaiot,0.376953125,6,10,6,0.2,False,8.355004574233029e-05,0.0001259465777941142,victim_delta_fpr,4,"{'0': -0.0006538212582888976, '1': 0.0002006351668414376, '2': -0.0006547252413659651, '3': 0.0008620865396771432, '4': -0.0005661706868636066, '5': 0.0004222145491125072, '6': 0.0007587453632007447, '7': 0.000506233628944691, '8': -9.095559258154229e-05, '9': 5.125798874679081e-05}",0.6328125,local_threshold,victim_delta_fpr
-6842.189166666667,6694.2,-49.70000000000032,10,nbaiot,0.828125,4,10,4,0.2,False,-49.70000000000032,-1.4444444444444444,victim_delta_fn,6,"{'0': 0.7777777777777778, '1': 0.1111111111111111, '2': -2.3333333333333335, '3': -1.7777777777777777, '4': 1.5555555555555556, '5': -22804.666666666668, '6': -5.111111111111111, '7': -1.1111111111111112, '8': 22317.777777777777, '9': -2.2222222222222223}",0.533203125,local_threshold,victim_delta_fn
-0.7333333333333333,3.0444444444444443,1.1,10,nbaiot,0.376953125,6,10,6,0.2,False,1.1,1.2777777777777777,victim_delta_fp,4,"{'0': 1.7777777777777777, '1': 0.8888888888888888, '2': -0.7777777777777778, '3': 7.0, '4': -3.6666666666666665, '5': -1.6666666666666667, '6': 1.6666666666666667, '7': 3.4444444444444446, '8': -1.6666666666666667, '9': 4.0}",0.314453125,local_threshold,victim_delta_fp
-0.00399821471624698,0.01072353301782571,0.00222057031313203,10,nbaiot,0.828125,4,10,4,0.2,False,0.00222057031313203,-6.243364860231754e-05,victim_delta_ba,6,"{'0': 0.0003264250697096645, '1': -0.00010079296899434542, '2': 0.000328519623911462, '3': -0.0004297740398055848, '4': 0.0002819382652199387, '5': 0.035829346447166066, '6': -0.0003758364623592926, '7': -0.00025260941859495123, '8': -0.013377439056722359, '9': -2.4074328210289665e-05}",0.8125,local_threshold,victim_delta_ba
-0.017983182767828995,0.023179349608082017,0.001729073802371315,10,nbaiot,0.376953125,6,10,6,0.2,False,0.001729073802371315,1.7950298054804205e-05,victim_delta_macro_f1,4,"{'0': 3.868558220405783e-05, '1': 9.737645877848521e-07, '2': 0.0001237798903075713, '3': -9.402799935085786e-05, '4': 3.4926831521823555e-05, '5': 0.0772771265281192, '6': -5.268029249032457e-05, '7': -0.0001272953984224396, '8': -0.05996452748956297, '9': 5.37766067992952e-05}",0.775390625,local_threshold,victim_delta_macro_f1
0.0,0.0,0.0,10,nbaiot,1.0,0,10,0,0.2,False,0.0,0.0,nonvictim_mean_delta_tpr,0,"{'0': 0.0, '1': 0.0, '2': 0.0, '3': 0.0, '4': 0.0, '5': 0.0, '6': 0.0, '7': 0.0, '8': 0.0, '9': 0.0}",1.0,local_threshold,nonvictim_mean_delta_tpr
0.0,0.0,0.0,10,nbaiot,1.0,0,10,0,0.2,False,0.0,0.0,nonvictim_worst_delta_tpr,0,"{'0': 0.0, '1': 0.0, '2': 0.0, '3': 0.0, '4': 0.0, '5': 0.0, '6': 0.0, '7': 0.0, '8': 0.0, '9': 0.0}",1.0,local_threshold,nonvictim_worst_delta_tpr
0.0,0.0,0.0,10,nbaiot,1.0,0,10,0,0.2,False,0.0,0.0,nonvictim_mean_delta_fpr,0,"{'0': 0.0, '1': 0.0, '2': 0.0, '3': 0.0, '4': 0.0, '5': 0.0, '6': 0.0, '7': 0.0, '8': 0.0, '9': 0.0}",1.0,local_threshold,nonvictim_mean_delta_fpr
0.0,0.0,0.0,10,nbaiot,1.0,0,10,0,0.2,False,0.0,0.0,nonvictim_worst_delta_fpr,0,"{'0': 0.0, '1': 0.0, '2': 0.0, '3': 0.0, '4': 0.0, '5': 0.0, '6': 0.0, '7': 0.0, '8': 0.0, '9': 0.0}",1.0,local_threshold,nonvictim_worst_delta_fpr
0.0,0.0,0.0,10,nbaiot,1.0,0,10,0,0.2,False,0.0,0.0,nonvictim_mean_delta_ba,0,"{'0': 0.0, '1': 0.0, '2': 0.0, '3': 0.0, '4': 0.0, '5': 0.0, '6': 0.0, '7': 0.0, '8': 0.0, '9': 0.0}",1.0,local_threshold,nonvictim_mean_delta_ba
0.0,0.0,0.0,10,nbaiot,1.0,0,10,0,0.2,False,0.0,0.0,nonvictim_mean_delta_macro_f1,0,"{'0': 0.0, '1': 0.0, '2': 0.0, '3': 0.0, '4': 0.0, '5': 0.0, '6': 0.0, '7': 0.0, '8': 0.0, '9': 0.0}",1.0,local_threshold,nonvictim_mean_delta_macro_f1
0.0,0.0,0.0,10,nbaiot,1.0,0,10,0,0.2,False,0.0,0.0,nonvictim_delta_fn_total,0,"{'0': 0.0, '1': 0.0, '2': 0.0, '3': 0.0, '4': 0.0, '5': 0.0, '6': 0.0, '7': 0.0, '8': 0.0, '9': 0.0}",1.0,local_threshold,nonvictim_delta_fn_total
0.0,0.0,0.0,10,nbaiot,1.0,0,10,0,0.2,False,0.0,0.0,nonvictim_delta_fp_total,0,"{'0': 0.0, '1': 0.0, '2': 0.0, '3': 0.0, '4': 0.0, '5': 0.0, '6': 0.0, '7': 0.0, '8': 0.0, '9': 0.0}",1.0,local_threshold,nonvictim_delta_fp_total
-2.8742569247736365e-05,4.59033327294628e-05,9.283338415814253e-06,10,nbaiot,0.376953125,6,10,6,0.2,False,9.283338415814253e-06,1.3994064199345884e-05,delta_mean_fpr,4,"{'0': -7.264680647654093e-05, '1': 2.2292796315715675e-05, '2': -7.274724904066495e-05, '3': 9.578739329746322e-05, '4': -6.290785409596156e-05, '5': 4.691272767916465e-05, '6': 8.43050403556353e-05, '7': 5.6248180993860586e-05, '8': -1.0106176953505555e-05, '9': 5.6953320829760924e-06}",0.6328125,local_threshold,delta_mean_fpr
-0.0008537902115199706,0.002095276161650303,0.000559674582131395,10,nbaiot,0.623046875,5,10,5,0.2,False,0.000559674582131395,-8.302712621986285e-06,delta_cv_fpr,5,"{'0': 0.005851119103392181, '1': -0.0002838523357850213, '2': -0.003357152142580718, '3': 0.0002672469105410487, '4': 0.0027127879690478176, '5': 0.0017848592457505338, '6': -0.0007605325607701268, '7': 0.0010618831767431058, '8': -0.0003947730404408323, '9': -0.0012848405045840382}",0.51953125,local_threshold,delta_cv_fpr
-0.00805300392206275,0.021625537653455897,0.004524071569007878,10,nbaiot,0.623046875,5,10,5,0.4,False,0.004524071569007878,5.497573985367863e-07,victim_delta_tpr,5,"{'0': 3.9894064385253495e-06, '1': 1.2848736217886526e-06, '2': -7.380073513616223e-06, '3': -2.2951932368872915e-07, '4': -2.5804615364808135e-06, '5': 0.07208511312564987, '6': 3.662883833675955e-06, '7': 2.289180054922587e-06, '8': -0.026845248366321503, '9': -1.8535882471507983e-07}",0.7421875,local_threshold,victim_delta_tpr
-0.000485920807087334,0.0007769154509014157,0.00018303780322173854,10,nbaiot,0.376953125,6,10,6,0.4,False,0.00018303780322173854,0.00037185884007904385,victim_delta_fpr,4,"{'0': 0.0013918423519364228, '1': 0.0008951281254494796, '2': -0.0019641376166665437, '3': -8.446395405285783e-05, '4': 0.00038162805899013625, '5': 0.0014314700095416379, '6': -0.0004785716037915285, '7': -0.0008838457465655744, '8': 0.0007792387862082617, '9': 0.0003620896211679514}",0.587890625,local_threshold,victim_delta_fpr
-6843.278055555555,6694.211388888889,-49.87777777777798,10,nbaiot,0.9453125,3,10,3,0.4,False,-49.87777777777798,-1.0555555555555556,victim_delta_fn,6,"{'0': -4.0, '1': -1.6666666666666667, '2': 4.444444444444445, '3': 0.0, '4': -0.4444444444444444, '5': -22809.222222222223, '6': -3.4444444444444446, '7': -1.8888888888888888, '8': 22317.11111111111, '9': 0.3333333333333333}",0.59765625,local_threshold,victim_delta_fn
-5.5780555555555535,1.411111111111111,-2.066666666666667,10,nbaiot,0.828125,4,10,4,0.4,False,-2.066666666666667,-2.222222222222222,victim_delta_fp,6,"{'0': 5.222222222222222, '1': 1.0, '2': -9.777777777777779, '3': -4.333333333333333, '4': -8.555555555555555, '5': 3.888888888888889, '6': -0.1111111111111111, '7': -8.333333333333334, '8': 5.222222222222222, '9': -4.888888888888889}",0.3125,local_threshold,victim_delta_fp
-0.004057606774914602,0.010612799463554558,0.002170516882893069,10,nbaiot,0.623046875,5,10,5,0.4,False,0.002170516882893069,-6.951013631586085e-05,victim_delta_ba,5,"{'0': -0.0006939264727489933, '1': -0.00044692162591384064, '2': 0.0009783787715764837, '3': 4.211721736457896e-05, '4': -0.00019210426026329398, '5': 0.03532682155805411, '6': 0.00024111724381259414, '7': 0.0004430674633102551, '8': -0.013812243576264907, '9': -0.00018113748999630067}",0.724609375,local_threshold,victim_delta_ba
-0.017981166712645883,0.02318639229228274,0.001740710441252755,10,nbaiot,0.828125,4,10,4,0.4,False,0.001740710441252755,-2.1311197475094087e-05,victim_delta_macro_f1,6,"{'0': -7.028578406159052e-05, '1': -9.258038737528877e-05, '2': 0.00021440130386046134, '3': -3.502717476616062e-06, '4': -3.911967747357211e-05, '5': 0.07724205116012484, '6': 8.826096722782302e-05, '7': 0.00028816080388494036, '8': -0.06006329200441648, '9': -0.00015698925176696774}",0.65625,local_threshold,victim_delta_macro_f1
0.0,0.0,0.0,10,nbaiot,1.0,0,10,0,0.4,False,0.0,0.0,nonvictim_mean_delta_tpr,0,"{'0': 0.0, '1': 0.0, '2': 0.0, '3': 0.0, '4': 0.0, '5': 0.0, '6': 0.0, '7': 0.0, '8': 0.0, '9': 0.0}",1.0,local_threshold,nonvictim_mean_delta_tpr
0.0,0.0,0.0,10,nbaiot,1.0,0,10,0,0.4,False,0.0,0.0,nonvictim_worst_delta_tpr,0,"{'0': 0.0, '1': 0.0, '2': 0.0, '3': 0.0, '4': 0.0, '5': 0.0, '6': 0.0, '7': 0.0, '8': 0.0, '9': 0.0}",1.0,local_threshold,nonvictim_worst_delta_tpr
0.0,0.0,0.0,10,nbaiot,1.0,0,10,0,0.4,False,0.0,0.0,nonvictim_mean_delta_fpr,0,"{'0': 0.0, '1': 0.0, '2': 0.0, '3': 0.0, '4': 0.0, '5': 0.0, '6': 0.0, '7': 0.0, '8': 0.0, '9': 0.0}",1.0,local_threshold,nonvictim_mean_delta_fpr
0.0,0.0,0.0,10,nbaiot,1.0,0,10,0,0.4,False,0.0,0.0,nonvictim_worst_delta_fpr,0,"{'0': 0.0, '1': 0.0, '2': 0.0, '3': 0.0, '4': 0.0, '5': 0.0, '6': 0.0, '7': 0.0, '8': 0.0, '9': 0.0}",1.0,local_threshold,nonvictim_worst_delta_fpr
0.0,0.0,0.0,10,nbaiot,1.0,0,10,0,0.4,False,0.0,0.0,nonvictim_mean_delta_ba,0,"{'0': 0.0, '1': 0.0, '2': 0.0, '3': 0.0, '4': 0.0, '5': 0.0, '6': 0.0, '7': 0.0, '8': 0.0, '9': 0.0}",1.0,local_threshold,nonvictim_mean_delta_ba
0.0,0.0,0.0,10,nbaiot,1.0,0,10,0,0.4,False,0.0,0.0,nonvictim_mean_delta_macro_f1,0,"{'0': 0.0, '1': 0.0, '2': 0.0, '3': 0.0, '4': 0.0, '5': 0.0, '6': 0.0, '7': 0.0, '8': 0.0, '9': 0.0}",1.0,local_threshold,nonvictim_mean_delta_macro_f1
0.0,0.0,0.0,10,nbaiot,1.0,0,10,0,0.4,False,0.0,0.0,nonvictim_delta_fn_total,0,"{'0': 0.0, '1': 0.0, '2': 0.0, '3': 0.0, '4': 0.0, '5': 0.0, '6': 0.0, '7': 0.0, '8': 0.0, '9': 0.0}",1.0,local_threshold,nonvictim_delta_fn_total
0.0,0.0,0.0,10,nbaiot,1.0,0,10,0,0.4,False,0.0,0.0,nonvictim_delta_fp_total,0,"{'0': 0.0, '1': 0.0, '2': 0.0, '3': 0.0, '4': 0.0, '5': 0.0, '6': 0.0, '7': 0.0, '8': 0.0, '9': 0.0}",1.0,local_threshold,nonvictim_delta_fp_total
-5.399120078748078e-05,8.632393898904595e-05,2.03375336913044e-05,10,nbaiot,0.376953125,6,10,6,0.4,False,2.03375336913044e-05,4.131764889766806e-05,delta_mean_fpr,4,"{'0': 0.00015464915021516106, '1': 9.94586806055e-05, '2': -0.0002182375129629522, '3': -9.384883783648515e-06, '4': 4.240311766556506e-05, '5': 0.0001590522232824024, '6': -5.317462264350462e-05, '7': -9.820508295172509e-05, '8': 8.658208735647484e-05, '9': 4.0232180129771054e-05}",0.587890625,local_threshold,delta_mean_fpr
-0.0021798490363130127,0.0017439001250950355,-0.00013297585330851897,10,nbaiot,0.376953125,6,10,6,0.4,False,-0.00013297585330851897,0.0015261498618822614,delta_cv_fpr,4,"{'0': -0.004313287426065194, '1': 0.0019917409328328427, '2': 0.0018174749238154665, '3': 0.0012348247999490562, '4': -0.002759331779627431, '5': 0.002977338754598386, '6': -0.002760402638309006, '7': -0.005704720971788683, '8': 0.0028642242076494673, '9': 0.0033223806638599065}",0.904296875,local_threshold,delta_cv_fpr
-0.10116195510365107,-0.04188607390075215,-0.06702638497259299,10,nbaiot,1.0,0,10,0,0.1,False,-0.06702638497259299,-0.05086227517334063,victim_delta_tpr,10,"{'0': -0.05087748553054374, '1': -0.023916990733253794, '2': -0.050858892230854866, '3': -0.05086163362974714, '4': -0.050862916716934124, '5': -0.023908243253578605, '6': -0.05087251959296882, '7': -0.19443519069573081, '8': -0.12282665917254396, '9': -0.05084331816977405}",0.001953125,local_threshold,victim_delta_tpr
-0.022138597330460693,-0.01999484564183976,-0.02087576468309394,10,nbaiot,1.0,0,10,0,0.1,False,-0.02087576468309394,-0.020341736631723617,victim_delta_fpr,10,"{'0': -0.020210554455876825, '1': -0.02587633943015168, '2': -0.019348708941137546, '3': -0.02137036662271104, '4': -0.021184572121493075, '5': -0.01975988269311272, '6': -0.0211517550695604, '7': -0.020472918807570413, '8': -0.01981014151870205, '9': -0.01957240717062366}",0.001953125,local_threshold,victim_delta_fpr
35368.985,58232.85722222223,46702.76666666666,10,nbaiot,0.0009765625,10,10,10,0.1,True,46702.76666666666,44237.16666666667,victim_delta_fn,0,"{'0': 44244.77777777778, '1': 22062.11111111111, '2': 44232.444444444445, '3': 44239.555555555555, '4': 44234.77777777778, '5': 22055.666666666668, '6': 44244.444444444445, '7': 90310.77777777778, '8': 67176.88888888889, '9': 44226.22222222222}",0.001953125,local_threshold,victim_delta_fn
-223.8777777777778,-207.26638888888888,-214.67777777777778,10,nbaiot,1.0,0,10,0,0.1,False,-214.67777777777778,-213.5,victim_delta_fp,10,"{'0': -211.66666666666666, '1': -249.77777777777777, '2': -198.11111111111111, '3': -215.33333333333334, '4': -202.44444444444446, '5': -218.11111111111111, '6': -219.55555555555554, '7': -211.44444444444446, '8': -215.88888888888889, '9': -204.44444444444446}",0.001953125,local_threshold,victim_delta_fp
-0.04043754356756145,-0.009883613788323083,-0.023075310144749527,10,nbaiot,0.9990234375,1,10,1,0.1,False,-0.023075310144749527,-0.015096923899518847,victim_delta_ba,9,"{'0': -0.015333465537333465, '1': 0.0009796743484489594, '2': -0.015755091644858665, '3': -0.014745633503518048, '4': -0.014839172297720507, '5': -0.002074180280232923, '6': -0.014860382261704226, '7': -0.0869811359440802, '8': -0.05150825882692097, '9': -0.015635455499575186}",0.00390625,local_threshold,victim_delta_ba
-0.15583708227135842,-0.08275449027670655,-0.11760311426083643,10,nbaiot,1.0,0,10,0,0.1,False,-0.11760311426083643,-0.10680376778839608,victim_delta_macro_f1,10,"{'0': -0.10679624556481986, '1': -0.04665924651838534, '2': -0.10695716166062735, '3': -0.1068112900119723, '4': -0.10676423082666825, '5': -0.04617551285085866, '6': -0.10692926707034295, '7': -0.25940218058114084, '8': -0.18281930470851315, '9': -0.10671670281503563}",0.001953125,local_threshold,victim_delta_macro_f1
0.0,0.0,0.0,10,nbaiot,1.0,0,10,0,0.1,False,0.0,0.0,nonvictim_mean_delta_tpr,0,"{'0': 0.0, '1': 0.0, '2': 0.0, '3': 0.0, '4': 0.0, '5': 0.0, '6': 0.0, '7': 0.0, '8': 0.0, '9': 0.0}",1.0,local_threshold,nonvictim_mean_delta_tpr
0.0,0.0,0.0,10,nbaiot,1.0,0,10,0,0.1,False,0.0,0.0,nonvictim_worst_delta_tpr,0,"{'0': 0.0, '1': 0.0, '2': 0.0, '3': 0.0, '4': 0.0, '5': 0.0, '6': 0.0, '7': 0.0, '8': 0.0, '9': 0.0}",1.0,local_threshold,nonvictim_worst_delta_tpr
0.0,0.0,0.0,10,nbaiot,1.0,0,10,0,0.1,False,0.0,0.0,nonvictim_mean_delta_fpr,0,"{'0': 0.0, '1': 0.0, '2': 0.0, '3': 0.0, '4': 0.0, '5': 0.0, '6': 0.0, '7': 0.0, '8': 0.0, '9': 0.0}",1.0,local_threshold,nonvictim_mean_delta_fpr
0.0,0.0,0.0,10,nbaiot,1.0,0,10,0,0.1,False,0.0,0.0,nonvictim_worst_delta_fpr,0,"{'0': 0.0, '1': 0.0, '2': 0.0, '3': 0.0, '4': 0.0, '5': 0.0, '6': 0.0, '7': 0.0, '8': 0.0, '9': 0.0}",1.0,local_threshold,nonvictim_worst_delta_fpr
0.0,0.0,0.0,10,nbaiot,1.0,0,10,0,0.1,False,0.0,0.0,nonvictim_mean_delta_ba,0,"{'0': 0.0, '1': 0.0, '2': 0.0, '3': 0.0, '4': 0.0, '5': 0.0, '6': 0.0, '7': 0.0, '8': 0.0, '9': 0.0}",1.0,local_threshold,nonvictim_mean_delta_ba
0.0,0.0,0.0,10,nbaiot,1.0,0,10,0,0.1,False,0.0,0.0,nonvictim_mean_delta_macro_f1,0,"{'0': 0.0, '1': 0.0, '2': 0.0, '3': 0.0, '4': 0.0, '5': 0.0, '6': 0.0, '7': 0.0, '8': 0.0, '9': 0.0}",1.0,local_threshold,nonvictim_mean_delta_macro_f1
0.0,0.0,0.0,10,nbaiot,1.0,0,10,0,0.1,False,0.0,0.0,nonvictim_delta_fn_total,0,"{'0': 0.0, '1': 0.0, '2': 0.0, '3': 0.0, '4': 0.0, '5': 0.0, '6': 0.0, '7': 0.0, '8': 0.0, '9': 0.0}",1.0,local_threshold,nonvictim_delta_fn_total
0.0,0.0,0.0,10,nbaiot,1.0,0,10,0,0.1,False,0.0,0.0,nonvictim_delta_fp_total,0,"{'0': 0.0, '1': 0.0, '2': 0.0, '3': 0.0, '4': 0.0, '5': 0.0, '6': 0.0, '7': 0.0, '8': 0.0, '9': 0.0}",1.0,local_threshold,nonvictim_delta_fp_total
-0.002459844147828966,-0.0022216495157599747,-0.00231952940923266,10,nbaiot,1.0,0,10,0,0.1,False,-0.00231952940923266,-0.002260192959080398,delta_mean_fpr,10,"{'0': -0.0022456171617640888, '1': -0.0028751488255724083, '2': -0.0021498565490152854, '3': -0.002374485180301224, '4': -0.002353841346832569, '5': -0.0021955425214569687, '6': -0.002350195007728937, '7': -0.0022747687563967074, '8': -0.00220112683541134, '9': -0.002174711907847074}",0.001953125,local_threshold,delta_mean_fpr
0.036674699138736076,0.04483916335648418,0.04086054898267226,10,nbaiot,0.0009765625,10,10,10,0.1,True,0.04086054898267226,0.04223116999556174,delta_cv_fpr,0,"{'0': 0.0436573908962383, '1': 0.051513777793741784, '2': 0.033333436073045675, '3': 0.044753963872934656, '4': 0.03334325484646398, '5': 0.04572517130452895, '6': 0.040804949094885176, '7': 0.02974563442316273, '8': 0.04668052173102135, '9': 0.03904738979070008}",0.001953125,local_threshold,delta_cv_fpr
-0.10757452795661351,-0.042811403330927575,-0.07008815536973051,10,nbaiot,1.0,0,10,0,0.2,False,-0.07008815536973051,-0.05090129065785941,victim_delta_tpr,10,"{'0': -0.050920537139658245, '1': -0.023959085881213354, '2': -0.050899702574974934, '3': -0.050910259592890215, '4': -0.05088916621502916, '5': -0.0239501399115995, '6': -0.05090287874074388, '7': -0.1944835441827117, '8': -0.15307534709599835, '9': -0.050890892362485826}",0.001953125,local_threshold,victim_delta_tpr
-0.02888692164429138,-0.02662513156643873,-0.027678678190470356,10,nbaiot,1.0,0,10,0,0.2,False,-0.027678678190470356,-0.027428318814927174,victim_delta_fpr,10,"{'0': -0.025984735854430813, '1': -0.031967826703399434, '2': -0.025650190487626418, '3': -0.028603317278729248, '4': -0.0273737460342265, '5': -0.02748289159562785, '6': -0.02795904669258914, '7': -0.029238909907254813, '8': -0.025628664825765552, '9': -0.02689745252505379}",0.001953125,local_threshold,victim_delta_fpr
35556.69472222222,65077.19166666668,49037.1,10,nbaiot,0.0009765625,10,10,10,0.2,True,49037.1,44254.944444444445,victim_delta_fn,0,"{'0': 44263.666666666664, '1': 22081.0, '2': 44251.77777777778, '3': 44262.666666666664, '4': 44248.11111111111, '5': 22078.0, '6': 44258.11111111111, '7': 90335.33333333333, '8': 90342.55555555556, '9': 44249.77777777778}",0.001953125,local_threshold,victim_delta_fn
-296.2444444444444,-278.5888888888889,-287.1222222222222,10,nbaiot,1.0,0,10,0,0.2,False,-287.1222222222222,-285.8888888888889,victim_delta_fp,10,"{'0': -275.6666666666667, '1': -312.8888888888889, '2': -268.0, '3': -291.6666666666667, '4': -271.55555555555554, '5': -297.0, '6': -289.44444444444446, '7': -305.6666666666667, '8': -282.3333333333333, '9': -277.0}",0.001953125,local_threshold,victim_delta_fp
-0.0400108352341944,-0.006968234223388348,-0.021204738589630075,10,nbaiot,0.9892578125,2,10,2,0.2,False,-0.021204738589630075,-0.01187721500455867,victim_delta_ba,8,"{'0': -0.012467900642613728, '1': 0.00400437041109304, '2': -0.012624756043674253, '3': -0.011153471157080454, '4': -0.011757710090401323, '5': 0.0017663758420141857, '6': -0.01147191602407739, '7': -0.08262231713772844, '8': -0.06372334113511641, '9': -0.011996719918716018}",0.0078125,local_threshold,victim_delta_ba
-0.16907790366310324,-0.0834491697005503,-0.12286692042496077,10,nbaiot,1.0,0,10,0,0.2,False,-0.12286692042496077,-0.1063444679275636,victim_delta_macro_f1,10,"{'0': -0.10637757608867217, '1': -0.046224996572509225, '2': -0.1064684098358452, '3': -0.10627445032909244, '4': -0.10631135976645502, '5': -0.04552392959790751, '6': -0.10642561090150368, '7': -0.258446556349544, '8': -0.24037933864803662, '9': -0.10623697616004184}",0.001953125,local_threshold,victim_delta_macro_f1
0.0,0.0,0.0,10,nbaiot,1.0,0,10,0,0.2,False,0.0,0.0,nonvictim_mean_delta_tpr,0,"{'0': 0.0, '1': 0.0, '2': 0.0, '3': 0.0, '4': 0.0, '5': 0.0, '6': 0.0, '7': 0.0, '8': 0.0, '9': 0.0}",1.0,local_threshold,nonvictim_mean_delta_tpr
0.0,0.0,0.0,10,nbaiot,1.0,0,10,0,0.2,False,0.0,0.0,nonvictim_worst_delta_tpr,0,"{'0': 0.0, '1': 0.0, '2': 0.0, '3': 0.0, '4': 0.0, '5': 0.0, '6': 0.0, '7': 0.0, '8': 0.0, '9': 0.0}",1.0,local_threshold,nonvictim_worst_delta_tpr
0.0,0.0,0.0,10,nbaiot,1.0,0,10,0,0.2,False,0.0,0.0,nonvictim_mean_delta_fpr,0,"{'0': 0.0, '1': 0.0, '2': 0.0, '3': 0.0, '4': 0.0, '5': 0.0, '6': 0.0, '7': 0.0, '8': 0.0, '9': 0.0}",1.0,local_threshold,nonvictim_mean_delta_fpr
0.0,0.0,0.0,10,nbaiot,1.0,0,10,0,0.2,False,0.0,0.0,nonvictim_worst_delta_fpr,0,"{'0': 0.0, '1': 0.0, '2': 0.0, '3': 0.0, '4': 0.0, '5': 0.0, '6': 0.0, '7': 0.0, '8': 0.0, '9': 0.0}",1.0,local_threshold,nonvictim_worst_delta_fpr
0.0,0.0,0.0,10,nbaiot,1.0,0,10,0,0.2,False,0.0,0.0,nonvictim_mean_delta_ba,0,"{'0': 0.0, '1': 0.0, '2': 0.0, '3': 0.0, '4': 0.0, '5': 0.0, '6': 0.0, '7': 0.0, '8': 0.0, '9': 0.0}",1.0,local_threshold,nonvictim_mean_delta_ba
0.0,0.0,0.0,10,nbaiot,1.0,0,10,0,0.2,False,0.0,0.0,nonvictim_mean_delta_macro_f1,0,"{'0': 0.0, '1': 0.0, '2': 0.0, '3': 0.0, '4': 0.0, '5': 0.0, '6': 0.0, '7': 0.0, '8': 0.0, '9': 0.0}",1.0,local_threshold,nonvictim_mean_delta_macro_f1
0.0,0.0,0.0,10,nbaiot,1.0,0,10,0,0.2,False,0.0,0.0,nonvictim_delta_fn_total,0,"{'0': 0.0, '1': 0.0, '2': 0.0, '3': 0.0, '4': 0.0, '5': 0.0, '6': 0.0, '7': 0.0, '8': 0.0, '9': 0.0}",1.0,local_threshold,nonvictim_delta_fn_total
0.0,0.0,0.0,10,nbaiot,1.0,0,10,0,0.2,False,0.0,0.0,nonvictim_delta_fp_total,0,"{'0': 0.0, '1': 0.0, '2': 0.0, '3': 0.0, '4': 0.0, '5': 0.0, '6': 0.0, '7': 0.0, '8': 0.0, '9': 0.0}",1.0,local_threshold,nonvictim_delta_fp_total
-0.003209657960476818,-0.002958347951826528,-0.00307540868783004,10,nbaiot,1.0,0,10,0,0.2,False,-0.00307540868783004,-0.003047590979436357,delta_mean_fpr,10,"{'0': -0.0028871928727145293, '1': -0.0035519807448221564, '2': -0.002850021165291826, '3': -0.0031781463643032488, '4': -0.0030415273371362833, '5': -0.003053654621736431, '6': -0.003106560743621018, '7': -0.0032487677674727508, '8': -0.002847629425085061, '9': -0.0029886058361170906}",0.001953125,local_threshold,delta_mean_fpr
0.06551292044227303,0.07679769497241454,0.07130068428758887,10,nbaiot,0.0009765625,10,10,10,0.2,True,0.07130068428758887,0.07175512333334366,delta_cv_fpr,0,"{'0': 0.07040615003167232, '1': 0.07952075442415991, '2': 0.05783221288546311, '3': 0.08228155997871014, '4': 0.058983505879989385, '5': 0.0835525473843586, '6': 0.07173889918081071, '7': 0.059443531179704384, '8': 0.07747633444514362, '9': 0.07177134748587662}",0.001953125,local_threshold,delta_cv_fpr
-0.11571084973405374,-0.042852317426784796,-0.07509037279067024,10,nbaiot,1.0,0,10,0,0.4,False,-0.07509037279067024,-0.050944258872414036,victim_delta_tpr,10,"{'0': -0.05096161211334839, '1': -0.023989558031631053, '2': -0.05094284053543632, '3': -0.07362375385230563, '4': -0.05092194950930054, '5': -0.023986343436915365, '6': -0.05094567720939175, '7': -0.1945410347157997, '8': -0.18007504263526075, '9': -0.05091591586731286}",0.001953125,local_threshold,victim_delta_tpr
-0.03503585118860198,-0.0327274232576641,-0.03378291884770979,10,nbaiot,1.0,0,10,0,0.4,False,-0.03378291884770979,-0.03320230057875868,victim_delta_fpr,10,"{'0': -0.03267166376653127, '1': -0.037940091948043556, '2': -0.03207102262176846, '3': -0.03407831205152176, '4': -0.033514077822778834, '5': -0.03289052333473852, '6': -0.03400939956129359, '7': -0.036471259256210954, '8': -0.03208388361731688, '9': -0.032098954496894094}",0.001953125,local_threshold,victim_delta_fpr
37624.52,71741.43027777778,53477.07777777778,10,nbaiot,0.0009765625,10,10,10,0.4,True,53477.07777777778,44283.61111111111,victim_delta_fn,0,"{'0': 44291.77777777778, '1': 22100.88888888889, '2': 44282.0, '3': 66256.66666666667, '4': 44266.333333333336, '5': 22099.444444444445, '6': 44285.22222222222, '7': 90376.33333333333, '8': 112546.33333333333, '9': 44265.77777777778}",0.001953125,local_threshold,victim_delta_fn
-354.7891666666667,-335.31055555555554,-344.7444444444444,10,nbaiot,1.0,0,10,0,0.4,False,-344.7444444444444,-341.16666666666663,victim_delta_fp,10,"{'0': -341.77777777777777, '1': -371.6666666666667, '2': -325.55555555555554, '3': -340.55555555555554, '4': -327.77777777777777, '5': -351.3333333333333, '6': -348.55555555555554, '7': -372.3333333333333, '8': -339.44444444444446, '9': -328.44444444444446}",0.001953125,local_threshold,victim_delta_fp
-0.04104557031975994,-0.004666230749023219,-0.020653726971480223,10,nbaiot,0.9892578125,2,10,2,0.4,False,-0.020653726971480223,-0.009276727429308969,victim_delta_ba,8,"{'0': -0.009144974173408574, '1': 0.006975266958206248, '2': -0.00943590895683392, '3': -0.019772720900391925, '4': -0.008703935843260865, '5': 0.00445208994891159, '6': -0.00846813882404909, '7': -0.07903488772979438, '8': -0.07399557950897195, '9': -0.009408480685209362}",0.017578125,local_threshold,victim_delta_ba
-0.1888468060172079,-0.08785200169483744,-0.13433402786058363,10,nbaiot,1.0,0,10,0,0.4,False,-0.13433402786058363,-0.10606491273797836,victim_delta_macro_f1,10,"{'0': -0.1060406206157918, '1': -0.045889628205643504, '2': -0.10614661075174572, '3': -0.16307984166379325, '4': -0.10592060327100211, '5': -0.04512438565787043, '6': -0.1060892048601649, '7': -0.2579939057241331, '8': -0.3010718078235585, '9': -0.10598367003213303}",0.001953125,local_threshold,victim_delta_macro_f1
0.0,0.0,0.0,10,nbaiot,1.0,0,10,0,0.4,False,0.0,0.0,nonvictim_mean_delta_tpr,0,"{'0': 0.0, '1': 0.0, '2': 0.0, '3': 0.0, '4': 0.0, '5': 0.0, '6': 0.0, '7': 0.0, '8': 0.0, '9': 0.0}",1.0,local_threshold,nonvictim_mean_delta_tpr
0.0,0.0,0.0,10,nbaiot,1.0,0,10,0,0.4,False,0.0,0.0,nonvictim_worst_delta_tpr,0,"{'0': 0.0, '1': 0.0, '2': 0.0, '3': 0.0, '4': 0.0, '5': 0.0, '6': 0.0, '7': 0.0, '8': 0.0, '9': 0.0}",1.0,local_threshold,nonvictim_worst_delta_tpr
0.0,0.0,0.0,10,nbaiot,1.0,0,10,0,0.4,False,0.0,0.0,nonvictim_mean_delta_fpr,0,"{'0': 0.0, '1': 0.0, '2': 0.0, '3': 0.0, '4': 0.0, '5': 0.0, '6': 0.0, '7': 0.0, '8': 0.0, '9': 0.0}",1.0,local_threshold,nonvictim_mean_delta_fpr
0.0,0.0,0.0,10,nbaiot,1.0,0,10,0,0.4,False,0.0,0.0,nonvictim_worst_delta_fpr,0,"{'0': 0.0, '1': 0.0, '2': 0.0, '3': 0.0, '4': 0.0, '5': 0.0, '6': 0.0, '7': 0.0, '8': 0.0, '9': 0.0}",1.0,local_threshold,nonvictim_worst_delta_fpr
0.0,0.0,0.0,10,nbaiot,1.0,0,10,0,0.4,False,0.0,0.0,nonvictim_mean_delta_ba,0,"{'0': 0.0, '1': 0.0, '2': 0.0, '3': 0.0, '4': 0.0, '5': 0.0, '6': 0.0, '7': 0.0, '8': 0.0, '9': 0.0}",1.0,local_threshold,nonvictim_mean_delta_ba
0.0,0.0,0.0,10,nbaiot,1.0,0,10,0,0.4,False,0.0,0.0,nonvictim_mean_delta_macro_f1,0,"{'0': 0.0, '1': 0.0, '2': 0.0, '3': 0.0, '4': 0.0, '5': 0.0, '6': 0.0, '7': 0.0, '8': 0.0, '9': 0.0}",1.0,local_threshold,nonvictim_mean_delta_macro_f1
0.0,0.0,0.0,10,nbaiot,1.0,0,10,0,0.4,False,0.0,0.0,nonvictim_delta_fn_total,0,"{'0': 0.0, '1': 0.0, '2': 0.0, '3': 0.0, '4': 0.0, '5': 0.0, '6': 0.0, '7': 0.0, '8': 0.0, '9': 0.0}",1.0,local_threshold,nonvictim_delta_fn_total
0.0,0.0,0.0,10,nbaiot,1.0,0,10,0,0.4,False,0.0,0.0,nonvictim_delta_fp_total,0,"{'0': 0.0, '1': 0.0, '2': 0.0, '3': 0.0, '4': 0.0, '5': 0.0, '6': 0.0, '7': 0.0, '8': 0.0, '9': 0.0}",1.0,local_threshold,nonvictim_delta_fp_total
-0.003892872354289107,-0.0036363803619626793,-0.003753657649745533,10,nbaiot,1.0,0,10,0,0.4,False,-0.003753657649745533,-0.003689144508750968,delta_mean_fpr,10,"{'0': -0.0036301848629479183, '1': -0.004215565772004837, '2': -0.0035634469579742772, '3': -0.0037864791168357487, '4': -0.0037237864247532094, '5': -0.003654502592748727, '6': -0.0037788221734770654, '7': -0.0040523621395789884, '8': -0.0035648759574796554, '9': -0.0035665504996549007}",0.001953125,local_threshold,delta_mean_fpr
0.09760223880418613,0.11064708109282514,0.10433777641119191,10,nbaiot,0.0009765625,10,10,10,0.4,True,0.10433777641119191,0.10635090801015532,delta_cv_fpr,0,"{'0': 0.10776788285334166, '1': 0.1110592208122908, '2': 0.08862384080863463, '3': 0.11488632932422134, '4': 0.08974714307293315, '5': 0.11652334383636138, '6': 0.10493393316696897, '7': 0.09123207850150918, '8': 0.11698432105722034, '9': 0.10161967067843769}",0.001953125,local_threshold,delta_cv_fpr
-0.008054081842576326,1.6695979640379523e-06,-0.002684323272028266,10,nbaiot,0.623046875,5,10,5,0.1,False,-0.002684323272028266,-6.475891805610454e-07,victim_delta_tpr,5,"{'0': 1.8069824700366826e-06, '1': -2.8701552482036775e-06, '2': -1.440016563171288e-06, '3': 2.4304472613491235e-08, '4': -1.319482833735582e-06, '5': -3.034165982401187e-06, '6': 7.157407366601791e-06, '7': 6.682989199443176e-07, '8': -0.026845346707518345, '9': 1.120814633998663e-06}",0.5703125,local_threshold,victim_delta_tpr
-0.00023728578096063118,0.00033094729428926234,6.269783945644506e-05,10,nbaiot,0.376953125,6,10,6,0.1,False,6.269783945644506e-05,0.00010354000527530678,victim_delta_fpr,4,"{'0': 0.0004768669319195548, '1': -0.0009845080941538226, '2': -7.285354763789552e-05, '3': 0.00010055793965706431, '4': -0.00017268941926743884, '5': 0.00044563038173416096, '6': 0.0003007007969739238, '7': 0.00010652207089354923, '8': -0.00032009380631418526, '9': 0.0007468451407595397}",0.697265625,local_threshold,victim_delta_fpr
-0.9555555555555555,6695.433611111112,2231.677777777778,10,nbaiot,0.623046875,5,10,5,0.1,False,2231.677777777778,0.6111111111111112,victim_delta_fn,5,"{'0': -1.5555555555555556, '1': 2.5555555555555554, '2': 1.4444444444444444, '3': -0.2222222222222222, '4': 1.4444444444444444, '5': 2.5555555555555554, '6': -4.222222222222222, '7': -0.5555555555555556, '8': 22316.444444444445, '9': -1.1111111111111112}",0.490234375,local_threshold,victim_delta_fn
-0.5444444444444445,2.7444444444444445,0.9666666666666668,10,nbaiot,0.376953125,6,10,6,0.1,False,0.9666666666666668,0.7222222222222222,victim_delta_fp,3,"{'0': 4.222222222222222, '1': -3.0, '2': -0.3333333333333333, '3': 1.0, '4': 1.1111111111111112, '5': 0.0, '6': 0.6666666666666666, '7': 0.7777777777777778, '8': -1.5555555555555556, '9': 6.777777777777778}",0.32421875,local_threshold,victim_delta_fp
-0.004070092610042511,5.6231879865295833e-05,-0.0013735105557423498,10,nbaiot,0.9453125,3,10,3,0.1,False,-0.0013735105557423498,-9.984929039523009e-05,victim_delta_ba,7,"{'0': -0.00023752997472477796, '1': 0.0004908189694528368, '2': 3.570676553736144e-05, '3': -5.0266817592212495e-05, '4': 8.56849682168765e-05, '5': -0.00022433227385828167, '6': -0.00014677169480365522, '7': -5.292688598680496e-05, '8': -0.013262626450602104, '9': -0.00037286216306273466}",0.279296875,local_threshold,victim_delta_ba
-0.017989597666176835,-2.007343167702991e-05,-0.006023902498988052,10,nbaiot,0.9892578125,2,10,2,0.1,False,-0.006023902498988052,-5.4312127087532654e-05,victim_delta_macro_f1,8,"{'0': -1.5220259126819741e-05, '1': 1.5334577434763148e-05, '2': -0.00012703575675243606, '3': -3.7595132588799344e-05, '4': -9.464865625320575e-06, '5': -0.0001527934137115926, '6': -7.353557333319068e-05, '7': 4.254974401925645e-05, '8': -0.05981023518861011, '9': -7.102912158626597e-05}",0.03125,local_threshold,victim_delta_macro_f1
0.0,0.0,0.0,10,nbaiot,1.0,0,10,0,0.1,False,0.0,0.0,nonvictim_mean_delta_tpr,0,"{'0': 0.0, '1': 0.0, '2': 0.0, '3': 0.0, '4': 0.0, '5': 0.0, '6': 0.0, '7': 0.0, '8': 0.0, '9': 0.0}",1.0,local_threshold,nonvictim_mean_delta_tpr
0.0,0.0,0.0,10,nbaiot,1.0,0,10,0,0.1,False,0.0,0.0,nonvictim_worst_delta_tpr,0,"{'0': 0.0, '1': 0.0, '2': 0.0, '3': 0.0, '4': 0.0, '5': 0.0, '6': 0.0, '7': 0.0, '8': 0.0, '9': 0.0}",1.0,local_threshold,nonvictim_worst_delta_tpr
0.0,0.0,0.0,10,nbaiot,1.0,0,10,0,0.1,False,0.0,0.0,nonvictim_mean_delta_fpr,0,"{'0': 0.0, '1': 0.0, '2': 0.0, '3': 0.0, '4': 0.0, '5': 0.0, '6': 0.0, '7': 0.0, '8': 0.0, '9': 0.0}",1.0,local_threshold,nonvictim_mean_delta_fpr
0.0,0.0,0.0,10,nbaiot,1.0,0,10,0,0.1,False,0.0,0.0,nonvictim_worst_delta_fpr,0,"{'0': 0.0, '1': 0.0, '2': 0.0, '3': 0.0, '4': 0.0, '5': 0.0, '6': 0.0, '7': 0.0, '8': 0.0, '9': 0.0}",1.0,local_threshold,nonvictim_worst_delta_fpr
0.0,0.0,0.0,10,nbaiot,1.0,0,10,0,0.1,False,0.0,0.0,nonvictim_mean_delta_ba,0,"{'0': 0.0, '1': 0.0, '2': 0.0, '3': 0.0, '4': 0.0, '5': 0.0, '6': 0.0, '7': 0.0, '8': 0.0, '9': 0.0}",1.0,local_threshold,nonvictim_mean_delta_ba
0.0,0.0,0.0,10,nbaiot,1.0,0,10,0,0.1,False,0.0,0.0,nonvictim_mean_delta_macro_f1,0,"{'0': 0.0, '1': 0.0, '2': 0.0, '3': 0.0, '4': 0.0, '5': 0.0, '6': 0.0, '7': 0.0, '8': 0.0, '9': 0.0}",1.0,local_threshold,nonvictim_mean_delta_macro_f1
0.0,0.0,0.0,10,nbaiot,1.0,0,10,0,0.1,False,0.0,0.0,nonvictim_delta_fn_total,0,"{'0': 0.0, '1': 0.0, '2': 0.0, '3': 0.0, '4': 0.0, '5': 0.0, '6': 0.0, '7': 0.0, '8': 0.0, '9': 0.0}",1.0,local_threshold,nonvictim_delta_fn_total
0.0,0.0,0.0,10,nbaiot,1.0,0,10,0,0.1,False,0.0,0.0,nonvictim_delta_fp_total,0,"{'0': 0.0, '1': 0.0, '2': 0.0, '3': 0.0, '4': 0.0, '5': 0.0, '6': 0.0, '7': 0.0, '8': 0.0, '9': 0.0}",1.0,local_threshold,nonvictim_delta_fp_total
-2.6365086773403803e-05,3.6771921587695274e-05,6.966426606271059e-06,10,nbaiot,0.376953125,6,10,6,0.1,False,6.966426606271059e-06,1.1504445030591997e-05,delta_mean_fpr,4,"{'0': 5.298521465772985e-05, '1': -0.00010938978823931165, '2': -8.094838626434656e-06, '3': 1.1173104406342492e-05, '4': -1.9187713251942833e-05, '5': 4.9514486859348864e-05, '6': 3.341119966376794e-05, '7': 1.1835785654841502e-05, '8': -3.556597847935593e-05, '9': 8.2982793417725e-05}",0.697265625,local_threshold,delta_mean_fpr
-0.0007430605671038337,0.0013266223744100628,0.0002530945245897161,10,nbaiot,0.376953125,6,10,6,0.1,False,0.0002530945245897161,7.869254849699531e-05,delta_cv_fpr,4,"{'0': -0.0014307946798710737, '1': -0.0012077694379220942, '2': 0.0033192379710979855, '3': 6.850044495414364e-05, '4': 0.00036842808229161885, '5': 0.002442868405905031, '6': -0.002365734689147118, '7': -0.00011138909052281642, '8': 8.888465203984699e-05, '9': 0.0013587135870716373}",0.638671875,local_threshold,delta_cv_fpr
-0.008053200942910555,0.008055770877040189,1.109456808226533e-06,10,nbaiot,0.0546875,8,10,8,0.2,True,1.109456808226533e-06,1.0917331753099476e-06,victim_delta_tpr,2,"{'0': -2.7018028810949565e-06, '1': 0.026851104753648634, '2': 1.5325307659698318e-06, '3': 4.568379851386004e-07, '4': 4.5456444277188385e-07, '5': 8.674865898764909e-07, '6': 3.132071955273356e-06, '7': 1.4996331499557887e-06, '8': -0.026846567487335, '9': 1.3159797607434044e-06}",0.55078125,local_threshold,victim_delta_tpr
-2.7998843270203478e-05,0.0006144190129397846,0.0003186976910141347,10,nbaiot,0.0546875,8,10,8,0.2,True,0.0003186976910141347,0.00035690228490936816,victim_delta_fpr,2,"{'0': -0.0008932340333468011, '1': 0.0008498568433548685, '2': 0.0008177089066713948, '3': 8.923678283529569e-05, '4': 0.00040197129962986393, '5': 0.0003259471437337306, '6': 0.0009757416605142574, '7': 0.0003121732988489025, '8': -8.02824181851711e-05, '9': 0.00038785742608500574}",0.1015625,local_threshold,victim_delta_fpr
-6696.533333333335,6694.9333333333325,-0.5888888888888484,10,nbaiot,0.9453125,3,10,3,0.2,False,-0.5888888888888484,-0.5555555555555556,victim_delta_fn,7,"{'0': 1.7777777777777777, '1': -22321.444444444445, '2': -0.5555555555555556, '3': -0.5555555555555556, '4': -0.2222222222222222, '5': 0.2222222222222222, '6': -0.8888888888888888, '7': -0.5555555555555556, '8': 22317.444444444445, '9': -1.1111111111111112}",0.62890625,local_threshold,victim_delta_fn
-1.0666666666666664,2.7333333333333334,1.1444444444444444,10,nbaiot,0.0546875,8,10,8,0.2,True,1.1444444444444444,2.0555555555555554,victim_delta_fp,2,"{'0': -7.333333333333333, '1': 1.7777777777777777, '2': 3.7777777777777777, '3': 0.3333333333333333, '4': 3.5555555555555554, '5': 1.8888888888888888, '6': 2.888888888888889, '7': -0.6666666666666666, '8': 2.2222222222222223, '9': 3.0}",0.310546875,local_threshold,victim_delta_fp
-0.004105897699572882,0.0037603941629927393,-0.00015879411710294485,10,nbaiot,0.9892578125,2,10,2,0.2,False,-0.00015879411710294485,-0.00017790527586700498,victim_delta_ba,8,"{'0': 0.0004452661152328415, '1': 0.013000623955146883, '2': -0.0004080881879527314, '3': -4.438997242506293e-05, '4': -0.00020075836759351576, '5': -0.00016253982857188868, '6': -0.00048630479427948085, '7': -0.0001553368328494558, '8': -0.013383142534574918, '9': -0.00019327072316212125}",0.55078125,local_threshold,victim_delta_ba
-0.018019172845182802,0.017897727307130275,-6.414677505142006e-05,10,nbaiot,0.9453125,3,10,3,0.2,False,-6.414677505142006e-05,-7.99624835888092e-05,victim_delta_macro_f1,7,"{'0': 6.526794650221459e-05, '1': 0.059864666461142635, '2': -0.0001585802219571448, '3': -3.797029509509479e-05, '4': -0.00010470594634584242, '5': -5.521902083177599e-05, '6': -0.00021077711618531594, '7': -0.00011204373981403097, '8': -0.05991851025635753, '9': 2.640443842767527e-05}",0.51953125,local_threshold,victim_delta_macro_f1
0.0,0.0,0.0,10,nbaiot,1.0,0,10,0,0.2,False,0.0,0.0,nonvictim_mean_delta_tpr,0,"{'0': 0.0, '1': 0.0, '2': 0.0, '3': 0.0, '4': 0.0, '5': 0.0, '6': 0.0, '7': 0.0, '8': 0.0, '9': 0.0}",1.0,local_threshold,nonvictim_mean_delta_tpr
0.0,0.0,0.0,10,nbaiot,1.0,0,10,0,0.2,False,0.0,0.0,nonvictim_worst_delta_tpr,0,"{'0': 0.0, '1': 0.0, '2': 0.0, '3': 0.0, '4': 0.0, '5': 0.0, '6': 0.0, '7': 0.0, '8': 0.0, '9': 0.0}",1.0,local_threshold,nonvictim_worst_delta_tpr
0.0,0.0,0.0,10,nbaiot,1.0,0,10,0,0.2,False,0.0,0.0,nonvictim_mean_delta_fpr,0,"{'0': 0.0, '1': 0.0, '2': 0.0, '3': 0.0, '4': 0.0, '5': 0.0, '6': 0.0, '7': 0.0, '8': 0.0, '9': 0.0}",1.0,local_threshold,nonvictim_mean_delta_fpr
0.0,0.0,0.0,10,nbaiot,1.0,0,10,0,0.2,False,0.0,0.0,nonvictim_worst_delta_fpr,0,"{'0': 0.0, '1': 0.0, '2': 0.0, '3': 0.0, '4': 0.0, '5': 0.0, '6': 0.0, '7': 0.0, '8': 0.0, '9': 0.0}",1.0,local_threshold,nonvictim_worst_delta_fpr
0.0,0.0,0.0,10,nbaiot,1.0,0,10,0,0.2,False,0.0,0.0,nonvictim_mean_delta_ba,0,"{'0': 0.0, '1': 0.0, '2': 0.0, '3': 0.0, '4': 0.0, '5': 0.0, '6': 0.0, '7': 0.0, '8': 0.0, '9': 0.0}",1.0,local_threshold,nonvictim_mean_delta_ba
0.0,0.0,0.0,10,nbaiot,1.0,0,10,0,0.2,False,0.0,0.0,nonvictim_mean_delta_macro_f1,0,"{'0': 0.0, '1': 0.0, '2': 0.0, '3': 0.0, '4': 0.0, '5': 0.0, '6': 0.0, '7': 0.0, '8': 0.0, '9': 0.0}",1.0,local_threshold,nonvictim_mean_delta_macro_f1
0.0,0.0,0.0,10,nbaiot,1.0,0,10,0,0.2,False,0.0,0.0,nonvictim_delta_fn_total,0,"{'0': 0.0, '1': 0.0, '2': 0.0, '3': 0.0, '4': 0.0, '5': 0.0, '6': 0.0, '7': 0.0, '8': 0.0, '9': 0.0}",1.0,local_threshold,nonvictim_delta_fn_total
0.0,0.0,0.0,10,nbaiot,1.0,0,10,0,0.2,False,0.0,0.0,nonvictim_delta_fp_total,0,"{'0': 0.0, '1': 0.0, '2': 0.0, '3': 0.0, '4': 0.0, '5': 0.0, '6': 0.0, '7': 0.0, '8': 0.0, '9': 0.0}",1.0,local_threshold,nonvictim_delta_fp_total
-3.110982585577902e-06,6.826877921553131e-05,3.541085455712598e-05,10,nbaiot,0.0546875,8,10,8,0.2,True,3.541085455712598e-05,3.9655809434372473e-05,delta_mean_fpr,2,"{'0': -9.924822592741883e-05, '1': 9.44285381505409e-05, '2': 9.085654518570703e-05, '3': 9.915198092812216e-06, '4': 4.466347773664919e-05, '5': 3.6216349303745834e-05, '6': 0.00010841574005713885, '7': 3.4685922094326395e-05, '8': -8.92026868724089e-06, '9': 4.309526956499912e-05}",0.1015625,local_threshold,delta_mean_fpr
-0.00014851237917706028,0.0006902169706798042,0.00029301061140733065,10,nbaiot,0.171875,7,10,7,0.2,False,0.00029301061140733065,0.0004298909497971367,delta_cv_fpr,3,"{'0': -0.00026453070853148393, '1': 0.0008045756759498936, '2': 0.0006434620477793627, '3': 0.0007549558976031231, '4': -0.0003267757806505394, '5': 0.00015953639864232618, '6': 0.001386701567164614, '7': 0.00036700162622652386, '8': 0.0004927802733677495, '9': -0.001087600883478263}",0.220703125,local_threshold,delta_cv_fpr
-0.008054139294665825,0.008055708103752938,6.761129360487789e-07,10,nbaiot,0.623046875,5,10,5,0.4,False,6.761129360487789e-07,-3.613954393830474e-07,victim_delta_tpr,5,"{'0': -7.591639133256815e-07, '1': 2.9124560173935756e-06, '2': 0.02685146725138165, '3': -3.1504816351341566e-06, '4': 3.6373034559586713e-08, '5': -1.4889157779350725e-06, '6': -9.679699177324153e-07, '7': 2.6959112841624175e-06, '8': -0.02684861407596115, '9': 4.629744848001e-06}",0.69921875,local_threshold,victim_delta_tpr
-0.0005765249895307979,0.0007266950378787178,1.7902730562653368e-05,10,nbaiot,0.828125,4,10,4,0.4,False,1.7902730562653368e-05,-0.00028923425969655254,victim_delta_fpr,6,"{'0': -0.00017570013252153396, '1': -0.001222316430727369, '2': 0.0024510602998996356, '3': 4.098382306542815e-05, '4': -0.0009839392210188997, '5': 0.0009651337428017005, '6': -0.0007398070963846389, '7': -0.00040276838687157115, '8': -0.0004045209964971302, '9': 0.0006509017038809123}",0.96484375,local_threshold,victim_delta_fpr
-6696.733611111111,6695.422222222223,-0.5333333333330504,10,nbaiot,0.376953125,6,10,6,0.4,False,-0.5333333333330504,0.6111111111111112,victim_delta_fn,4,"{'0': 1.2222222222222223, '1': -2.4444444444444446, '2': -22321.777777777777, '3': 2.4444444444444446, '4': 0.6666666666666666, '5': 0.8888888888888888, '6': 0.5555555555555556, '7': -2.2222222222222223, '8': 22319.222222222223, '9': -3.888888888888889}",0.716796875,local_threshold,victim_delta_fn
-0.17777777777777776,5.333611111111106,2.477777777777778,10,nbaiot,0.171875,7,10,7,0.4,False,2.477777777777778,1.2777777777777777,victim_delta_fp,3,"{'0': 1.4444444444444444, '1': -3.2222222222222223, '2': 9.555555555555555, '3': 4.888888888888889, '4': 1.1111111111111112, '5': 10.0, '6': -1.3333333333333333, '7': 1.0, '8': -3.111111111111111, '9': 4.444444444444445}",0.14453125,local_threshold,victim_delta_fp
-0.003879167576081526,0.003690434002102542,-8.613308813307529e-06,10,nbaiot,0.376953125,6,10,6,0.4,False,-8.613308813307529e-06,0.00014510131669097525,victim_delta_ba,4,"{'0': 8.747048430409372e-05, '1': 0.0006126144433723995, '2': 0.012200203475740986, '3': -2.2067152350276526e-05, '4': 0.0004919877970267371, '5': -0.0004833113292898286, '6': 0.00036941956323344183, '7': 0.00020273214907785676, '8': -0.013222046539732024, '9': -0.00032313597951646084}",0.982421875,local_threshold,victim_delta_ba
-0.017930116126177165,0.01792652252340392,1.911370267984618e-05,10,nbaiot,0.376953125,6,10,6,0.4,False,1.911370267984618e-05,2.2522252820135326e-05,victim_delta_macro_f1,4,"{'0': 2.0779725897393212e-05, '1': 2.426477974287744e-05, '2': 0.05971847650149277, '3': -7.211296671285246e-05, '4': 0.0001535061442185823, '5': -0.00021097139136716514, '6': 8.22579370067738e-05, '7': 0.0003593217063283465, '8': -0.05985834535491011, '9': -2.6040054898158872e-05}",0.86328125,local_threshold,victim_delta_macro_f1
0.0,0.0,0.0,10,nbaiot,1.0,0,10,0,0.4,False,0.0,0.0,nonvictim_mean_delta_tpr,0,"{'0': 0.0, '1': 0.0, '2': 0.0, '3': 0.0, '4': 0.0, '5': 0.0, '6': 0.0, '7': 0.0, '8': 0.0, '9': 0.0}",1.0,local_threshold,nonvictim_mean_delta_tpr
0.0,0.0,0.0,10,nbaiot,1.0,0,10,0,0.4,False,0.0,0.0,nonvictim_worst_delta_tpr,0,"{'0': 0.0, '1': 0.0, '2': 0.0, '3': 0.0, '4': 0.0, '5': 0.0, '6': 0.0, '7': 0.0, '8': 0.0, '9': 0.0}",1.0,local_threshold,nonvictim_worst_delta_tpr
0.0,0.0,0.0,10,nbaiot,1.0,0,10,0,0.4,False,0.0,0.0,nonvictim_mean_delta_fpr,0,"{'0': 0.0, '1': 0.0, '2': 0.0, '3': 0.0, '4': 0.0, '5': 0.0, '6': 0.0, '7': 0.0, '8': 0.0, '9': 0.0}",1.0,local_threshold,nonvictim_mean_delta_fpr
0.0,0.0,0.0,10,nbaiot,1.0,0,10,0,0.4,False,0.0,0.0,nonvictim_worst_delta_fpr,0,"{'0': 0.0, '1': 0.0, '2': 0.0, '3': 0.0, '4': 0.0, '5': 0.0, '6': 0.0, '7': 0.0, '8': 0.0, '9': 0.0}",1.0,local_threshold,nonvictim_worst_delta_fpr
0.0,0.0,0.0,10,nbaiot,1.0,0,10,0,0.4,False,0.0,0.0,nonvictim_mean_delta_ba,0,"{'0': 0.0, '1': 0.0, '2': 0.0, '3': 0.0, '4': 0.0, '5': 0.0, '6': 0.0, '7': 0.0, '8': 0.0, '9': 0.0}",1.0,local_threshold,nonvictim_mean_delta_ba
0.0,0.0,0.0,10,nbaiot,1.0,0,10,0,0.4,False,0.0,0.0,nonvictim_mean_delta_macro_f1,0,"{'0': 0.0, '1': 0.0, '2': 0.0, '3': 0.0, '4': 0.0, '5': 0.0, '6': 0.0, '7': 0.0, '8': 0.0, '9': 0.0}",1.0,local_threshold,nonvictim_mean_delta_macro_f1
0.0,0.0,0.0,10,nbaiot,1.0,0,10,0,0.4,False,0.0,0.0,nonvictim_delta_fn_total,0,"{'0': 0.0, '1': 0.0, '2': 0.0, '3': 0.0, '4': 0.0, '5': 0.0, '6': 0.0, '7': 0.0, '8': 0.0, '9': 0.0}",1.0,local_threshold,nonvictim_delta_fn_total
0.0,0.0,0.0,10,nbaiot,1.0,0,10,0,0.4,False,0.0,0.0,nonvictim_delta_fp_total,0,"{'0': 0.0, '1': 0.0, '2': 0.0, '3': 0.0, '4': 0.0, '5': 0.0, '6': 0.0, '7': 0.0, '8': 0.0, '9': 0.0}",1.0,local_threshold,nonvictim_delta_fp_total
-6.405833217008944e-05,8.074389309763439e-05,1.9891922847392115e-06,10,nbaiot,0.828125,4,10,4,0.4,False,1.9891922847392115e-06,-3.213713996627814e-05,delta_mean_fpr,6,"{'0': -1.952223694683351e-05, '1': -0.00013581293674748342, '2': 0.00027234003332217736, '3': 4.553758118382619e-06, '4': -0.00010932658011321582, '5': 0.00010723708253352091, '6': -8.220078848718359e-05, '7': -4.4752042985722764e-05, '8': -4.494677738857114e-05, '9': 7.232241154232149e-05}",0.96484375,local_threshold,delta_mean_fpr
-0.0021017069692360183,0.00018390200516588085,-0.0008907637712224617,10,nbaiot,0.623046875,5,10,5,0.4,False,-0.0008907637712224617,-0.0005172700341907445,delta_cv_fpr,5,"{'0': -0.0017595088611857175, '1': -0.004797493273626601, '2': 0.0005210892481437517, '3': 0.0010523602472362367, '4': -0.0013767068087854944, '5': 0.0002250675116931802, '6': 0.0005626066041073963, '7': -0.0032382071751660166, '8': 0.0011627623754333165, '9': -0.0012596075800746693}",0.203125,local_threshold,delta_cv_fpr
