run_id,seed,stage,policy,client_id,metric,saved_value,recomputed_value,abs_diff,status
nbaiot_main_global_threshold_seed2,2,nbaiot_main,global_threshold,Danmini_Doorbell,fpr,0.042259836341217355,0.042259836341217355,0.0,PASS
nbaiot_main_global_threshold_seed2,2,nbaiot_main,global_threshold,Danmini_Doorbell,tpr,1.0,1.0,0.0,PASS
nbaiot_main_global_threshold_seed2,2,nbaiot_main,global_threshold,Danmini_Doorbell,balanced_accuracy,0.9788700818293914,0.9788700818293914,0.0,PASS
nbaiot_main_global_threshold_seed2,2,nbaiot_main,global_threshold,Danmini_Doorbell,macro_f1,0.9891097140039204,0.9891097140039204,0.0,PASS
nbaiot_main_global_threshold_seed2,2,nbaiot_main,global_threshold,Ecobee_Thermostat,fpr,0.04572396274343776,0.04572396274343776,0.0,PASS
nbaiot_main_global_threshold_seed2,2,nbaiot_main,global_threshold,Ecobee_Thermostat,tpr,0.9999769070801677,0.9999769070801677,0.0,PASS
nbaiot_main_global_threshold_seed2,2,nbaiot_main,global_threshold,Ecobee_Thermostat,balanced_accuracy,0.977126472168365,0.977126472168365,0.0,PASS
nbaiot_main_global_threshold_seed2,2,nbaiot_main,global_threshold,Ecobee_Thermostat,macro_f1,0.986261304727718,0.986261304727718,0.0,PASS
nbaiot_main_global_threshold_seed2,2,nbaiot_main,global_threshold,Ennio_Doorbell,fpr,0.02912759306621199,0.02912759306621199,0.0,PASS
nbaiot_main_global_threshold_seed2,2,nbaiot_main,global_threshold,Ennio_Doorbell,tpr,0.35118520859671304,0.35118520859671304,0.0,PASS
nbaiot_main_global_threshold_seed2,2,nbaiot_main,global_threshold,Ennio_Doorbell,balanced_accuracy,0.6610288077652505,0.6610288077652505,0.0,PASS
nbaiot_main_global_threshold_seed2,2,nbaiot_main,global_threshold,Ennio_Doorbell,macro_f1,0.29096314217205965,0.29096314217205965,0.0,PASS
nbaiot_main_global_threshold_seed2,2,nbaiot_main,global_threshold,Philips_B120N10_Baby_Monitor,fpr,0.012395384225209232,0.012395384225209232,0.0,PASS
nbaiot_main_global_threshold_seed2,2,nbaiot_main,global_threshold,Philips_B120N10_Baby_Monitor,tpr,0.7852057043414982,0.7852057043414982,0.0,PASS
nbaiot_main_global_threshold_seed2,2,nbaiot_main,global_threshold,Philips_B120N10_Baby_Monitor,balanced_accuracy,0.8864051600581444,0.8864051600581444,0.0,PASS
nbaiot_main_global_threshold_seed2,2,nbaiot_main,global_threshold,Philips_B120N10_Baby_Monitor,macro_f1,0.559075286371336,0.559075286371336,0.0,PASS
nbaiot_main_global_threshold_seed2,2,nbaiot_main,global_threshold,Provision_PT_737E_Security_Camera,fpr,0.0032171581769436996,0.0032171581769436996,0.0,PASS
nbaiot_main_global_threshold_seed2,2,nbaiot_main,global_threshold,Provision_PT_737E_Security_Camera,tpr,0.7279345155892265,0.7279345155892265,0.0,PASS
nbaiot_main_global_threshold_seed2,2,nbaiot_main,global_threshold,Provision_PT_737E_Security_Camera,balanced_accuracy,0.8623586787061415,0.8623586787061415,0.0,PASS
nbaiot_main_global_threshold_seed2,2,nbaiot_main,global_threshold,Provision_PT_737E_Security_Camera,macro_f1,0.4695957003752919,0.4695957003752919,0.0,PASS
nbaiot_main_global_threshold_seed2,2,nbaiot_main,global_threshold,Provision_PT_838_Security_Camera,fpr,0.0028758317356490357,0.0028758317356490357,0.0,PASS
nbaiot_main_global_threshold_seed2,2,nbaiot_main,global_threshold,Provision_PT_838_Security_Camera,tpr,0.7372561713054442,0.7372561713054442,0.0,PASS
nbaiot_main_global_threshold_seed2,2,nbaiot_main,global_threshold,Provision_PT_838_Security_Camera,balanced_accuracy,0.8671901697848976,0.8671901697848976,0.0,PASS
nbaiot_main_global_threshold_seed2,2,nbaiot_main,global_threshold,Provision_PT_838_Security_Camera,macro_f1,0.501439421893721,0.501439421893721,0.0,PASS
nbaiot_main_global_threshold_seed2,2,nbaiot_main,global_threshold,Samsung_SNH_1011_N_Webcam,fpr,0.05752023860247124,0.05752023860247124,0.0,PASS
nbaiot_main_global_threshold_seed2,2,nbaiot_main,global_threshold,Samsung_SNH_1011_N_Webcam,tpr,0.9999411895800316,0.9999411895800316,0.0,PASS
nbaiot_main_global_threshold_seed2,2,nbaiot_main,global_threshold,Samsung_SNH_1011_N_Webcam,balanced_accuracy,0.9712104754887803,0.9712104754887803,0.0,PASS
nbaiot_main_global_threshold_seed2,2,nbaiot_main,global_threshold,Samsung_SNH_1011_N_Webcam,macro_f1,0.984256908657968,0.984256908657968,0.0,PASS
nbaiot_main_global_threshold_seed2,2,nbaiot_main,global_threshold,SimpleHome_XCS7_1002_WHT_Security_Camera,fpr,0.12865148444020508,0.12865148444020508,0.0,PASS
nbaiot_main_global_threshold_seed2,2,nbaiot_main,global_threshold,SimpleHome_XCS7_1002_WHT_Security_Camera,tpr,0.7641545137549283,0.7641545137549283,0.0,PASS
nbaiot_main_global_threshold_seed2,2,nbaiot_main,global_threshold,SimpleHome_XCS7_1002_WHT_Security_Camera,balanced_accuracy,0.8177515146573615,0.8177515146573615,0.0,PASS
nbaiot_main_global_threshold_seed2,2,nbaiot_main,global_threshold,SimpleHome_XCS7_1002_WHT_Security_Camera,macro_f1,0.4679234157254394,0.4679234157254394,0.0,PASS
nbaiot_main_global_threshold_seed2,2,nbaiot_main,global_threshold,SimpleHome_XCS7_1003_WHT_Security_Camera,fpr,0.04464031845322718,0.04464031845322718,0.0,PASS
nbaiot_main_global_threshold_seed2,2,nbaiot_main,global_threshold,SimpleHome_XCS7_1003_WHT_Security_Camera,tpr,0.999974738300826,0.999974738300826,0.0,PASS
nbaiot_main_global_threshold_seed2,2,nbaiot_main,global_threshold,SimpleHome_XCS7_1003_WHT_Security_Camera,balanced_accuracy,0.9776672099237994,0.9776672099237994,0.0,PASS
nbaiot_main_global_threshold_seed2,2,nbaiot_main,global_threshold,SimpleHome_XCS7_1003_WHT_Security_Camera,macro_f1,0.9870441831159664,0.9870441831159664,0.0,PASS
nbaiot_main_global_threshold_seed1,1,nbaiot_main,global_threshold,Danmini_Doorbell,fpr,0.04517430781302544,0.04517430781302544,0.0,PASS
nbaiot_main_global_threshold_seed1,1,nbaiot_main,global_threshold,Danmini_Doorbell,tpr,1.0,1.0,0.0,PASS
nbaiot_main_global_threshold_seed1,1,nbaiot_main,global_threshold,Danmini_Doorbell,balanced_accuracy,0.9774128460934872,0.9774128460934872,0.0,PASS
nbaiot_main_global_threshold_seed1,1,nbaiot_main,global_threshold,Danmini_Doorbell,macro_f1,0.98834146001273,0.98834146001273,0.0,PASS
nbaiot_main_global_threshold_seed1,1,nbaiot_main,global_threshold,Ecobee_Thermostat,fpr,0.03556308213378493,0.03556308213378493,0.0,PASS
nbaiot_main_global_threshold_seed1,1,nbaiot_main,global_threshold,Ecobee_Thermostat,tpr,0.7573541834039693,0.7573541834039693,0.0,PASS
nbaiot_main_global_threshold_seed1,1,nbaiot_main,global_threshold,Ecobee_Thermostat,balanced_accuracy,0.8608955506350922,0.8608955506350922,0.0,PASS
nbaiot_main_global_threshold_seed1,1,nbaiot_main,global_threshold,Ecobee_Thermostat,macro_f1,0.4420890705115904,0.4420890705115904,0.0,PASS
nbaiot_main_global_threshold_seed1,1,nbaiot_main,global_threshold,Ennio_Doorbell,fpr,0.02912759306621199,0.02912759306621199,0.0,PASS
nbaiot_main_global_threshold_seed1,1,nbaiot_main,global_threshold,Ennio_Doorbell,tpr,0.3511725663716814,0.3511725663716814,0.0,PASS
nbaiot_main_global_threshold_seed1,1,nbaiot_main,global_threshold,Ennio_Doorbell,balanced_accuracy,0.6610224866527347,0.6610224866527347,0.0,PASS
nbaiot_main_global_threshold_seed1,1,nbaiot_main,global_threshold,Ennio_Doorbell,macro_f1,0.29095565061789225,0.29095565061789225,0.0,PASS
nbaiot_main_global_threshold_seed1,1,nbaiot_main,global_threshold,Philips_B120N10_Baby_Monitor,fpr,0.011634542226730915,0.011634542226730915,0.0,PASS
nbaiot_main_global_threshold_seed1,1,nbaiot_main,global_threshold,Philips_B120N10_Baby_Monitor,tpr,0.7852002897869589,0.7852002897869589,0.0,PASS
nbaiot_main_global_threshold_seed1,1,nbaiot_main,global_threshold,Philips_B120N10_Baby_Monitor,balanced_accuracy,0.886782873780114,0.886782873780114,0.0,PASS
nbaiot_main_global_threshold_seed1,1,nbaiot_main,global_threshold,Philips_B120N10_Baby_Monitor,macro_f1,0.5591586594499518,0.5591586594499518,0.0,PASS
nbaiot_main_global_threshold_seed1,1,nbaiot_main,global_threshold,Provision_PT_737E_Security_Camera,fpr,0.004289544235924933,0.004289544235924933,0.0,PASS
nbaiot_main_global_threshold_seed1,1,nbaiot_main,global_threshold,Provision_PT_737E_Security_Camera,tpr,0.7279475686132206,0.7279475686132206,0.0,PASS
nbaiot_main_global_threshold_seed1,1,nbaiot_main,global_threshold,Provision_PT_737E_Security_Camera,balanced_accuracy,0.8618290121886478,0.8618290121886478,0.0,PASS
nbaiot_main_global_threshold_seed1,1,nbaiot_main,global_threshold,Provision_PT_737E_Security_Camera,macro_f1,0.46954885786843803,0.46954885786843803,0.0,PASS
nbaiot_main_global_threshold_seed1,1,nbaiot_main,global_threshold,Provision_PT_838_Security_Camera,fpr,0.003101387165896019,0.003101387165896019,0.0,PASS
nbaiot_main_global_threshold_seed1,1,nbaiot_main,global_threshold,Provision_PT_838_Security_Camera,tpr,0.7372819034179017,0.7372819034179017,0.0,PASS
nbaiot_main_global_threshold_seed1,1,nbaiot_main,global_threshold,Provision_PT_838_Security_Camera,balanced_accuracy,0.8670902581260028,0.8670902581260028,0.0,PASS
nbaiot_main_global_threshold_seed1,1,nbaiot_main,global_threshold,Provision_PT_838_Security_Camera,macro_f1,0.5014369154316204,0.5014369154316204,0.0,PASS
nbaiot_main_global_threshold_seed1,1,nbaiot_main,global_threshold,Samsung_SNH_1011_N_Webcam,fpr,0.08723902854708138,0.08723902854708138,0.0,PASS
nbaiot_main_global_threshold_seed1,1,nbaiot_main,global_threshold,Samsung_SNH_1011_N_Webcam,tpr,0.35545017828843106,0.35545017828843106,0.0,PASS
nbaiot_main_global_threshold_seed1,1,nbaiot_main,global_threshold,Samsung_SNH_1011_N_Webcam,balanced_accuracy,0.6341055748706748,0.6341055748706748,0.0,PASS
nbaiot_main_global_threshold_seed1,1,nbaiot_main,global_threshold,Samsung_SNH_1011_N_Webcam,macro_f1,0.2996317715063639,0.2996317715063639,0.0,PASS
nbaiot_main_global_threshold_seed1,1,nbaiot_main,global_threshold,SimpleHome_XCS7_1002_WHT_Security_Camera,fpr,0.13127459162990343,0.13127459162990343,0.0,PASS
nbaiot_main_global_threshold_seed1,1,nbaiot_main,global_threshold,SimpleHome_XCS7_1002_WHT_Security_Camera,tpr,0.7640540815289214,0.7640540815289214,0.0,PASS
nbaiot_main_global_threshold_seed1,1,nbaiot_main,global_threshold,SimpleHome_XCS7_1002_WHT_Security_Camera,balanced_accuracy,0.816389744949509,0.816389744949509,0.0,PASS
nbaiot_main_global_threshold_seed1,1,nbaiot_main,global_threshold,SimpleHome_XCS7_1002_WHT_Security_Camera,macro_f1,0.467768827781207,0.467768827781207,0.0,PASS
nbaiot_main_global_threshold_seed1,1,nbaiot_main,global_threshold,SimpleHome_XCS7_1003_WHT_Security_Camera,fpr,0.04634631788456071,0.04634631788456071,0.0,PASS
nbaiot_main_global_threshold_seed1,1,nbaiot_main,global_threshold,SimpleHome_XCS7_1003_WHT_Security_Camera,tpr,0.9999542883538755,0.9999542883538755,0.0,PASS
nbaiot_main_global_threshold_seed1,1,nbaiot_main,global_threshold,SimpleHome_XCS7_1003_WHT_Security_Camera,balanced_accuracy,0.9768039852346574,0.9768039852346574,0.0,PASS
nbaiot_main_global_threshold_seed1,1,nbaiot_main,global_threshold,SimpleHome_XCS7_1003_WHT_Security_Camera,macro_f1,0.985393312877495,0.985393312877495,0.0,PASS
nbaiot_main_global_threshold_seed0,0,nbaiot_main,global_threshold,Danmini_Doorbell,fpr,0.04394126219033741,0.04394126219033741,0.0,PASS
nbaiot_main_global_threshold_seed0,0,nbaiot_main,global_threshold,Danmini_Doorbell,tpr,1.0,1.0,0.0,PASS
nbaiot_main_global_threshold_seed0,0,nbaiot_main,global_threshold,Danmini_Doorbell,balanced_accuracy,0.9780293689048313,0.9780293689048313,0.0,PASS
nbaiot_main_global_threshold_seed0,0,nbaiot_main,global_threshold,Danmini_Doorbell,macro_f1,0.9886667674822062,0.9886667674822062,0.0,PASS
nbaiot_main_global_threshold_seed0,0,nbaiot_main,global_threshold,Ecobee_Thermostat,fpr,0.04191363251481795,0.04191363251481795,0.0,PASS
nbaiot_main_global_threshold_seed0,0,nbaiot_main,global_threshold,Ecobee_Thermostat,tpr,0.7573614759049689,0.7573614759049689,0.0,PASS
nbaiot_main_global_threshold_seed0,0,nbaiot_main,global_threshold,Ecobee_Thermostat,balanced_accuracy,0.8577239216950755,0.8577239216950755,0.0,PASS
nbaiot_main_global_threshold_seed0,0,nbaiot_main,global_threshold,Ecobee_Thermostat,macro_f1,0.4420146717465999,0.4420146717465999,0.0,PASS
nbaiot_main_global_threshold_seed0,0,nbaiot_main,global_threshold,Ennio_Doorbell,fpr,0.02912759306621199,0.02912759306621199,0.0,PASS
nbaiot_main_global_threshold_seed0,0,nbaiot_main,global_threshold,Ennio_Doorbell,tpr,0.35118520859671304,0.35118520859671304,0.0,PASS
nbaiot_main_global_threshold_seed0,0,nbaiot_main,global_threshold,Ennio_Doorbell,balanced_accuracy,0.6610288077652505,0.6610288077652505,0.0,PASS
nbaiot_main_global_threshold_seed0,0,nbaiot_main,global_threshold,Ennio_Doorbell,macro_f1,0.29096314217205965,0.29096314217205965,0.0,PASS
nbaiot_main_global_threshold_seed0,0,nbaiot_main,global_threshold,Philips_B120N10_Baby_Monitor,fpr,0.012934313974131372,0.012934313974131372,0.0,PASS
nbaiot_main_global_threshold_seed0,0,nbaiot_main,global_threshold,Philips_B120N10_Baby_Monitor,tpr,0.785199206876051,0.785199206876051,0.0,PASS
nbaiot_main_global_threshold_seed0,0,nbaiot_main,global_threshold,Philips_B120N10_Baby_Monitor,balanced_accuracy,0.8861324464509599,0.8861324464509599,0.0,PASS
nbaiot_main_global_threshold_seed0,0,nbaiot_main,global_threshold,Philips_B120N10_Baby_Monitor,macro_f1,0.5590086177367174,0.5590086177367174,0.0,PASS
nbaiot_main_global_threshold_seed0,0,nbaiot_main,global_threshold,Provision_PT_737E_Security_Camera,fpr,0.004021447721179625,0.004021447721179625,0.0,PASS
nbaiot_main_global_threshold_seed0,0,nbaiot_main,global_threshold,Provision_PT_737E_Security_Camera,tpr,0.7279410421012236,0.7279410421012236,0.0,PASS
nbaiot_main_global_threshold_seed0,0,nbaiot_main,global_threshold,Provision_PT_737E_Security_Camera,balanced_accuracy,0.8619597971900219,0.8619597971900219,0.0,PASS
nbaiot_main_global_threshold_seed0,0,nbaiot_main,global_threshold,Provision_PT_737E_Security_Camera,macro_f1,0.46955895318504787,0.46955895318504787,0.0,PASS
nbaiot_main_global_threshold_seed0,0,nbaiot_main,global_threshold,Provision_PT_838_Security_Camera,fpr,0.0027066651629637983,0.0027066651629637983,0.0,PASS
nbaiot_main_global_threshold_seed0,0,nbaiot_main,global_threshold,Provision_PT_838_Security_Camera,tpr,0.7372561713054442,0.7372561713054442,0.0,PASS
nbaiot_main_global_threshold_seed0,0,nbaiot_main,global_threshold,Provision_PT_838_Security_Camera,balanced_accuracy,0.8672747530712401,0.8672747530712401,0.0,PASS
nbaiot_main_global_threshold_seed0,0,nbaiot_main,global_threshold,Provision_PT_838_Security_Camera,macro_f1,0.5014524826787266,0.5014524826787266,0.0,PASS
nbaiot_main_global_threshold_seed0,0,nbaiot_main,global_threshold,Samsung_SNH_1011_N_Webcam,fpr,0.05986365573072007,0.05986365573072007,0.0,PASS
nbaiot_main_global_threshold_seed0,0,nbaiot_main,global_threshold,Samsung_SNH_1011_N_Webcam,tpr,0.9997647583201268,0.9997647583201268,0.0,PASS
nbaiot_main_global_threshold_seed0,0,nbaiot_main,global_threshold,Samsung_SNH_1011_N_Webcam,balanced_accuracy,0.9699505512947033,0.9699505512947033,0.0,PASS
nbaiot_main_global_threshold_seed0,0,nbaiot_main,global_threshold,Samsung_SNH_1011_N_Webcam,macro_f1,0.9820654483458238,0.9820654483458238,0.0,PASS
nbaiot_main_global_threshold_seed0,0,nbaiot_main,global_threshold,SimpleHome_XCS7_1002_WHT_Security_Camera,fpr,0.12495528794563014,0.12495528794563014,0.0,PASS
nbaiot_main_global_threshold_seed0,0,nbaiot_main,global_threshold,SimpleHome_XCS7_1002_WHT_Security_Camera,tpr,0.7640834763267771,0.7640834763267771,0.0,PASS
nbaiot_main_global_threshold_seed0,0,nbaiot_main,global_threshold,SimpleHome_XCS7_1002_WHT_Security_Camera,balanced_accuracy,0.8195640941905735,0.8195640941905735,0.0,PASS
nbaiot_main_global_threshold_seed0,0,nbaiot_main,global_threshold,SimpleHome_XCS7_1002_WHT_Security_Camera,macro_f1,0.4680437036851799,0.4680437036851799,0.0,PASS
nbaiot_main_global_threshold_seed0,0,nbaiot_main,global_threshold,SimpleHome_XCS7_1003_WHT_Security_Camera,fpr,0.04378731873756042,0.04378731873756042,0.0,PASS
nbaiot_main_global_threshold_seed0,0,nbaiot_main,global_threshold,SimpleHome_XCS7_1003_WHT_Security_Camera,tpr,0.7582960623025677,0.7582960623025677,0.0,PASS
nbaiot_main_global_threshold_seed0,0,nbaiot_main,global_threshold,SimpleHome_XCS7_1003_WHT_Security_Camera,balanced_accuracy,0.8572543717825036,0.8572543717825036,0.0,PASS
nbaiot_main_global_threshold_seed0,0,nbaiot_main,global_threshold,SimpleHome_XCS7_1003_WHT_Security_Camera,macro_f1,0.4474053399562267,0.4474053399562267,0.0,PASS
nbaiot_main_cluster_threshold_seed1,1,nbaiot_main,cluster_threshold,Danmini_Doorbell,fpr,0.04158726600156933,0.04158726600156933,0.0,PASS
nbaiot_main_cluster_threshold_seed1,1,nbaiot_main,cluster_threshold,Danmini_Doorbell,tpr,1.0,1.0,0.0,PASS
nbaiot_main_cluster_threshold_seed1,1,nbaiot_main,cluster_threshold,Danmini_Doorbell,balanced_accuracy,0.9792063669992153,0.9792063669992153,0.0,PASS
nbaiot_main_cluster_threshold_seed1,1,nbaiot_main,cluster_threshold,Danmini_Doorbell,macro_f1,0.9892866815225414,0.9892866815225414,0.0,PASS
nbaiot_main_cluster_threshold_seed1,1,nbaiot_main,cluster_threshold,Ecobee_Thermostat,fpr,0.016088060965283656,0.016088060965283656,0.0,PASS
nbaiot_main_cluster_threshold_seed1,1,nbaiot_main,cluster_threshold,Ecobee_Thermostat,tpr,0.7573432446524698,0.7573432446524698,0.0,PASS
nbaiot_main_cluster_threshold_seed1,1,nbaiot_main,cluster_threshold,Ecobee_Thermostat,balanced_accuracy,0.8706275918435931,0.8706275918435931,0.0,PASS
nbaiot_main_cluster_threshold_seed1,1,nbaiot_main,cluster_threshold,Ecobee_Thermostat,macro_f1,0.4423213571204892,0.4423213571204892,0.0,PASS
nbaiot_main_cluster_threshold_seed1,1,nbaiot_main,cluster_threshold,Ennio_Doorbell,fpr,0.02912759306621199,0.02912759306621199,0.0,PASS
nbaiot_main_cluster_threshold_seed1,1,nbaiot_main,cluster_threshold,Ennio_Doorbell,tpr,0.3511662452591656,0.3511662452591656,0.0,PASS
nbaiot_main_cluster_threshold_seed1,1,nbaiot_main,cluster_threshold,Ennio_Doorbell,balanced_accuracy,0.6610193260964767,0.6610193260964767,0.0,PASS
nbaiot_main_cluster_threshold_seed1,1,nbaiot_main,cluster_threshold,Ennio_Doorbell,macro_f1,0.29095190480004357,0.29095190480004357,0.0,PASS
nbaiot_main_cluster_threshold_seed1,1,nbaiot_main,cluster_threshold,Philips_B120N10_Baby_Monitor,fpr,0.033572153182855696,0.033572153182855696,0.0,PASS
nbaiot_main_cluster_threshold_seed1,1,nbaiot_main,cluster_threshold,Philips_B120N10_Baby_Monitor,tpr,0.9999090354837418,0.9999090354837418,0.0,PASS
nbaiot_main_cluster_threshold_seed1,1,nbaiot_main,cluster_threshold,Philips_B120N10_Baby_Monitor,balanced_accuracy,0.9831684411504431,0.9831684411504431,0.0,PASS
nbaiot_main_cluster_threshold_seed1,1,nbaiot_main,cluster_threshold,Philips_B120N10_Baby_Monitor,macro_f1,0.9904897490608802,0.9904897490608802,0.0,PASS
nbaiot_main_cluster_threshold_seed1,1,nbaiot_main,cluster_threshold,Provision_PT_737E_Security_Camera,fpr,0.04387846291331546,0.04387846291331546,0.0,PASS
nbaiot_main_cluster_threshold_seed1,1,nbaiot_main,cluster_threshold,Provision_PT_737E_Security_Camera,tpr,0.7280089178259928,0.7280089178259928,0.0,PASS
nbaiot_main_cluster_threshold_seed1,1,nbaiot_main,cluster_threshold,Provision_PT_737E_Security_Camera,balanced_accuracy,0.8420652274563387,0.8420652274563387,0.0,PASS
nbaiot_main_cluster_threshold_seed1,1,nbaiot_main,cluster_threshold,Provision_PT_737E_Security_Camera,macro_f1,0.4676073449682761,0.4676073449682761,0.0,PASS
nbaiot_main_cluster_threshold_seed1,1,nbaiot_main,cluster_threshold,Provision_PT_838_Security_Camera,fpr,0.03315664824630653,0.03315664824630653,0.0,PASS
nbaiot_main_cluster_threshold_seed1,1,nbaiot_main,cluster_threshold,Provision_PT_838_Security_Camera,tpr,0.9999634333138763,0.9999634333138763,0.0,PASS
nbaiot_main_cluster_threshold_seed1,1,nbaiot_main,cluster_threshold,Provision_PT_838_Security_Camera,balanced_accuracy,0.9834033925337848,0.9834033925337848,0.0,PASS
nbaiot_main_cluster_threshold_seed1,1,nbaiot_main,cluster_threshold,Provision_PT_838_Security_Camera,macro_f1,0.990982730730412,0.990982730730412,0.0,PASS
nbaiot_main_cluster_threshold_seed1,1,nbaiot_main,cluster_threshold,Samsung_SNH_1011_N_Webcam,fpr,0.06327226246271836,0.06327226246271836,0.0,PASS
nbaiot_main_cluster_threshold_seed1,1,nbaiot_main,cluster_threshold,Samsung_SNH_1011_N_Webcam,tpr,0.35542232072107766,0.35542232072107766,0.0,PASS
nbaiot_main_cluster_threshold_seed1,1,nbaiot_main,cluster_threshold,Samsung_SNH_1011_N_Webcam,balanced_accuracy,0.6460750291291797,0.6460750291291797,0.0,PASS
nbaiot_main_cluster_threshold_seed1,1,nbaiot_main,cluster_threshold,Samsung_SNH_1011_N_Webcam,macro_f1,0.30070547464858166,0.30070547464858166,0.0,PASS
nbaiot_main_cluster_threshold_seed1,1,nbaiot_main,cluster_threshold,SimpleHome_XCS7_1002_WHT_Security_Camera,fpr,0.1111243591272207,0.1111243591272207,0.0,PASS
nbaiot_main_cluster_threshold_seed1,1,nbaiot_main,cluster_threshold,SimpleHome_XCS7_1002_WHT_Security_Camera,tpr,0.7639107818893751,0.7639107818893751,0.0,PASS
nbaiot_main_cluster_threshold_seed1,1,nbaiot_main,cluster_threshold,SimpleHome_XCS7_1002_WHT_Security_Camera,balanced_accuracy,0.8263932113810772,0.8263932113810772,0.0,PASS
nbaiot_main_cluster_threshold_seed1,1,nbaiot_main,cluster_threshold,SimpleHome_XCS7_1002_WHT_Security_Camera,macro_f1,0.46853573407335275,0.46853573407335275,0.0,PASS
nbaiot_main_cluster_threshold_seed1,1,nbaiot_main,cluster_threshold,SimpleHome_XCS7_1003_WHT_Security_Camera,fpr,0.038100653966448676,0.038100653966448676,0.0,PASS
nbaiot_main_cluster_threshold_seed1,1,nbaiot_main,cluster_threshold,SimpleHome_XCS7_1003_WHT_Security_Camera,tpr,0.7583117004972946,0.7583117004972946,0.0,PASS
nbaiot_main_cluster_threshold_seed1,1,nbaiot_main,cluster_threshold,SimpleHome_XCS7_1003_WHT_Security_Camera,balanced_accuracy,0.8601055232654229,0.8601055232654229,0.0,PASS
nbaiot_main_cluster_threshold_seed1,1,nbaiot_main,cluster_threshold,SimpleHome_XCS7_1003_WHT_Security_Camera,macro_f1,0.44751199227847943,0.44751199227847943,0.0,PASS
nbaiot_main_cluster_threshold_seed8,8,nbaiot_main,cluster_threshold,Danmini_Doorbell,fpr,0.04629525837910548,0.04629525837910548,0.0,PASS
nbaiot_main_cluster_threshold_seed8,8,nbaiot_main,cluster_threshold,Danmini_Doorbell,tpr,1.0,1.0,0.0,PASS
nbaiot_main_cluster_threshold_seed8,8,nbaiot_main,cluster_threshold,Danmini_Doorbell,balanced_accuracy,0.9768523708104473,0.9768523708104473,0.0,PASS
nbaiot_main_cluster_threshold_seed8,8,nbaiot_main,cluster_threshold,Danmini_Doorbell,macro_f1,0.9880453727590937,0.9880453727590937,0.0,PASS
nbaiot_main_cluster_threshold_seed8,8,nbaiot_main,cluster_threshold,Ecobee_Thermostat,fpr,0.008890770533446233,0.008890770533446233,0.0,PASS
nbaiot_main_cluster_threshold_seed8,8,nbaiot_main,cluster_threshold,Ecobee_Thermostat,tpr,0.7573456754861363,0.7573456754861363,0.0,PASS
nbaiot_main_cluster_threshold_seed8,8,nbaiot_main,cluster_threshold,Ecobee_Thermostat,balanced_accuracy,0.874227452476345,0.874227452476345,0.0,PASS
nbaiot_main_cluster_threshold_seed8,8,nbaiot_main,cluster_threshold,Ecobee_Thermostat,macro_f1,0.44240956681627536,0.44240956681627536,0.0,PASS
nbaiot_main_cluster_threshold_seed8,8,nbaiot_main,cluster_threshold,Ennio_Doorbell,fpr,0.02912759306621199,0.02912759306621199,0.0,PASS
nbaiot_main_cluster_threshold_seed8,8,nbaiot_main,cluster_threshold,Ennio_Doorbell,tpr,0.3511820480404551,0.3511820480404551,0.0,PASS
nbaiot_main_cluster_threshold_seed8,8,nbaiot_main,cluster_threshold,Ennio_Doorbell,balanced_accuracy,0.6610272274871215,0.6610272274871215,0.0,PASS
nbaiot_main_cluster_threshold_seed8,8,nbaiot_main,cluster_threshold,Ennio_Doorbell,macro_f1,0.2909612692937089,0.2909612692937089,0.0,PASS
nbaiot_main_cluster_threshold_seed8,8,nbaiot_main,cluster_threshold,Philips_B120N10_Baby_Monitor,fpr,0.03731295967537408,0.03731295967537408,0.0,PASS
nbaiot_main_cluster_threshold_seed8,8,nbaiot_main,cluster_threshold,Philips_B120N10_Baby_Monitor,tpr,0.999906869661926,0.999906869661926,0.0,PASS
nbaiot_main_cluster_threshold_seed8,8,nbaiot_main,cluster_threshold,Philips_B120N10_Baby_Monitor,balanced_accuracy,0.981296954993276,0.981296954993276,0.0,PASS
nbaiot_main_cluster_threshold_seed8,8,nbaiot_main,cluster_threshold,Philips_B120N10_Baby_Monitor,macro_f1,0.9894722960078621,0.9894722960078621,0.0,PASS
nbaiot_main_cluster_threshold_seed8,8,nbaiot_main,cluster_threshold,Provision_PT_737E_Security_Camera,fpr,0.03655049151027703,0.03655049151027703,0.0,PASS
nbaiot_main_cluster_threshold_seed8,8,nbaiot_main,cluster_threshold,Provision_PT_737E_Security_Camera,tpr,0.9999921681856035,0.9999921681856035,0.0,PASS
nbaiot_main_cluster_threshold_seed8,8,nbaiot_main,cluster_threshold,Provision_PT_737E_Security_Camera,balanced_accuracy,0.9817208383376632,0.9817208383376632,0.0,PASS
nbaiot_main_cluster_threshold_seed8,8,nbaiot_main,cluster_threshold,Provision_PT_737E_Security_Camera,macro_f1,0.9904229214474591,0.9904229214474591,0.0,PASS
nbaiot_main_cluster_threshold_seed8,8,nbaiot_main,cluster_threshold,Provision_PT_838_Security_Camera,fpr,0.03794970113905492,0.03794970113905492,0.0,PASS
nbaiot_main_cluster_threshold_seed8,8,nbaiot_main,cluster_threshold,Provision_PT_838_Security_Camera,tpr,0.9999769765309591,0.9999769765309591,0.0,PASS
nbaiot_main_cluster_threshold_seed8,8,nbaiot_main,cluster_threshold,Provision_PT_838_Security_Camera,balanced_accuracy,0.9810136376959521,0.9810136376959521,0.0,PASS
nbaiot_main_cluster_threshold_seed8,8,nbaiot_main,cluster_threshold,Provision_PT_838_Security_Camera,macro_f1,0.9898561075050516,0.9898561075050516,0.0,PASS
nbaiot_main_cluster_threshold_seed8,8,nbaiot_main,cluster_threshold,Samsung_SNH_1011_N_Webcam,fpr,0.03344695355773328,0.03344695355773328,0.0,PASS
nbaiot_main_cluster_threshold_seed8,8,nbaiot_main,cluster_threshold,Samsung_SNH_1011_N_Webcam,tpr,0.3551963648969889,0.3551963648969889,0.0,PASS
nbaiot_main_cluster_threshold_seed8,8,nbaiot_main,cluster_threshold,Samsung_SNH_1011_N_Webcam,balanced_accuracy,0.6608747056696278,0.6608747056696278,0.0,PASS
nbaiot_main_cluster_threshold_seed8,8,nbaiot_main,cluster_threshold,Samsung_SNH_1011_N_Webcam,macro_f1,0.3019240644835912,0.3019240644835912,0.0,PASS
nbaiot_main_cluster_threshold_seed8,8,nbaiot_main,cluster_threshold,SimpleHome_XCS7_1002_WHT_Security_Camera,fpr,0.11684750208656254,0.11684750208656254,0.0,PASS
nbaiot_main_cluster_threshold_seed8,8,nbaiot_main,cluster_threshold,SimpleHome_XCS7_1002_WHT_Security_Camera,tpr,0.7639071075396432,0.7639071075396432,0.0,PASS
nbaiot_main_cluster_threshold_seed8,8,nbaiot_main,cluster_threshold,SimpleHome_XCS7_1002_WHT_Security_Camera,balanced_accuracy,0.8235298027265403,0.8235298027265403,0.0,PASS
nbaiot_main_cluster_threshold_seed8,8,nbaiot_main,cluster_threshold,SimpleHome_XCS7_1002_WHT_Security_Camera,macro_f1,0.46829769656306414,0.46829769656306414,0.0,PASS
nbaiot_main_cluster_threshold_seed8,8,nbaiot_main,cluster_threshold,SimpleHome_XCS7_1003_WHT_Security_Camera,fpr,0.025305658231447255,0.025305658231447255,0.0,PASS
nbaiot_main_cluster_threshold_seed8,8,nbaiot_main,cluster_threshold,SimpleHome_XCS7_1003_WHT_Security_Camera,tpr,0.7582744094175614,0.7582744094175614,0.0,PASS
nbaiot_main_cluster_threshold_seed8,8,nbaiot_main,cluster_threshold,SimpleHome_XCS7_1003_WHT_Security_Camera,balanced_accuracy,0.8664843755930571,0.8664843755930571,0.0,PASS
nbaiot_main_cluster_threshold_seed8,8,nbaiot_main,cluster_threshold,SimpleHome_XCS7_1003_WHT_Security_Camera,macro_f1,0.4477237141144038,0.4477237141144038,0.0,PASS
nbaiot_main_cluster_threshold_seed9,9,nbaiot_main,cluster_threshold,Danmini_Doorbell,fpr,0.0467436386055375,0.0467436386055375,0.0,PASS
nbaiot_main_cluster_threshold_seed9,9,nbaiot_main,cluster_threshold,Danmini_Doorbell,tpr,1.0,1.0,0.0,PASS
nbaiot_main_cluster_threshold_seed9,9,nbaiot_main,cluster_threshold,Danmini_Doorbell,balanced_accuracy,0.9766281806972312,0.9766281806972312,0.0,PASS
nbaiot_main_cluster_threshold_seed9,9,nbaiot_main,cluster_threshold,Danmini_Doorbell,macro_f1,0.9879268435383737,0.9879268435383737,0.0,PASS
nbaiot_main_cluster_threshold_seed9,9,nbaiot_main,cluster_threshold,Ecobee_Thermostat,fpr,0.007620660457239628,0.007620660457239628,0.0,PASS
nbaiot_main_cluster_threshold_seed9,9,nbaiot_main,cluster_threshold,Ecobee_Thermostat,tpr,0.7573432446524698,0.7573432446524698,0.0,PASS
nbaiot_main_cluster_threshold_seed9,9,nbaiot_main,cluster_threshold,Ecobee_Thermostat,balanced_accuracy,0.8748612920976151,0.8748612920976151,0.0,PASS
nbaiot_main_cluster_threshold_seed9,9,nbaiot_main,cluster_threshold,Ecobee_Thermostat,macro_f1,0.44242407389948424,0.44242407389948424,0.0,PASS
nbaiot_main_cluster_threshold_seed9,9,nbaiot_main,cluster_threshold,Ennio_Doorbell,fpr,0.02912759306621199,0.02912759306621199,0.0,PASS
nbaiot_main_cluster_threshold_seed9,9,nbaiot_main,cluster_threshold,Ennio_Doorbell,tpr,0.35118520859671304,0.35118520859671304,0.0,PASS
nbaiot_main_cluster_threshold_seed9,9,nbaiot_main,cluster_threshold,Ennio_Doorbell,balanced_accuracy,0.6610288077652505,0.6610288077652505,0.0,PASS
nbaiot_main_cluster_threshold_seed9,9,nbaiot_main,cluster_threshold,Ennio_Doorbell,macro_f1,0.29096314217205965,0.29096314217205965,0.0,PASS
nbaiot_main_cluster_threshold_seed9,9,nbaiot_main,cluster_threshold,Philips_B120N10_Baby_Monitor,fpr,0.0344281004311438,0.0344281004311438,0.0,PASS
nbaiot_main_cluster_threshold_seed9,9,nbaiot_main,cluster_threshold,Philips_B120N10_Baby_Monitor,tpr,0.9998906259983085,0.9998906259983085,0.0,PASS
nbaiot_main_cluster_threshold_seed9,9,nbaiot_main,cluster_threshold,Philips_B120N10_Baby_Monitor,balanced_accuracy,0.9827312627835824,0.9827312627835824,0.0,PASS
nbaiot_main_cluster_threshold_seed9,9,nbaiot_main,cluster_threshold,Philips_B120N10_Baby_Monitor,macro_f1,0.9901221133005502,0.9901221133005502,0.0,PASS
nbaiot_main_cluster_threshold_seed9,9,nbaiot_main,cluster_threshold,Provision_PT_737E_Security_Camera,fpr,0.03815907059874888,0.03815907059874888,0.0,PASS
nbaiot_main_cluster_threshold_seed9,9,nbaiot_main,cluster_threshold,Provision_PT_737E_Security_Camera,tpr,0.7280036966163951,0.7280036966163951,0.0,PASS
nbaiot_main_cluster_threshold_seed9,9,nbaiot_main,cluster_threshold,Provision_PT_737E_Security_Camera,balanced_accuracy,0.844922313008823,0.844922313008823,0.0,PASS
nbaiot_main_cluster_threshold_seed9,9,nbaiot_main,cluster_threshold,Provision_PT_737E_Security_Camera,macro_f1,0.46789009333095544,0.46789009333095544,0.0,PASS
nbaiot_main_cluster_threshold_seed9,9,nbaiot_main,cluster_threshold,Provision_PT_838_Security_Camera,fpr,0.029153039359422577,0.029153039359422577,0.0,PASS
nbaiot_main_cluster_threshold_seed9,9,nbaiot_main,cluster_threshold,Provision_PT_838_Security_Camera,tpr,0.7373306589994001,0.7373306589994001,0.0,PASS
nbaiot_main_cluster_threshold_seed9,9,nbaiot_main,cluster_threshold,Provision_PT_838_Security_Camera,balanced_accuracy,0.8540888098199888,0.8540888098199888,0.0,PASS
nbaiot_main_cluster_threshold_seed9,9,nbaiot_main,cluster_threshold,Provision_PT_838_Security_Camera,macro_f1,0.49944960850427866,0.49944960850427866,0.0,PASS
nbaiot_main_cluster_threshold_seed9,9,nbaiot_main,cluster_threshold,Samsung_SNH_1011_N_Webcam,fpr,0.03568385172560716,0.03568385172560716,0.0,PASS
nbaiot_main_cluster_threshold_seed9,9,nbaiot_main,cluster_threshold,Samsung_SNH_1011_N_Webcam,tpr,0.35515922147385104,0.35515922147385104,0.0,PASS
nbaiot_main_cluster_threshold_seed9,9,nbaiot_main,cluster_threshold,Samsung_SNH_1011_N_Webcam,balanced_accuracy,0.6597376848741219,0.6597376848741219,0.0,PASS
nbaiot_main_cluster_threshold_seed9,9,nbaiot_main,cluster_threshold,Samsung_SNH_1011_N_Webcam,macro_f1,0.3018002801837919,0.3018002801837919,0.0,PASS
nbaiot_main_cluster_threshold_seed9,9,nbaiot_main,cluster_threshold,SimpleHome_XCS7_1002_WHT_Security_Camera,fpr,0.08501251937522356,0.08501251937522356,0.0,PASS
nbaiot_main_cluster_threshold_seed9,9,nbaiot_main,cluster_threshold,SimpleHome_XCS7_1002_WHT_Security_Camera,tpr,0.7636719491567979,0.7636719491567979,0.0,PASS
nbaiot_main_cluster_threshold_seed9,9,nbaiot_main,cluster_threshold,SimpleHome_XCS7_1002_WHT_Security_Camera,balanced_accuracy,0.8393297148907872,0.8393297148907872,0.0,PASS
nbaiot_main_cluster_threshold_seed9,9,nbaiot_main,cluster_threshold,SimpleHome_XCS7_1002_WHT_Security_Camera,macro_f1,0.4695017323704843,0.4695017323704843,0.0,PASS
nbaiot_main_cluster_threshold_seed9,9,nbaiot_main,cluster_threshold,SimpleHome_XCS7_1003_WHT_Security_Camera,fpr,0.026442991185669604,0.026442991185669604,0.0,PASS
nbaiot_main_cluster_threshold_seed9,9,nbaiot_main,cluster_threshold,SimpleHome_XCS7_1003_WHT_Security_Camera,tpr,0.7582226830811574,0.7582226830811574,0.0,PASS
nbaiot_main_cluster_threshold_seed9,9,nbaiot_main,cluster_threshold,SimpleHome_XCS7_1003_WHT_Security_Camera,balanced_accuracy,0.8658898459477439,0.8658898459477439,0.0,PASS
nbaiot_main_cluster_threshold_seed9,9,nbaiot_main,cluster_threshold,SimpleHome_XCS7_1003_WHT_Security_Camera,macro_f1,0.4476834721398749,0.4476834721398749,0.0,PASS
nbaiot_main_cluster_threshold_seed6,6,nbaiot_main,cluster_threshold,Danmini_Doorbell,fpr,0.04786458917161753,0.04786458917161753,0.0,PASS
nbaiot_main_cluster_threshold_seed6,6,nbaiot_main,cluster_threshold,Danmini_Doorbell,tpr,1.0,1.0,0.0,PASS
nbaiot_main_cluster_threshold_seed6,6,nbaiot_main,cluster_threshold,Danmini_Doorbell,balanced_accuracy,0.9760677054141913,0.9760677054141913,0.0,PASS
nbaiot_main_cluster_threshold_seed6,6,nbaiot_main,cluster_threshold,Danmini_Doorbell,macro_f1,0.9876302843634246,0.9876302843634246,0.0,PASS
nbaiot_main_cluster_threshold_seed6,6,nbaiot_main,cluster_threshold,Ecobee_Thermostat,fpr,0.01143099068585944,0.01143099068585944,0.0,PASS
nbaiot_main_cluster_threshold_seed6,6,nbaiot_main,cluster_threshold,Ecobee_Thermostat,tpr,0.7573468909029696,0.7573468909029696,0.0,PASS
nbaiot_main_cluster_threshold_seed6,6,nbaiot_main,cluster_threshold,Ecobee_Thermostat,balanced_accuracy,0.8729579501085551,0.8729579501085551,0.0,PASS
nbaiot_main_cluster_threshold_seed6,6,nbaiot_main,cluster_threshold,Ecobee_Thermostat,macro_f1,0.4423792021051135,0.4423792021051135,0.0,PASS
nbaiot_main_cluster_threshold_seed6,6,nbaiot_main,cluster_threshold,Ennio_Doorbell,fpr,0.02912759306621199,0.02912759306621199,0.0,PASS
nbaiot_main_cluster_threshold_seed6,6,nbaiot_main,cluster_threshold,Ennio_Doorbell,tpr,0.3511883691529709,0.3511883691529709,0.0,PASS
nbaiot_main_cluster_threshold_seed6,6,nbaiot_main,cluster_threshold,Ennio_Doorbell,balanced_accuracy,0.6610303880433794,0.6610303880433794,0.0,PASS
nbaiot_main_cluster_threshold_seed6,6,nbaiot_main,cluster_threshold,Ennio_Doorbell,macro_f1,0.2909650150436165,0.2909650150436165,0.0,PASS
nbaiot_main_cluster_threshold_seed6,6,nbaiot_main,cluster_threshold,Philips_B120N10_Baby_Monitor,fpr,0.03598148617803703,0.03598148617803703,0.0,PASS
nbaiot_main_cluster_threshold_seed6,6,nbaiot_main,cluster_threshold,Philips_B120N10_Baby_Monitor,tpr,0.9998982063746633,0.9998982063746633,0.0,PASS
nbaiot_main_cluster_threshold_seed6,6,nbaiot_main,cluster_threshold,Philips_B120N10_Baby_Monitor,balanced_accuracy,0.9819583600983132,0.9819583600983132,0.0,PASS
nbaiot_main_cluster_threshold_seed6,6,nbaiot_main,cluster_threshold,Philips_B120N10_Baby_Monitor,macro_f1,0.989763680443315,0.989763680443315,0.0,PASS
nbaiot_main_cluster_threshold_seed6,6,nbaiot_main,cluster_threshold,Provision_PT_737E_Security_Camera,fpr,0.037444146559428064,0.037444146559428064,0.0,PASS
nbaiot_main_cluster_threshold_seed6,6,nbaiot_main,cluster_threshold,Provision_PT_737E_Security_Camera,tpr,0.7280050019187946,0.7280050019187946,0.0,PASS
nbaiot_main_cluster_threshold_seed6,6,nbaiot_main,cluster_threshold,Provision_PT_737E_Security_Camera,balanced_accuracy,0.8452804276796833,0.8452804276796833,0.0,PASS
nbaiot_main_cluster_threshold_seed6,6,nbaiot_main,cluster_threshold,Provision_PT_737E_Security_Camera,macro_f1,0.4679263862181524,0.4679263862181524,0.0,PASS
nbaiot_main_cluster_threshold_seed6,6,nbaiot_main,cluster_threshold,Provision_PT_838_Security_Camera,fpr,0.036145257697079054,0.036145257697079054,0.0,PASS
nbaiot_main_cluster_threshold_seed6,6,nbaiot_main,cluster_threshold,Provision_PT_838_Security_Camera,tpr,0.7373834775460233,0.7373834775460233,0.0,PASS
nbaiot_main_cluster_threshold_seed6,6,nbaiot_main,cluster_threshold,Provision_PT_838_Security_Camera,balanced_accuracy,0.8506191099244721,0.8506191099244721,0.0,PASS
nbaiot_main_cluster_threshold_seed6,6,nbaiot_main,cluster_threshold,Provision_PT_838_Security_Camera,macro_f1,0.4989376101971074,0.4989376101971074,0.0,PASS
nbaiot_main_cluster_threshold_seed6,6,nbaiot_main,cluster_threshold,Samsung_SNH_1011_N_Webcam,fpr,0.038133787814230935,0.038133787814230935,0.0,PASS
nbaiot_main_cluster_threshold_seed6,6,nbaiot_main,cluster_threshold,Samsung_SNH_1011_N_Webcam,tpr,0.35524279417591126,0.35524279417591126,0.0,PASS
nbaiot_main_cluster_threshold_seed6,6,nbaiot_main,cluster_threshold,Samsung_SNH_1011_N_Webcam,balanced_accuracy,0.6585545031808402,0.6585545031808402,0.0,PASS
nbaiot_main_cluster_threshold_seed6,6,nbaiot_main,cluster_threshold,Samsung_SNH_1011_N_Webcam,macro_f1,0.3017393725383598,0.3017393725383598,0.0,PASS
nbaiot_main_cluster_threshold_seed6,6,nbaiot_main,cluster_threshold,SimpleHome_XCS7_1002_WHT_Security_Camera,fpr,0.11792059139143914,0.11792059139143914,0.0,PASS
nbaiot_main_cluster_threshold_seed6,6,nbaiot_main,cluster_threshold,SimpleHome_XCS7_1002_WHT_Security_Camera,tpr,0.7637295139692653,0.7637295139692653,0.0,PASS
nbaiot_main_cluster_threshold_seed6,6,nbaiot_main,cluster_threshold,SimpleHome_XCS7_1002_WHT_Security_Camera,balanced_accuracy,0.822904461288913,0.822904461288913,0.0,PASS
nbaiot_main_cluster_threshold_seed6,6,nbaiot_main,cluster_threshold,SimpleHome_XCS7_1002_WHT_Security_Camera,macro_f1,0.46817164837235836,0.46817164837235836,0.0,PASS
nbaiot_main_cluster_threshold_seed6,6,nbaiot_main,cluster_threshold,SimpleHome_XCS7_1003_WHT_Security_Camera,fpr,0.029286323571225476,0.029286323571225476,0.0,PASS
nbaiot_main_cluster_threshold_seed6,6,nbaiot_main,cluster_threshold,SimpleHome_XCS7_1003_WHT_Security_Camera,tpr,0.7582864387981205,0.7582864387981205,0.0,PASS
nbaiot_main_cluster_threshold_seed6,6,nbaiot_main,cluster_threshold,SimpleHome_XCS7_1003_WHT_Security_Camera,balanced_accuracy,0.8645000576134475,0.8645000576134475,0.0,PASS
nbaiot_main_cluster_threshold_seed6,6,nbaiot_main,cluster_threshold,SimpleHome_XCS7_1003_WHT_Security_Camera,macro_f1,0.44765802801890414,0.44765802801890414,0.0,PASS
nbaiot_main_cluster_threshold_seed7,7,nbaiot_main,cluster_threshold,Danmini_Doorbell,fpr,0.048537159511265554,0.048537159511265554,0.0,PASS
nbaiot_main_cluster_threshold_seed7,7,nbaiot_main,cluster_threshold,Danmini_Doorbell,tpr,1.0,1.0,0.0,PASS
nbaiot_main_cluster_threshold_seed7,7,nbaiot_main,cluster_threshold,Danmini_Doorbell,balanced_accuracy,0.9757314202443672,0.9757314202443672,0.0,PASS
nbaiot_main_cluster_threshold_seed7,7,nbaiot_main,cluster_threshold,Danmini_Doorbell,macro_f1,0.9874521867594135,0.9874521867594135,0.0,PASS
nbaiot_main_cluster_threshold_seed7,7,nbaiot_main,cluster_threshold,Ecobee_Thermostat,fpr,0.1710414902624894,0.1710414902624894,0.0,PASS
nbaiot_main_cluster_threshold_seed7,7,nbaiot_main,cluster_threshold,Ecobee_Thermostat,tpr,0.9999975691663334,0.9999975691663334,0.0,PASS
nbaiot_main_cluster_threshold_seed7,7,nbaiot_main,cluster_threshold,Ecobee_Thermostat,balanced_accuracy,0.9144780394519221,0.9144780394519221,0.0,PASS
nbaiot_main_cluster_threshold_seed7,7,nbaiot_main,cluster_threshold,Ecobee_Thermostat,macro_f1,0.9529076694866725,0.9529076694866725,0.0,PASS
nbaiot_main_cluster_threshold_seed7,7,nbaiot_main,cluster_threshold,Ennio_Doorbell,fpr,0.029269678886047173,0.029269678886047173,0.0,PASS
nbaiot_main_cluster_threshold_seed7,7,nbaiot_main,cluster_threshold,Ennio_Doorbell,tpr,0.35118520859671304,0.35118520859671304,0.0,PASS
nbaiot_main_cluster_threshold_seed7,7,nbaiot_main,cluster_threshold,Ennio_Doorbell,balanced_accuracy,0.660957764855333,0.660957764855333,0.0,PASS
nbaiot_main_cluster_threshold_seed7,7,nbaiot_main,cluster_threshold,Ennio_Doorbell,macro_f1,0.2909581140904272,0.2909581140904272,0.0,PASS
nbaiot_main_cluster_threshold_seed7,7,nbaiot_main,cluster_threshold,Philips_B120N10_Baby_Monitor,fpr,0.028943697692112604,0.028943697692112604,0.0,PASS
nbaiot_main_cluster_threshold_seed7,7,nbaiot_main,cluster_threshold,Philips_B120N10_Baby_Monitor,tpr,0.7852771764614154,0.7852771764614154,0.0,PASS
nbaiot_main_cluster_threshold_seed7,7,nbaiot_main,cluster_threshold,Philips_B120N10_Baby_Monitor,balanced_accuracy,0.8781667393846514,0.8781667393846514,0.0,PASS
nbaiot_main_cluster_threshold_seed7,7,nbaiot_main,cluster_threshold,Philips_B120N10_Baby_Monitor,macro_f1,0.5572237988245702,0.5572237988245702,0.0,PASS
nbaiot_main_cluster_threshold_seed7,7,nbaiot_main,cluster_threshold,Provision_PT_737E_Security_Camera,fpr,0.03512064343163539,0.03512064343163539,0.0,PASS
nbaiot_main_cluster_threshold_seed7,7,nbaiot_main,cluster_threshold,Provision_PT_737E_Security_Camera,tpr,0.7279971701043981,0.7279971701043981,0.0,PASS
nbaiot_main_cluster_threshold_seed7,7,nbaiot_main,cluster_threshold,Provision_PT_737E_Security_Camera,balanced_accuracy,0.8464382633363814,0.8464382633363814,0.0,PASS
nbaiot_main_cluster_threshold_seed7,7,nbaiot_main,cluster_threshold,Provision_PT_737E_Security_Camera,macro_f1,0.46803839914518686,0.46803839914518686,0.0,PASS
nbaiot_main_cluster_threshold_seed7,7,nbaiot_main,cluster_threshold,Provision_PT_838_Security_Camera,fpr,0.027404984775008457,0.027404984775008457,0.0,PASS
nbaiot_main_cluster_threshold_seed7,7,nbaiot_main,cluster_threshold,Provision_PT_838_Security_Camera,tpr,0.7373089898520674,0.7373089898520674,0.0,PASS
nbaiot_main_cluster_threshold_seed7,7,nbaiot_main,cluster_threshold,Provision_PT_838_Security_Camera,balanced_accuracy,0.8549520025385295,0.8549520025385295,0.0,PASS
nbaiot_main_cluster_threshold_seed7,7,nbaiot_main,cluster_threshold,Provision_PT_838_Security_Camera,macro_f1,0.49957263951577785,0.49957263951577785,0.0,PASS
nbaiot_main_cluster_threshold_seed7,7,nbaiot_main,cluster_threshold,Samsung_SNH_1011_N_Webcam,fpr,0.03504473796335748,0.03504473796335748,0.0,PASS
nbaiot_main_cluster_threshold_seed7,7,nbaiot_main,cluster_threshold,Samsung_SNH_1011_N_Webcam,tpr,0.9996595186212361,0.9996595186212361,0.0,PASS
nbaiot_main_cluster_threshold_seed7,7,nbaiot_main,cluster_threshold,Samsung_SNH_1011_N_Webcam,balanced_accuracy,0.9823073903289393,0.9823073903289393,0.0,PASS
nbaiot_main_cluster_threshold_seed7,7,nbaiot_main,cluster_threshold,Samsung_SNH_1011_N_Webcam,macro_f1,0.9878319869997786,0.9878319869997786,0.0,PASS
nbaiot_main_cluster_threshold_seed7,7,nbaiot_main,cluster_threshold,SimpleHome_XCS7_1002_WHT_Security_Camera,fpr,0.04471205436985811,0.04471205436985811,0.0,PASS
nbaiot_main_cluster_threshold_seed7,7,nbaiot_main,cluster_threshold,SimpleHome_XCS7_1002_WHT_Security_Camera,tpr,0.764005090199162,0.764005090199162,0.0,PASS
nbaiot_main_cluster_threshold_seed7,7,nbaiot_main,cluster_threshold,SimpleHome_XCS7_1002_WHT_Security_Camera,balanced_accuracy,0.859646517914652,0.859646517914652,0.0,PASS
nbaiot_main_cluster_threshold_seed7,7,nbaiot_main,cluster_threshold,SimpleHome_XCS7_1002_WHT_Security_Camera,macro_f1,0.47131536645679756,0.47131536645679756,0.0,PASS
nbaiot_main_cluster_threshold_seed7,7,nbaiot_main,cluster_threshold,SimpleHome_XCS7_1003_WHT_Security_Camera,fpr,0.025305658231447255,0.025305658231447255,0.0,PASS
nbaiot_main_cluster_threshold_seed7,7,nbaiot_main,cluster_threshold,SimpleHome_XCS7_1003_WHT_Security_Camera,tpr,0.9999254178405337,0.9999254178405337,0.0,PASS
nbaiot_main_cluster_threshold_seed7,7,nbaiot_main,cluster_threshold,SimpleHome_XCS7_1003_WHT_Security_Camera,balanced_accuracy,0.9873098798045432,0.9873098798045432,0.0,PASS
nbaiot_main_cluster_threshold_seed7,7,nbaiot_main,cluster_threshold,SimpleHome_XCS7_1003_WHT_Security_Camera,macro_f1,0.9891796504794675,0.9891796504794675,0.0,PASS
nbaiot_main_global_threshold_seed4,4,nbaiot_main,global_threshold,Danmini_Doorbell,fpr,0.04472592758659343,0.04472592758659343,0.0,PASS
nbaiot_main_global_threshold_seed4,4,nbaiot_main,global_threshold,Danmini_Doorbell,tpr,1.0,1.0,0.0,PASS
nbaiot_main_global_threshold_seed4,4,nbaiot_main,global_threshold,Danmini_Doorbell,balanced_accuracy,0.9776370362067033,0.9776370362067033,0.0,PASS
nbaiot_main_global_threshold_seed4,4,nbaiot_main,global_threshold,Danmini_Doorbell,macro_f1,0.9884598006922578,0.9884598006922578,0.0,PASS
nbaiot_main_global_threshold_seed4,4,nbaiot_main,global_threshold,Ecobee_Thermostat,fpr,0.04022015241320914,0.04022015241320914,0.0,PASS
nbaiot_main_global_threshold_seed4,4,nbaiot_main,global_threshold,Ecobee_Thermostat,tpr,0.9999720454128346,0.9999720454128346,0.0,PASS
nbaiot_main_global_threshold_seed4,4,nbaiot_main,global_threshold,Ecobee_Thermostat,balanced_accuracy,0.9798759464998127,0.9798759464998127,0.0,PASS
nbaiot_main_global_threshold_seed4,4,nbaiot_main,global_threshold,Ecobee_Thermostat,macro_f1,0.9872814296612564,0.9872814296612564,0.0,PASS
nbaiot_main_global_threshold_seed4,4,nbaiot_main,global_threshold,Ennio_Doorbell,fpr,0.02912759306621199,0.02912759306621199,0.0,PASS
nbaiot_main_global_threshold_seed4,4,nbaiot_main,global_threshold,Ennio_Doorbell,tpr,0.3511820480404551,0.3511820480404551,0.0,PASS
nbaiot_main_global_threshold_seed4,4,nbaiot_main,global_threshold,Ennio_Doorbell,balanced_accuracy,0.6610272274871215,0.6610272274871215,0.0,PASS
nbaiot_main_global_threshold_seed4,4,nbaiot_main,global_threshold,Ennio_Doorbell,macro_f1,0.2909612692937089,0.2909612692937089,0.0,PASS
nbaiot_main_global_threshold_seed4,4,nbaiot_main,global_threshold,Philips_B120N10_Baby_Monitor,fpr,0.012427085975145828,0.012427085975145828,0.0,PASS
nbaiot_main_global_threshold_seed4,4,nbaiot_main,global_threshold,Philips_B120N10_Baby_Monitor,tpr,0.7851959581433275,0.7851959581433275,0.0,PASS
nbaiot_main_global_threshold_seed4,4,nbaiot_main,global_threshold,Philips_B120N10_Baby_Monitor,balanced_accuracy,0.8863844360840909,0.8863844360840909,0.0,PASS
nbaiot_main_global_threshold_seed4,4,nbaiot_main,global_threshold,Philips_B120N10_Baby_Monitor,macro_f1,0.5590644739071775,0.5590644739071775,0.0,PASS
nbaiot_main_global_threshold_seed4,4,nbaiot_main,global_threshold,Provision_PT_737E_Security_Camera,fpr,0.004736371760500447,0.004736371760500447,0.0,PASS
nbaiot_main_global_threshold_seed4,4,nbaiot_main,global_threshold,Provision_PT_737E_Security_Camera,tpr,0.7279593163348153,0.7279593163348153,0.0,PASS
nbaiot_main_global_threshold_seed4,4,nbaiot_main,global_threshold,Provision_PT_737E_Security_Camera,balanced_accuracy,0.8616114722871574,0.8616114722871574,0.0,PASS
nbaiot_main_global_threshold_seed4,4,nbaiot_main,global_threshold,Provision_PT_737E_Security_Camera,macro_f1,0.46953246145666594,0.46953246145666594,0.0,PASS
nbaiot_main_global_threshold_seed4,4,nbaiot_main,global_threshold,Provision_PT_838_Security_Camera,fpr,0.002481109732716815,0.002481109732716815,0.0,PASS
nbaiot_main_global_threshold_seed4,4,nbaiot_main,global_threshold,Provision_PT_838_Security_Camera,tpr,0.7372751318093602,0.7372751318093602,0.0,PASS
nbaiot_main_global_threshold_seed4,4,nbaiot_main,global_threshold,Provision_PT_838_Security_Camera,balanced_accuracy,0.8673970110383217,0.8673970110383217,0.0,PASS
nbaiot_main_global_threshold_seed4,4,nbaiot_main,global_threshold,Provision_PT_838_Security_Camera,macro_f1,0.5014808841241105,0.5014808841241105,0.0,PASS
nbaiot_main_global_threshold_seed4,4,nbaiot_main,global_threshold,Samsung_SNH_1011_N_Webcam,fpr,0.06007669365146996,0.06007669365146996,0.0,PASS
nbaiot_main_global_threshold_seed4,4,nbaiot_main,global_threshold,Samsung_SNH_1011_N_Webcam,tpr,0.35548422642630745,0.35548422642630745,0.0,PASS
nbaiot_main_global_threshold_seed4,4,nbaiot_main,global_threshold,Samsung_SNH_1011_N_Webcam,balanced_accuracy,0.6477037663874188,0.6477037663874188,0.0,PASS
nbaiot_main_global_threshold_seed4,4,nbaiot_main,global_threshold,Samsung_SNH_1011_N_Webcam,macro_f1,0.30088783056933643,0.30088783056933643,0.0,PASS
nbaiot_main_global_threshold_seed4,4,nbaiot_main,global_threshold,SimpleHome_XCS7_1002_WHT_Security_Camera,fpr,0.12698223441039705,0.12698223441039705,0.0,PASS
nbaiot_main_global_threshold_seed4,4,nbaiot_main,global_threshold,SimpleHome_XCS7_1002_WHT_Security_Camera,tpr,0.7641153206911206,0.7641153206911206,0.0,PASS
nbaiot_main_global_threshold_seed4,4,nbaiot_main,global_threshold,SimpleHome_XCS7_1002_WHT_Security_Camera,balanced_accuracy,0.8185665431403618,0.8185665431403618,0.0,PASS
nbaiot_main_global_threshold_seed4,4,nbaiot_main,global_threshold,SimpleHome_XCS7_1002_WHT_Security_Camera,macro_f1,0.467974489072689,0.467974489072689,0.0,PASS
nbaiot_main_global_threshold_seed4,4,nbaiot_main,global_threshold,SimpleHome_XCS7_1003_WHT_Security_Camera,fpr,0.04264998578333807,0.04264998578333807,0.0,PASS
nbaiot_main_global_threshold_seed4,4,nbaiot_main,global_threshold,SimpleHome_XCS7_1003_WHT_Security_Camera,tpr,0.7583273386920214,0.7583273386920214,0.0,PASS
nbaiot_main_global_threshold_seed4,4,nbaiot_main,global_threshold,SimpleHome_XCS7_1003_WHT_Security_Camera,balanced_accuracy,0.8578386764543416,0.8578386764543416,0.0,PASS
nbaiot_main_global_threshold_seed4,4,nbaiot_main,global_threshold,SimpleHome_XCS7_1003_WHT_Security_Camera,macro_f1,0.44743760006394967,0.44743760006394967,0.0,PASS
nbaiot_main_global_threshold_seed5,5,nbaiot_main,global_threshold,Danmini_Doorbell,fpr,0.04394126219033741,0.04394126219033741,0.0,PASS
nbaiot_main_global_threshold_seed5,5,nbaiot_main,global_threshold,Danmini_Doorbell,tpr,1.0,1.0,0.0,PASS
nbaiot_main_global_threshold_seed5,5,nbaiot_main,global_threshold,Danmini_Doorbell,balanced_accuracy,0.9780293689048313,0.9780293689048313,0.0,PASS
nbaiot_main_global_threshold_seed5,5,nbaiot_main,global_threshold,Danmini_Doorbell,macro_f1,0.9886667674822062,0.9886667674822062,0.0,PASS
nbaiot_main_global_threshold_seed5,5,nbaiot_main,global_threshold,Ecobee_Thermostat,fpr,0.03132938187976291,0.03132938187976291,0.0,PASS
nbaiot_main_global_threshold_seed5,5,nbaiot_main,global_threshold,Ecobee_Thermostat,tpr,0.9999902766653338,0.9999902766653338,0.0,PASS
nbaiot_main_global_threshold_seed5,5,nbaiot_main,global_threshold,Ecobee_Thermostat,balanced_accuracy,0.9843304473927854,0.9843304473927854,0.0,PASS
nbaiot_main_global_threshold_seed5,5,nbaiot_main,global_threshold,Ecobee_Thermostat,macro_f1,0.9911730239838558,0.9911730239838558,0.0,PASS
nbaiot_main_global_threshold_seed5,5,nbaiot_main,global_threshold,Ennio_Doorbell,fpr,0.029269678886047173,0.029269678886047173,0.0,PASS
nbaiot_main_global_threshold_seed5,5,nbaiot_main,global_threshold,Ennio_Doorbell,tpr,0.3511946902654867,0.3511946902654867,0.0,PASS
nbaiot_main_global_threshold_seed5,5,nbaiot_main,global_threshold,Ennio_Doorbell,balanced_accuracy,0.6609625056897198,0.6609625056897198,0.0,PASS
nbaiot_main_global_threshold_seed5,5,nbaiot_main,global_threshold,Ennio_Doorbell,macro_f1,0.2909637326182699,0.2909637326182699,0.0,PASS
nbaiot_main_global_threshold_seed5,5,nbaiot_main,global_threshold,Philips_B120N10_Baby_Monitor,fpr,0.011729647476540705,0.011729647476540705,0.0,PASS
nbaiot_main_global_threshold_seed5,5,nbaiot_main,global_threshold,Philips_B120N10_Baby_Monitor,tpr,0.7851937923215119,0.7851937923215119,0.0,PASS
nbaiot_main_global_threshold_seed5,5,nbaiot_main,global_threshold,Philips_B120N10_Baby_Monitor,balanced_accuracy,0.8867320724224856,0.8867320724224856,0.0,PASS
nbaiot_main_global_threshold_seed5,5,nbaiot_main,global_threshold,Philips_B120N10_Baby_Monitor,macro_f1,0.5591429576680879,0.5591429576680879,0.0,PASS
nbaiot_main_global_threshold_seed5,5,nbaiot_main,global_threshold,Provision_PT_737E_Security_Camera,fpr,0.004468275245755138,0.004468275245755138,0.0,PASS
nbaiot_main_global_threshold_seed5,5,nbaiot_main,global_threshold,Provision_PT_737E_Security_Camera,tpr,0.727935820891626,0.727935820891626,0.0,PASS
nbaiot_main_global_threshold_seed5,5,nbaiot_main,global_threshold,Provision_PT_737E_Security_Camera,balanced_accuracy,0.8617337728229355,0.8617337728229355,0.0,PASS
nbaiot_main_global_threshold_seed5,5,nbaiot_main,global_threshold,Provision_PT_737E_Security_Camera,macro_f1,0.4695341552001487,0.4695341552001487,0.0,PASS
nbaiot_main_global_threshold_seed5,5,nbaiot_main,global_threshold,Provision_PT_838_Security_Camera,fpr,0.002593887447840307,0.002593887447840307,0.0,PASS
nbaiot_main_global_threshold_seed5,5,nbaiot_main,global_threshold,Provision_PT_838_Security_Camera,tpr,0.7372588799488609,0.7372588799488609,0.0,PASS
nbaiot_main_global_threshold_seed5,5,nbaiot_main,global_threshold,Provision_PT_838_Security_Camera,balanced_accuracy,0.8673324962505102,0.8673324962505102,0.0,PASS
nbaiot_main_global_threshold_seed5,5,nbaiot_main,global_threshold,Provision_PT_838_Security_Camera,macro_f1,0.5014627592544345,0.5014627592544345,0.0,PASS
nbaiot_main_global_threshold_seed5,5,nbaiot_main,global_threshold,Samsung_SNH_1011_N_Webcam,fpr,0.06455048998721773,0.06455048998721773,0.0,PASS
nbaiot_main_global_threshold_seed5,5,nbaiot_main,global_threshold,Samsung_SNH_1011_N_Webcam,tpr,0.9998854744453248,0.9998854744453248,0.0,PASS
nbaiot_main_global_threshold_seed5,5,nbaiot_main,global_threshold,Samsung_SNH_1011_N_Webcam,balanced_accuracy,0.9676674922290536,0.9676674922290536,0.0,PASS
nbaiot_main_global_threshold_seed5,5,nbaiot_main,global_threshold,Samsung_SNH_1011_N_Webcam,macro_f1,0.9818448270610058,0.9818448270610058,0.0,PASS
nbaiot_main_global_threshold_seed5,5,nbaiot_main,global_threshold,SimpleHome_XCS7_1002_WHT_Security_Camera,fpr,0.13306307380469776,0.13306307380469776,0.0,PASS
nbaiot_main_global_threshold_seed5,5,nbaiot_main,global_threshold,SimpleHome_XCS7_1002_WHT_Security_Camera,tpr,0.7642182024836155,0.7642182024836155,0.0,PASS
nbaiot_main_global_threshold_seed5,5,nbaiot_main,global_threshold,SimpleHome_XCS7_1002_WHT_Security_Camera,balanced_accuracy,0.8155775643394589,0.8155775643394589,0.0,PASS
nbaiot_main_global_threshold_seed5,5,nbaiot_main,global_threshold,SimpleHome_XCS7_1002_WHT_Security_Camera,macro_f1,0.46777002648405586,0.46777002648405586,0.0,PASS
nbaiot_main_global_threshold_seed5,5,nbaiot_main,global_threshold,SimpleHome_XCS7_1003_WHT_Security_Camera,fpr,0.04407165197611601,0.04407165197611601,0.0,PASS
nbaiot_main_global_threshold_seed5,5,nbaiot_main,global_threshold,SimpleHome_XCS7_1003_WHT_Security_Camera,tpr,0.9999807529911054,0.9999807529911054,0.0,PASS
nbaiot_main_global_threshold_seed5,5,nbaiot_main,global_threshold,SimpleHome_XCS7_1003_WHT_Security_Camera,balanced_accuracy,0.9779545505074947,0.9779545505074947,0.0,PASS
nbaiot_main_global_threshold_seed5,5,nbaiot_main,global_threshold,SimpleHome_XCS7_1003_WHT_Security_Camera,macro_f1,0.9875482886318818,0.9875482886318818,0.0,PASS
nbaiot_main_global_threshold_seed6,6,nbaiot_main,global_threshold,Danmini_Doorbell,fpr,0.04416545230355341,0.04416545230355341,0.0,PASS
nbaiot_main_global_threshold_seed6,6,nbaiot_main,global_threshold,Danmini_Doorbell,tpr,1.0,1.0,0.0,PASS
nbaiot_main_global_threshold_seed6,6,nbaiot_main,global_threshold,Danmini_Doorbell,balanced_accuracy,0.9779172738482234,0.9779172738482234,0.0,PASS
nbaiot_main_global_threshold_seed6,6,nbaiot_main,global_threshold,Danmini_Doorbell,macro_f1,0.9886076509100745,0.9886076509100745,0.0,PASS
nbaiot_main_global_threshold_seed6,6,nbaiot_main,global_threshold,Ecobee_Thermostat,fpr,0.04276037256562235,0.04276037256562235,0.0,PASS
nbaiot_main_global_threshold_seed6,6,nbaiot_main,global_threshold,Ecobee_Thermostat,tpr,0.9999720454128346,0.9999720454128346,0.0,PASS
nbaiot_main_global_threshold_seed6,6,nbaiot_main,global_threshold,Ecobee_Thermostat,balanced_accuracy,0.9786058364236061,0.9786058364236061,0.0,PASS
nbaiot_main_global_threshold_seed6,6,nbaiot_main,global_threshold,Ecobee_Thermostat,macro_f1,0.9866175111219208,0.9866175111219208,0.0,PASS
nbaiot_main_global_threshold_seed6,6,nbaiot_main,global_threshold,Ennio_Doorbell,fpr,0.02912759306621199,0.02912759306621199,0.0,PASS
nbaiot_main_global_threshold_seed6,6,nbaiot_main,global_threshold,Ennio_Doorbell,tpr,0.35117888748419723,0.35117888748419723,0.0,PASS
nbaiot_main_global_threshold_seed6,6,nbaiot_main,global_threshold,Ennio_Doorbell,balanced_accuracy,0.6610256472089926,0.6610256472089926,0.0,PASS
nbaiot_main_global_threshold_seed6,6,nbaiot_main,global_threshold,Ennio_Doorbell,macro_f1,0.29095939640856416,0.29095939640856416,0.0,PASS
nbaiot_main_global_threshold_seed6,6,nbaiot_main,global_threshold,Philips_B120N10_Baby_Monitor,fpr,0.015026629469946741,0.015026629469946741,0.0,PASS
nbaiot_main_global_threshold_seed6,6,nbaiot_main,global_threshold,Philips_B120N10_Baby_Monitor,tpr,0.7851970410542354,0.7851970410542354,0.0,PASS
nbaiot_main_global_threshold_seed6,6,nbaiot_main,global_threshold,Philips_B120N10_Baby_Monitor,balanced_accuracy,0.8850852057921443,0.8850852057921443,0.0,PASS
nbaiot_main_global_threshold_seed6,6,nbaiot_main,global_threshold,Philips_B120N10_Baby_Monitor,macro_f1,0.5587666883422113,0.5587666883422113,0.0,PASS
nbaiot_main_global_threshold_seed6,6,nbaiot_main,global_threshold,Provision_PT_737E_Security_Camera,fpr,0.004468275245755138,0.004468275245755138,0.0,PASS
nbaiot_main_global_threshold_seed6,6,nbaiot_main,global_threshold,Provision_PT_737E_Security_Camera,tpr,0.7279540951252177,0.7279540951252177,0.0,PASS
nbaiot_main_global_threshold_seed6,6,nbaiot_main,global_threshold,Provision_PT_737E_Security_Camera,balanced_accuracy,0.8617429099397313,0.8617429099397313,0.0,PASS
nbaiot_main_global_threshold_seed6,6,nbaiot_main,global_threshold,Provision_PT_737E_Security_Camera,macro_f1,0.46954320452523124,0.46954320452523124,0.0,PASS
nbaiot_main_global_threshold_seed6,6,nbaiot_main,global_threshold,Provision_PT_838_Security_Camera,fpr,0.0029886094507725275,0.0029886094507725275,0.0,PASS
nbaiot_main_global_threshold_seed6,6,nbaiot_main,global_threshold,Provision_PT_838_Security_Camera,tpr,0.7372656515574022,0.7372656515574022,0.0,PASS
nbaiot_main_global_threshold_seed6,6,nbaiot_main,global_threshold,Provision_PT_838_Security_Camera,balanced_accuracy,0.8671385210533149,0.8671385210533149,0.0,PASS
nbaiot_main_global_threshold_seed6,6,nbaiot_main,global_threshold,Provision_PT_838_Security_Camera,macro_f1,0.5014362072326549,0.5014362072326549,0.0,PASS
nbaiot_main_global_threshold_seed6,6,nbaiot_main,global_threshold,Samsung_SNH_1011_N_Webcam,fpr,0.0672134639965914,0.0672134639965914,0.0,PASS
nbaiot_main_global_threshold_seed6,6,nbaiot_main,global_threshold,Samsung_SNH_1011_N_Webcam,tpr,0.9998916650158478,0.9998916650158478,0.0,PASS
nbaiot_main_global_threshold_seed6,6,nbaiot_main,global_threshold,Samsung_SNH_1011_N_Webcam,balanced_accuracy,0.9663391005096282,0.9663391005096282,0.0,PASS
nbaiot_main_global_threshold_seed6,6,nbaiot_main,global_threshold,Samsung_SNH_1011_N_Webcam,macro_f1,0.9811682782528184,0.9811682782528184,0.0,PASS
nbaiot_main_global_threshold_seed6,6,nbaiot_main,global_threshold,SimpleHome_XCS7_1002_WHT_Security_Camera,fpr,0.13628234171932754,0.13628234171932754,0.0,PASS
nbaiot_main_global_threshold_seed6,6,nbaiot_main,global_threshold,SimpleHome_XCS7_1002_WHT_Security_Camera,tpr,0.764087150676509,0.764087150676509,0.0,PASS
nbaiot_main_global_threshold_seed6,6,nbaiot_main,global_threshold,SimpleHome_XCS7_1002_WHT_Security_Camera,balanced_accuracy,0.8139024044785907,0.8139024044785907,0.0,PASS
nbaiot_main_global_threshold_seed6,6,nbaiot_main,global_threshold,SimpleHome_XCS7_1002_WHT_Security_Camera,macro_f1,0.4675767469834703,0.4675767469834703,0.0,PASS
nbaiot_main_global_threshold_seed6,6,nbaiot_main,global_threshold,SimpleHome_XCS7_1003_WHT_Security_Camera,fpr,0.04464031845322718,0.04464031845322718,0.0,PASS
nbaiot_main_global_threshold_seed6,6,nbaiot_main,global_threshold,SimpleHome_XCS7_1003_WHT_Security_Camera,tpr,0.9999723324247142,0.9999723324247142,0.0,PASS
nbaiot_main_global_threshold_seed6,6,nbaiot_main,global_threshold,SimpleHome_XCS7_1003_WHT_Security_Camera,balanced_accuracy,0.9776660069857435,0.9776660069857435,0.0,PASS
nbaiot_main_global_threshold_seed6,6,nbaiot_main,global_threshold,SimpleHome_XCS7_1003_WHT_Security_Camera,macro_f1,0.9869023938891488,0.9869023938891488,0.0,PASS
nbaiot_main_global_threshold_seed7,7,nbaiot_main,global_threshold,Danmini_Doorbell,fpr,0.04461383252998543,0.04461383252998543,0.0,PASS
nbaiot_main_global_threshold_seed7,7,nbaiot_main,global_threshold,Danmini_Doorbell,tpr,1.0,1.0,0.0,PASS
nbaiot_main_global_threshold_seed7,7,nbaiot_main,global_threshold,Danmini_Doorbell,balanced_accuracy,0.9776930837350073,0.9776930837350073,0.0,PASS
nbaiot_main_global_threshold_seed7,7,nbaiot_main,global_threshold,Danmini_Doorbell,macro_f1,0.9884893774567023,0.9884893774567023,0.0,PASS
nbaiot_main_global_threshold_seed7,7,nbaiot_main,global_threshold,Ecobee_Thermostat,fpr,0.04784081287044877,0.04784081287044877,0.0,PASS
nbaiot_main_global_threshold_seed7,7,nbaiot_main,global_threshold,Ecobee_Thermostat,tpr,0.9999829841643341,0.9999829841643341,0.0,PASS
nbaiot_main_global_threshold_seed7,7,nbaiot_main,global_threshold,Ecobee_Thermostat,balanced_accuracy,0.9760710856469427,0.9760710856469427,0.0,PASS
nbaiot_main_global_threshold_seed7,7,nbaiot_main,global_threshold,Ecobee_Thermostat,macro_f1,0.9862316831073383,0.9862316831073383,0.0,PASS
nbaiot_main_global_threshold_seed7,7,nbaiot_main,global_threshold,Ennio_Doorbell,fpr,0.02912759306621199,0.02912759306621199,0.0,PASS
nbaiot_main_global_threshold_seed7,7,nbaiot_main,global_threshold,Ennio_Doorbell,tpr,0.35117888748419723,0.35117888748419723,0.0,PASS
nbaiot_main_global_threshold_seed7,7,nbaiot_main,global_threshold,Ennio_Doorbell,balanced_accuracy,0.6610256472089926,0.6610256472089926,0.0,PASS
nbaiot_main_global_threshold_seed7,7,nbaiot_main,global_threshold,Ennio_Doorbell,macro_f1,0.29095939640856416,0.29095939640856416,0.0,PASS
nbaiot_main_global_threshold_seed7,7,nbaiot_main,global_threshold,Philips_B120N10_Baby_Monitor,fpr,0.01141262997717474,0.01141262997717474,0.0,PASS
nbaiot_main_global_threshold_seed7,7,nbaiot_main,global_threshold,Philips_B120N10_Baby_Monitor,tpr,0.7852013726978668,0.7852013726978668,0.0,PASS
nbaiot_main_global_threshold_seed7,7,nbaiot_main,global_threshold,Philips_B120N10_Baby_Monitor,balanced_accuracy,0.8868943713603461,0.8868943713603461,0.0,PASS
nbaiot_main_global_threshold_seed7,7,nbaiot_main,global_threshold,Philips_B120N10_Baby_Monitor,macro_f1,0.5591849332823859,0.5591849332823859,0.0,PASS
nbaiot_main_global_threshold_seed7,7,nbaiot_main,global_threshold,Provision_PT_737E_Security_Camera,fpr,0.00741733690795353,0.00741733690795353,0.0,PASS
nbaiot_main_global_threshold_seed7,7,nbaiot_main,global_threshold,Provision_PT_737E_Security_Camera,tpr,0.7279462633108212,0.7279462633108212,0.0,PASS
nbaiot_main_global_threshold_seed7,7,nbaiot_main,global_threshold,Provision_PT_737E_Security_Camera,balanced_accuracy,0.8602644632014338,0.8602644632014338,0.0,PASS
nbaiot_main_global_threshold_seed7,7,nbaiot_main,global_threshold,Provision_PT_737E_Security_Camera,macro_f1,0.46939269943786965,0.46939269943786965,0.0,PASS
nbaiot_main_global_threshold_seed7,7,nbaiot_main,global_threshold,Provision_PT_838_Security_Camera,fpr,0.0031577760234577645,0.0031577760234577645,0.0,PASS
nbaiot_main_global_threshold_seed7,7,nbaiot_main,global_threshold,Provision_PT_838_Security_Camera,tpr,0.737264297235694,0.737264297235694,0.0,PASS
nbaiot_main_global_threshold_seed7,7,nbaiot_main,global_threshold,Provision_PT_838_Security_Camera,balanced_accuracy,0.8670532606061181,0.8670532606061181,0.0,PASS
nbaiot_main_global_threshold_seed7,7,nbaiot_main,global_threshold,Provision_PT_838_Security_Camera,macro_f1,0.501422360960031,0.501422360960031,0.0,PASS
nbaiot_main_global_threshold_seed7,7,nbaiot_main,global_threshold,Samsung_SNH_1011_N_Webcam,fpr,0.07040903280783979,0.07040903280783979,0.0,PASS
nbaiot_main_global_threshold_seed7,7,nbaiot_main,global_threshold,Samsung_SNH_1011_N_Webcam,tpr,0.9999071414421553,0.9999071414421553,0.0,PASS
nbaiot_main_global_threshold_seed7,7,nbaiot_main,global_threshold,Samsung_SNH_1011_N_Webcam,balanced_accuracy,0.9647490543171577,0.9647490543171577,0.0,PASS
nbaiot_main_global_threshold_seed7,7,nbaiot_main,global_threshold,Samsung_SNH_1011_N_Webcam,macro_f1,0.9804247529971473,0.9804247529971473,0.0,PASS
nbaiot_main_global_threshold_seed7,7,nbaiot_main,global_threshold,SimpleHome_XCS7_1002_WHT_Security_Camera,fpr,0.12769762728031478,0.12769762728031478,0.0,PASS
nbaiot_main_global_threshold_seed7,7,nbaiot_main,global_threshold,SimpleHome_XCS7_1002_WHT_Security_Camera,tpr,0.9998836455918214,0.9998836455918214,0.0,PASS
nbaiot_main_global_threshold_seed7,7,nbaiot_main,global_threshold,SimpleHome_XCS7_1002_WHT_Security_Camera,balanced_accuracy,0.9360930091557533,0.9360930091557533,0.0,PASS
nbaiot_main_global_threshold_seed7,7,nbaiot_main,global_threshold,SimpleHome_XCS7_1002_WHT_Security_Camera,macro_f1,0.9627397834539162,0.9627397834539162,0.0,PASS
nbaiot_main_global_threshold_seed7,7,nbaiot_main,global_threshold,SimpleHome_XCS7_1003_WHT_Security_Camera,fpr,0.04577765140744953,0.04577765140744953,0.0,PASS
nbaiot_main_global_threshold_seed7,7,nbaiot_main,global_threshold,SimpleHome_XCS7_1003_WHT_Security_Camera,tpr,0.9999627089202668,0.9999627089202668,0.0,PASS
nbaiot_main_global_threshold_seed7,7,nbaiot_main,global_threshold,SimpleHome_XCS7_1003_WHT_Security_Camera,balanced_accuracy,0.9770925287564087,0.9770925287564087,0.0,PASS
nbaiot_main_global_threshold_seed7,7,nbaiot_main,global_threshold,SimpleHome_XCS7_1003_WHT_Security_Camera,macro_f1,0.9860372808690188,0.9860372808690188,0.0,PASS
nbaiot_main_global_threshold_seed8,8,nbaiot_main,global_threshold,Danmini_Doorbell,fpr,0.04315659679408138,0.04315659679408138,0.0,PASS
nbaiot_main_global_threshold_seed8,8,nbaiot_main,global_threshold,Danmini_Doorbell,tpr,1.0,1.0,0.0,PASS
nbaiot_main_global_threshold_seed8,8,nbaiot_main,global_threshold,Danmini_Doorbell,balanced_accuracy,0.9784217016029593,0.9784217016029593,0.0,PASS
nbaiot_main_global_threshold_seed8,8,nbaiot_main,global_threshold,Danmini_Doorbell,macro_f1,0.9888735697520579,0.9888735697520579,0.0,PASS
nbaiot_main_global_threshold_seed8,8,nbaiot_main,global_threshold,Ecobee_Thermostat,fpr,0.03090601185436071,0.03090601185436071,0.0,PASS
nbaiot_main_global_threshold_seed8,8,nbaiot_main,global_threshold,Ecobee_Thermostat,tpr,0.9999708299960013,0.9999708299960013,0.0,PASS
nbaiot_main_global_threshold_seed8,8,nbaiot_main,global_threshold,Ecobee_Thermostat,balanced_accuracy,0.9845324090708203,0.9845324090708203,0.0,PASS
nbaiot_main_global_threshold_seed8,8,nbaiot_main,global_threshold,Ecobee_Thermostat,macro_f1,0.9895961954686288,0.9895961954686288,0.0,PASS
nbaiot_main_global_threshold_seed8,8,nbaiot_main,global_threshold,Ennio_Doorbell,fpr,0.02884342142654163,0.02884342142654163,0.0,PASS
nbaiot_main_global_threshold_seed8,8,nbaiot_main,global_threshold,Ennio_Doorbell,tpr,0.3511757269279393,0.3511757269279393,0.0,PASS
nbaiot_main_global_threshold_seed8,8,nbaiot_main,global_threshold,Ennio_Doorbell,balanced_accuracy,0.6611661527506989,0.6611661527506989,0.0,PASS
nbaiot_main_global_threshold_seed8,8,nbaiot_main,global_threshold,Ennio_Doorbell,macro_f1,0.29096757943449525,0.29096757943449525,0.0,PASS
nbaiot_main_global_threshold_seed8,8,nbaiot_main,global_threshold,Philips_B120N10_Baby_Monitor,fpr,0.010810296728379406,0.010810296728379406,0.0,PASS
nbaiot_main_global_threshold_seed8,8,nbaiot_main,global_threshold,Philips_B120N10_Baby_Monitor,tpr,0.7851948752324197,0.7851948752324197,0.0,PASS
nbaiot_main_global_threshold_seed8,8,nbaiot_main,global_threshold,Philips_B120N10_Baby_Monitor,balanced_accuracy,0.8871922892520201,0.8871922892520201,0.0,PASS
nbaiot_main_global_threshold_seed8,8,nbaiot_main,global_threshold,Philips_B120N10_Baby_Monitor,macro_f1,0.5592492930276678,0.5592492930276678,0.0,PASS
nbaiot_main_global_threshold_seed8,8,nbaiot_main,global_threshold,Provision_PT_737E_Security_Camera,fpr,0.003485254691689008,0.003485254691689008,0.0,PASS
nbaiot_main_global_threshold_seed8,8,nbaiot_main,global_threshold,Provision_PT_737E_Security_Camera,tpr,0.7279436527060225,0.7279436527060225,0.0,PASS
nbaiot_main_global_threshold_seed8,8,nbaiot_main,global_threshold,Provision_PT_737E_Security_Camera,balanced_accuracy,0.8622291990071667,0.8622291990071667,0.0,PASS
nbaiot_main_global_threshold_seed8,8,nbaiot_main,global_threshold,Provision_PT_737E_Security_Camera,macro_f1,0.4695869001364853,0.4695869001364853,0.0,PASS
nbaiot_main_global_threshold_seed8,8,nbaiot_main,global_threshold,Provision_PT_838_Security_Camera,fpr,0.0027066651629637983,0.0027066651629637983,0.0,PASS
nbaiot_main_global_threshold_seed8,8,nbaiot_main,global_threshold,Provision_PT_838_Security_Camera,tpr,0.7372575256271525,0.7372575256271525,0.0,PASS
nbaiot_main_global_threshold_seed8,8,nbaiot_main,global_threshold,Provision_PT_838_Security_Camera,balanced_accuracy,0.8672754302320944,0.8672754302320944,0.0,PASS
nbaiot_main_global_threshold_seed8,8,nbaiot_main,global_threshold,Provision_PT_838_Security_Camera,macro_f1,0.5014532674245227,0.5014532674245227,0.0,PASS
nbaiot_main_global_threshold_seed8,8,nbaiot_main,global_threshold,Samsung_SNH_1011_N_Webcam,fpr,0.08010225820195994,0.08010225820195994,0.0,PASS
nbaiot_main_global_threshold_seed8,8,nbaiot_main,global_threshold,Samsung_SNH_1011_N_Webcam,tpr,0.9998266640253566,0.9998266640253566,0.0,PASS
nbaiot_main_global_threshold_seed8,8,nbaiot_main,global_threshold,Samsung_SNH_1011_N_Webcam,balanced_accuracy,0.9598622029116983,0.9598622029116983,0.0,PASS
nbaiot_main_global_threshold_seed8,8,nbaiot_main,global_threshold,Samsung_SNH_1011_N_Webcam,macro_f1,0.9770302924004132,0.9770302924004132,0.0,PASS
nbaiot_main_global_threshold_seed8,8,nbaiot_main,global_threshold,SimpleHome_XCS7_1002_WHT_Security_Camera,fpr,0.13175152020984857,0.13175152020984857,0.0,PASS
nbaiot_main_global_threshold_seed8,8,nbaiot_main,global_threshold,SimpleHome_XCS7_1002_WHT_Security_Camera,tpr,0.76417655985332,0.76417655985332,0.0,PASS
nbaiot_main_global_threshold_seed8,8,nbaiot_main,global_threshold,SimpleHome_XCS7_1002_WHT_Security_Camera,balanced_accuracy,0.8162125198217357,0.8162125198217357,0.0,PASS
nbaiot_main_global_threshold_seed8,8,nbaiot_main,global_threshold,SimpleHome_XCS7_1002_WHT_Security_Camera,macro_f1,0.46780523396254575,0.46780523396254575,0.0,PASS
nbaiot_main_global_threshold_seed8,8,nbaiot_main,global_threshold,SimpleHome_XCS7_1003_WHT_Security_Camera,fpr,0.04378731873756042,0.04378731873756042,0.0,PASS
nbaiot_main_global_threshold_seed8,8,nbaiot_main,global_threshold,SimpleHome_XCS7_1003_WHT_Security_Camera,tpr,0.9999494766016519,0.9999494766016519,0.0,PASS
nbaiot_main_global_threshold_seed8,8,nbaiot_main,global_threshold,SimpleHome_XCS7_1003_WHT_Security_Camera,balanced_accuracy,0.9780810789320458,0.9780810789320458,0.0,PASS
nbaiot_main_global_threshold_seed8,8,nbaiot_main,global_threshold,SimpleHome_XCS7_1003_WHT_Security_Camera,macro_f1,0.9857833021322786,0.9857833021322786,0.0,PASS
nbaiot_main_global_threshold_seed9,9,nbaiot_main,global_threshold,Danmini_Doorbell,fpr,0.04024212532227329,0.04024212532227329,0.0,PASS
nbaiot_main_global_threshold_seed9,9,nbaiot_main,global_threshold,Danmini_Doorbell,tpr,1.0,1.0,0.0,PASS
nbaiot_main_global_threshold_seed9,9,nbaiot_main,global_threshold,Danmini_Doorbell,balanced_accuracy,0.9798789373388633,0.9798789373388633,0.0,PASS
nbaiot_main_global_threshold_seed9,9,nbaiot_main,global_threshold,Danmini_Doorbell,macro_f1,0.9896402553742002,0.9896402553742002,0.0,PASS
nbaiot_main_global_threshold_seed9,9,nbaiot_main,global_threshold,Ecobee_Thermostat,fpr,0.02243861134631668,0.02243861134631668,0.0,PASS
nbaiot_main_global_threshold_seed9,9,nbaiot_main,global_threshold,Ecobee_Thermostat,tpr,0.7573566142376359,0.7573566142376359,0.0,PASS
nbaiot_main_global_threshold_seed9,9,nbaiot_main,global_threshold,Ecobee_Thermostat,balanced_accuracy,0.8674590014456596,0.8674590014456596,0.0,PASS
nbaiot_main_global_threshold_seed9,9,nbaiot_main,global_threshold,Ecobee_Thermostat,macro_f1,0.4422492447539878,0.4422492447539878,0.0,PASS
nbaiot_main_global_threshold_seed9,9,nbaiot_main,global_threshold,Ennio_Doorbell,fpr,0.02912759306621199,0.02912759306621199,0.0,PASS
nbaiot_main_global_threshold_seed9,9,nbaiot_main,global_threshold,Ennio_Doorbell,tpr,0.3511820480404551,0.3511820480404551,0.0,PASS
nbaiot_main_global_threshold_seed9,9,nbaiot_main,global_threshold,Ennio_Doorbell,balanced_accuracy,0.6610272274871215,0.6610272274871215,0.0,PASS
nbaiot_main_global_threshold_seed9,9,nbaiot_main,global_threshold,Ennio_Doorbell,macro_f1,0.2909612692937089,0.2909612692937089,0.0,PASS
nbaiot_main_global_threshold_seed9,9,nbaiot_main,global_threshold,Philips_B120N10_Baby_Monitor,fpr,0.01004945472990109,0.01004945472990109,0.0,PASS
nbaiot_main_global_threshold_seed9,9,nbaiot_main,global_threshold,Philips_B120N10_Baby_Monitor,tpr,0.7851840461233414,0.7851840461233414,0.0,PASS
nbaiot_main_global_threshold_seed9,9,nbaiot_main,global_threshold,Philips_B120N10_Baby_Monitor,balanced_accuracy,0.8875672956967202,0.8875672956967202,0.0,PASS
nbaiot_main_global_threshold_seed9,9,nbaiot_main,global_threshold,Philips_B120N10_Baby_Monitor,macro_f1,0.5593286416063149,0.5593286416063149,0.0,PASS
nbaiot_main_global_threshold_seed9,9,nbaiot_main,global_threshold,Provision_PT_737E_Security_Camera,fpr,0.002323503127792672,0.002323503127792672,0.0,PASS
nbaiot_main_global_threshold_seed9,9,nbaiot_main,global_threshold,Provision_PT_737E_Security_Camera,tpr,0.7279162413556348,0.7279162413556348,0.0,PASS
nbaiot_main_global_threshold_seed9,9,nbaiot_main,global_threshold,Provision_PT_737E_Security_Camera,balanced_accuracy,0.8627963691139211,0.8627963691139211,0.0,PASS
nbaiot_main_global_threshold_seed9,9,nbaiot_main,global_threshold,Provision_PT_737E_Security_Camera,macro_f1,0.46963106386550446,0.46963106386550446,0.0,PASS
nbaiot_main_global_threshold_seed9,9,nbaiot_main,global_threshold,Provision_PT_838_Security_Camera,fpr,0.002481109732716815,0.002481109732716815,0.0,PASS
nbaiot_main_global_threshold_seed9,9,nbaiot_main,global_threshold,Provision_PT_838_Security_Camera,tpr,0.7372466910534863,0.7372466910534863,0.0,PASS
nbaiot_main_global_threshold_seed9,9,nbaiot_main,global_threshold,Provision_PT_838_Security_Camera,balanced_accuracy,0.8673827906603847,0.8673827906603847,0.0,PASS
nbaiot_main_global_threshold_seed9,9,nbaiot_main,global_threshold,Provision_PT_838_Security_Camera,macro_f1,0.5014644029643651,0.5014644029643651,0.0,PASS
nbaiot_main_global_threshold_seed9,9,nbaiot_main,global_threshold,Samsung_SNH_1011_N_Webcam,fpr,0.06561567959096719,0.06561567959096719,0.0,PASS
nbaiot_main_global_threshold_seed9,9,nbaiot_main,global_threshold,Samsung_SNH_1011_N_Webcam,tpr,0.9998111875990491,0.9998111875990491,0.0,PASS
nbaiot_main_global_threshold_seed9,9,nbaiot_main,global_threshold,Samsung_SNH_1011_N_Webcam,balanced_accuracy,0.967097754004041,0.967097754004041,0.0,PASS
nbaiot_main_global_threshold_seed9,9,nbaiot_main,global_threshold,Samsung_SNH_1011_N_Webcam,macro_f1,0.9808991070014099,0.9808991070014099,0.0,PASS
nbaiot_main_global_threshold_seed9,9,nbaiot_main,global_threshold,SimpleHome_XCS7_1002_WHT_Security_Camera,fpr,0.12984380589006797,0.12984380589006797,0.0,PASS
nbaiot_main_global_threshold_seed9,9,nbaiot_main,global_threshold,SimpleHome_XCS7_1002_WHT_Security_Camera,tpr,0.7639548740861586,0.7639548740861586,0.0,PASS
nbaiot_main_global_threshold_seed9,9,nbaiot_main,global_threshold,SimpleHome_XCS7_1002_WHT_Security_Camera,balanced_accuracy,0.8170555340980453,0.8170555340980453,0.0,PASS
nbaiot_main_global_threshold_seed9,9,nbaiot_main,global_threshold,SimpleHome_XCS7_1002_WHT_Security_Camera,macro_f1,0.46778252626415867,0.46778252626415867,0.0,PASS
nbaiot_main_global_threshold_seed9,9,nbaiot_main,global_threshold,SimpleHome_XCS7_1003_WHT_Security_Camera,fpr,0.037816320727893094,0.037816320727893094,0.0,PASS
nbaiot_main_global_threshold_seed9,9,nbaiot_main,global_threshold,SimpleHome_XCS7_1003_WHT_Security_Camera,tpr,0.7582972652406237,0.7582972652406237,0.0,PASS
nbaiot_main_global_threshold_seed9,9,nbaiot_main,global_threshold,SimpleHome_XCS7_1003_WHT_Security_Camera,balanced_accuracy,0.8602404722563652,0.8602404722563652,0.0,PASS
nbaiot_main_global_threshold_seed9,9,nbaiot_main,global_threshold,SimpleHome_XCS7_1003_WHT_Security_Camera,macro_f1,0.44751141164351393,0.44751141164351393,0.0,PASS
nbaiot_main_local_threshold_seed0,0,nbaiot_main,local_threshold,Danmini_Doorbell,fpr,0.038560699473153236,0.038560699473153236,0.0,PASS
nbaiot_main_local_threshold_seed0,0,nbaiot_main,local_threshold,Danmini_Doorbell,tpr,1.0,1.0,0.0,PASS
nbaiot_main_local_threshold_seed0,0,nbaiot_main,local_threshold,Danmini_Doorbell,balanced_accuracy,0.9807196502634234,0.9807196502634234,0.0,PASS
nbaiot_main_local_threshold_seed0,0,nbaiot_main,local_threshold,Danmini_Doorbell,macro_f1,0.9900815467431031,0.9900815467431031,0.0,PASS
nbaiot_main_local_threshold_seed0,0,nbaiot_main,local_threshold,Ecobee_Thermostat,fpr,0.06096528365791702,0.06096528365791702,0.0,PASS
nbaiot_main_local_threshold_seed0,0,nbaiot_main,local_threshold,Ecobee_Thermostat,tpr,0.9999781224970009,0.9999781224970009,0.0,PASS
nbaiot_main_local_threshold_seed0,0,nbaiot_main,local_threshold,Ecobee_Thermostat,balanced_accuracy,0.969506419419542,0.969506419419542,0.0,PASS
nbaiot_main_local_threshold_seed0,0,nbaiot_main,local_threshold,Ecobee_Thermostat,macro_f1,0.9823344244502074,0.9823344244502074,0.0,PASS
nbaiot_main_local_threshold_seed0,0,nbaiot_main,local_threshold,Ennio_Doorbell,fpr,0.0494458653026428,0.0494458653026428,0.0,PASS
nbaiot_main_local_threshold_seed0,0,nbaiot_main,local_threshold,Ennio_Doorbell,tpr,0.35119785082174465,0.35119785082174465,0.0,PASS
nbaiot_main_local_threshold_seed0,0,nbaiot_main,local_threshold,Ennio_Doorbell,balanced_accuracy,0.6508759927595509,0.6508759927595509,0.0,PASS
nbaiot_main_local_threshold_seed0,0,nbaiot_main,local_threshold,Ennio_Doorbell,macro_f1,0.29025122421502525,0.29025122421502525,0.0,PASS
nbaiot_main_local_threshold_seed0,0,nbaiot_main,local_threshold,Philips_B120N10_Baby_Monitor,fpr,0.03782018767435962,0.03782018767435962,0.0,PASS
nbaiot_main_local_threshold_seed0,0,nbaiot_main,local_threshold,Philips_B120N10_Baby_Monitor,tpr,0.9999144500382809,0.9999144500382809,0.0,PASS
nbaiot_main_local_threshold_seed0,0,nbaiot_main,local_threshold,Philips_B120N10_Baby_Monitor,balanced_accuracy,0.9810471311819606,0.9810471311819606,0.0,PASS
nbaiot_main_local_threshold_seed0,0,nbaiot_main,local_threshold,Philips_B120N10_Baby_Monitor,macro_f1,0.9893934738312073,0.9893934738312073,0.0,PASS
nbaiot_main_local_threshold_seed0,0,nbaiot_main,local_threshold,Provision_PT_737E_Security_Camera,fpr,0.043610366398570154,0.043610366398570154,0.0,PASS
nbaiot_main_local_threshold_seed0,0,nbaiot_main,local_threshold,Provision_PT_737E_Security_Camera,tpr,0.7280023913139957,0.7280023913139957,0.0,PASS
nbaiot_main_local_threshold_seed0,0,nbaiot_main,local_threshold,Provision_PT_737E_Security_Camera,balanced_accuracy,0.8421960124577128,0.8421960124577128,0.0,PASS
nbaiot_main_local_threshold_seed0,0,nbaiot_main,local_threshold,Provision_PT_737E_Security_Camera,macro_f1,0.46761752738454354,0.46761752738454354,0.0,PASS
nbaiot_main_local_threshold_seed0,0,nbaiot_main,local_threshold,Provision_PT_838_Security_Camera,fpr,0.02131498815833991,0.02131498815833991,0.0,PASS
nbaiot_main_local_threshold_seed0,0,nbaiot_main,local_threshold,Provision_PT_838_Security_Camera,tpr,0.7373252417125669,0.7373252417125669,0.0,PASS
nbaiot_main_local_threshold_seed0,0,nbaiot_main,local_threshold,Provision_PT_838_Security_Camera,balanced_accuracy,0.8580051267771135,0.8580051267771135,0.0,PASS
nbaiot_main_local_threshold_seed0,0,nbaiot_main,local_threshold,Provision_PT_838_Security_Camera,macro_f1,0.5000536813115136,0.5000536813115136,0.0,PASS
nbaiot_main_local_threshold_seed0,0,nbaiot_main,local_threshold,Samsung_SNH_1011_N_Webcam,fpr,0.04654878568385173,0.04654878568385173,0.0,PASS
nbaiot_main_local_threshold_seed0,0,nbaiot_main,local_threshold,Samsung_SNH_1011_N_Webcam,tpr,0.35524898474643424,0.35524898474643424,0.0,PASS
nbaiot_main_local_threshold_seed0,0,nbaiot_main,local_threshold,Samsung_SNH_1011_N_Webcam,balanced_accuracy,0.6543500995312913,0.6543500995312913,0.0,PASS
nbaiot_main_local_threshold_seed0,0,nbaiot_main,local_threshold,Samsung_SNH_1011_N_Webcam,macro_f1,0.3013611953907295,0.3013611953907295,0.0,PASS
nbaiot_main_local_threshold_seed0,0,nbaiot_main,local_threshold,SimpleHome_XCS7_1002_WHT_Security_Camera,fpr,0.05842375104328127,0.05842375104328127,0.0,PASS
nbaiot_main_local_threshold_seed0,0,nbaiot_main,local_threshold,SimpleHome_XCS7_1002_WHT_Security_Camera,tpr,0.7634857821037122,0.7634857821037122,0.0,PASS
nbaiot_main_local_threshold_seed0,0,nbaiot_main,local_threshold,SimpleHome_XCS7_1002_WHT_Security_Camera,balanced_accuracy,0.8525310155302155,0.8525310155302155,0.0,PASS
nbaiot_main_local_threshold_seed0,0,nbaiot_main,local_threshold,SimpleHome_XCS7_1002_WHT_Security_Camera,macro_f1,0.47050812035824946,0.47050812035824946,0.0,PASS
nbaiot_main_local_threshold_seed0,0,nbaiot_main,local_threshold,SimpleHome_XCS7_1003_WHT_Security_Camera,fpr,0.027580324139891952,0.027580324139891952,0.0,PASS
nbaiot_main_local_threshold_seed0,0,nbaiot_main,local_threshold,SimpleHome_XCS7_1003_WHT_Security_Camera,tpr,0.7582587712228347,0.7582587712228347,0.0,PASS
nbaiot_main_local_threshold_seed0,0,nbaiot_main,local_threshold,SimpleHome_XCS7_1003_WHT_Security_Camera,balanced_accuracy,0.8653392235414714,0.8653392235414714,0.0,PASS
nbaiot_main_local_threshold_seed0,0,nbaiot_main,local_threshold,SimpleHome_XCS7_1003_WHT_Security_Camera,macro_f1,0.4476774182881288,0.4476774182881288,0.0,PASS
nbaiot_main_local_threshold_seed1,1,nbaiot_main,local_threshold,Danmini_Doorbell,fpr,0.038000224190113216,0.038000224190113216,0.0,PASS
nbaiot_main_local_threshold_seed1,1,nbaiot_main,local_threshold,Danmini_Doorbell,tpr,1.0,1.0,0.0,PASS
nbaiot_main_local_threshold_seed1,1,nbaiot_main,local_threshold,Danmini_Doorbell,balanced_accuracy,0.9809998879049434,0.9809998879049434,0.0,PASS
nbaiot_main_local_threshold_seed1,1,nbaiot_main,local_threshold,Danmini_Doorbell,macro_f1,0.9902284772710662,0.9902284772710662,0.0,PASS
nbaiot_main_local_threshold_seed1,1,nbaiot_main,local_threshold,Ecobee_Thermostat,fpr,0.07662997459779848,0.07662997459779848,0.0,PASS
nbaiot_main_local_threshold_seed1,1,nbaiot_main,local_threshold,Ecobee_Thermostat,tpr,0.7573590450713025,0.7573590450713025,0.0,PASS
nbaiot_main_local_threshold_seed1,1,nbaiot_main,local_threshold,Ecobee_Thermostat,balanced_accuracy,0.8403645352367519,0.8403645352367519,0.0,PASS
nbaiot_main_local_threshold_seed1,1,nbaiot_main,local_threshold,Ecobee_Thermostat,macro_f1,0.4415921808644383,0.4415921808644383,0.0,PASS
nbaiot_main_local_threshold_seed1,1,nbaiot_main,local_threshold,Ennio_Doorbell,fpr,0.04774083546462063,0.04774083546462063,0.0,PASS
nbaiot_main_local_threshold_seed1,1,nbaiot_main,local_threshold,Ennio_Doorbell,tpr,0.3511946902654867,0.3511946902654867,0.0,PASS
nbaiot_main_local_threshold_seed1,1,nbaiot_main,local_threshold,Ennio_Doorbell,balanced_accuracy,0.651726927400433,0.651726927400433,0.0,PASS
nbaiot_main_local_threshold_seed1,1,nbaiot_main,local_threshold,Ennio_Doorbell,macro_f1,0.2903097538076785,0.2903097538076785,0.0,PASS
nbaiot_main_local_threshold_seed1,1,nbaiot_main,local_threshold,Philips_B120N10_Baby_Monitor,fpr,0.03813720517372559,0.03813720517372559,0.0,PASS
nbaiot_main_local_threshold_seed1,1,nbaiot_main,local_threshold,Philips_B120N10_Baby_Monitor,tpr,0.9999285278800828,0.9999285278800828,0.0,PASS
nbaiot_main_local_threshold_seed1,1,nbaiot_main,local_threshold,Philips_B120N10_Baby_Monitor,balanced_accuracy,0.9808956613531786,0.9808956613531786,0.0,PASS
nbaiot_main_local_threshold_seed1,1,nbaiot_main,local_threshold,Philips_B120N10_Baby_Monitor,macro_f1,0.989414692463572,0.989414692463572,0.0,PASS
nbaiot_main_local_threshold_seed1,1,nbaiot_main,local_threshold,Provision_PT_737E_Security_Camera,fpr,0.054781054512958,0.054781054512958,0.0,PASS
nbaiot_main_local_threshold_seed1,1,nbaiot_main,local_threshold,Provision_PT_737E_Security_Camera,tpr,0.7280089178259928,0.7280089178259928,0.0,PASS
nbaiot_main_local_threshold_seed1,1,nbaiot_main,local_threshold,Provision_PT_737E_Security_Camera,balanced_accuracy,0.8366139316565173,0.8366139316565173,0.0,PASS
nbaiot_main_local_threshold_seed1,1,nbaiot_main,local_threshold,Provision_PT_737E_Security_Camera,macro_f1,0.46706307330428715,0.46706307330428715,0.0,PASS
nbaiot_main_local_threshold_seed1,1,nbaiot_main,local_threshold,Provision_PT_838_Security_Camera,fpr,0.02013082214954325,0.02013082214954325,0.0,PASS
nbaiot_main_local_threshold_seed1,1,nbaiot_main,local_threshold,Provision_PT_838_Security_Camera,tpr,0.7373428478947747,0.7373428478947747,0.0,PASS
nbaiot_main_local_threshold_seed1,1,nbaiot_main,local_threshold,Provision_PT_838_Security_Camera,balanced_accuracy,0.8586060128726157,0.8586060128726157,0.0,PASS
nbaiot_main_local_threshold_seed1,1,nbaiot_main,local_threshold,Provision_PT_838_Security_Camera,macro_f1,0.5001554936701643,0.5001554936701643,0.0,PASS
nbaiot_main_local_threshold_seed1,1,nbaiot_main,local_threshold,Samsung_SNH_1011_N_Webcam,fpr,0.04463144439710268,0.04463144439710268,0.0,PASS
nbaiot_main_local_threshold_seed1,1,nbaiot_main,local_threshold,Samsung_SNH_1011_N_Webcam,tpr,0.35524588946117275,0.35524588946117275,0.0,PASS
nbaiot_main_local_threshold_seed1,1,nbaiot_main,local_threshold,Samsung_SNH_1011_N_Webcam,balanced_accuracy,0.6553072225320351,0.6553072225320351,0.0,PASS
nbaiot_main_local_threshold_seed1,1,nbaiot_main,local_threshold,Samsung_SNH_1011_N_Webcam,macro_f1,0.30144637018377507,0.30144637018377507,0.0,PASS
nbaiot_main_local_threshold_seed1,1,nbaiot_main,local_threshold,SimpleHome_XCS7_1002_WHT_Security_Camera,fpr,0.060689161798020745,0.060689161798020745,0.0,PASS
nbaiot_main_local_threshold_seed1,1,nbaiot_main,local_threshold,SimpleHome_XCS7_1002_WHT_Security_Camera,tpr,0.7637748309492928,0.7637748309492928,0.0,PASS
nbaiot_main_local_threshold_seed1,1,nbaiot_main,local_threshold,SimpleHome_XCS7_1002_WHT_Security_Camera,balanced_accuracy,0.851542834575636,0.851542834575636,0.0,PASS
nbaiot_main_local_threshold_seed1,1,nbaiot_main,local_threshold,SimpleHome_XCS7_1002_WHT_Security_Camera,macro_f1,0.47055046847237236,0.47055046847237236,0.0,PASS
nbaiot_main_local_threshold_seed1,1,nbaiot_main,local_threshold,SimpleHome_XCS7_1003_WHT_Security_Camera,fpr,0.037247654250781914,0.037247654250781914,0.0,PASS
nbaiot_main_local_threshold_seed1,1,nbaiot_main,local_threshold,SimpleHome_XCS7_1003_WHT_Security_Camera,tpr,0.7582924534884,0.7582924534884,0.0,PASS
nbaiot_main_local_threshold_seed1,1,nbaiot_main,local_threshold,SimpleHome_XCS7_1003_WHT_Security_Camera,balanced_accuracy,0.860522399618809,0.860522399618809,0.0,PASS
nbaiot_main_local_threshold_seed1,1,nbaiot_main,local_threshold,SimpleHome_XCS7_1003_WHT_Security_Camera,macro_f1,0.4475195982753307,0.4475195982753307,0.0,PASS
nbaiot_main_local_threshold_seed2,2,nbaiot_main,local_threshold,Danmini_Doorbell,fpr,0.03766393902028921,0.03766393902028921,0.0,PASS
nbaiot_main_local_threshold_seed2,2,nbaiot_main,local_threshold,Danmini_Doorbell,tpr,1.0,1.0,0.0,PASS
nbaiot_main_local_threshold_seed2,2,nbaiot_main,local_threshold,Danmini_Doorbell,balanced_accuracy,0.9811680304898553,0.9811680304898553,0.0,PASS
nbaiot_main_local_threshold_seed2,2,nbaiot_main,local_threshold,Danmini_Doorbell,macro_f1,0.9903165956575781,0.9903165956575781,0.0,PASS
nbaiot_main_local_threshold_seed2,2,nbaiot_main,local_threshold,Ecobee_Thermostat,fpr,0.06519898391193904,0.06519898391193904,0.0,PASS
nbaiot_main_local_threshold_seed2,2,nbaiot_main,local_threshold,Ecobee_Thermostat,tpr,0.9999927074990003,0.9999927074990003,0.0,PASS
nbaiot_main_local_threshold_seed2,2,nbaiot_main,local_threshold,Ecobee_Thermostat,balanced_accuracy,0.9673968617935307,0.9673968617935307,0.0,PASS
nbaiot_main_local_threshold_seed2,2,nbaiot_main,local_threshold,Ecobee_Thermostat,macro_f1,0.9824688702163829,0.9824688702163829,0.0,PASS
nbaiot_main_local_threshold_seed2,2,nbaiot_main,local_threshold,Ennio_Doorbell,fpr,0.049019607843137254,0.049019607843137254,0.0,PASS
nbaiot_main_local_threshold_seed2,2,nbaiot_main,local_threshold,Ennio_Doorbell,tpr,0.3512231352718078,0.3512231352718078,0.0,PASS
nbaiot_main_local_threshold_seed2,2,nbaiot_main,local_threshold,Ennio_Doorbell,balanced_accuracy,0.6511017637143353,0.6511017637143353,0.0,PASS
nbaiot_main_local_threshold_seed2,2,nbaiot_main,local_threshold,Ennio_Doorbell,macro_f1,0.2902812823366099,0.2902812823366099,0.0,PASS
nbaiot_main_local_threshold_seed2,2,nbaiot_main,local_threshold,Philips_B120N10_Baby_Monitor,fpr,0.03832741567334517,0.03832741567334517,0.0,PASS
nbaiot_main_local_threshold_seed2,2,nbaiot_main,local_threshold,Philips_B120N10_Baby_Monitor,tpr,0.9999263620582671,0.9999263620582671,0.0,PASS
nbaiot_main_local_threshold_seed2,2,nbaiot_main,local_threshold,Philips_B120N10_Baby_Monitor,balanced_accuracy,0.980799473192461,0.980799473192461,0.0,PASS
nbaiot_main_local_threshold_seed2,2,nbaiot_main,local_threshold,Philips_B120N10_Baby_Monitor,macro_f1,0.9893472960577333,0.9893472960577333,0.0,PASS
nbaiot_main_local_threshold_seed2,2,nbaiot_main,local_threshold,Provision_PT_737E_Security_Camera,fpr,0.053440571939231456,0.053440571939231456,0.0,PASS
nbaiot_main_local_threshold_seed2,2,nbaiot_main,local_threshold,Provision_PT_737E_Security_Camera,tpr,0.7280115284307915,0.7280115284307915,0.0,PASS
nbaiot_main_local_threshold_seed2,2,nbaiot_main,local_threshold,Provision_PT_737E_Security_Camera,balanced_accuracy,0.83728547824578,0.83728547824578,0.0,PASS
nbaiot_main_local_threshold_seed2,2,nbaiot_main,local_threshold,Provision_PT_737E_Security_Camera,macro_f1,0.46713129454228214,0.46713129454228214,0.0,PASS
nbaiot_main_local_threshold_seed2,2,nbaiot_main,local_threshold,Provision_PT_838_Security_Camera,fpr,0.010995827224540431,0.010995827224540431,0.0,PASS
nbaiot_main_local_threshold_seed2,2,nbaiot_main,local_threshold,Provision_PT_838_Security_Camera,tpr,0.7373103441737757,0.7373103441737757,0.0,PASS
nbaiot_main_local_threshold_seed2,2,nbaiot_main,local_threshold,Provision_PT_838_Security_Camera,balanced_accuracy,0.8631572584746177,0.8631572584746177,0.0,PASS
nbaiot_main_local_threshold_seed2,2,nbaiot_main,local_threshold,Provision_PT_838_Security_Camera,macro_f1,0.5008434346685865,0.5008434346685865,0.0,PASS
nbaiot_main_local_threshold_seed2,2,nbaiot_main,local_threshold,Samsung_SNH_1011_N_Webcam,fpr,0.033233915636983385,0.033233915636983385,0.0,PASS
nbaiot_main_local_threshold_seed2,2,nbaiot_main,local_threshold,Samsung_SNH_1011_N_Webcam,tpr,0.3552087460380349,0.3552087460380349,0.0,PASS
nbaiot_main_local_threshold_seed2,2,nbaiot_main,local_threshold,Samsung_SNH_1011_N_Webcam,balanced_accuracy,0.6609874152005257,0.6609874152005257,0.0,PASS
nbaiot_main_local_threshold_seed2,2,nbaiot_main,local_threshold,Samsung_SNH_1011_N_Webcam,macro_f1,0.30194117046201024,0.30194117046201024,0.0,PASS
nbaiot_main_local_threshold_seed2,2,nbaiot_main,local_threshold,SimpleHome_XCS7_1002_WHT_Security_Camera,fpr,0.06283534040777393,0.06283534040777393,0.0,PASS
nbaiot_main_local_threshold_seed2,2,nbaiot_main,local_threshold,SimpleHome_XCS7_1002_WHT_Security_Camera,tpr,0.7638568914266398,0.7638568914266398,0.0,PASS
nbaiot_main_local_threshold_seed2,2,nbaiot_main,local_threshold,SimpleHome_XCS7_1002_WHT_Security_Camera,balanced_accuracy,0.850510775509433,0.850510775509433,0.0,PASS
nbaiot_main_local_threshold_seed2,2,nbaiot_main,local_threshold,SimpleHome_XCS7_1002_WHT_Security_Camera,macro_f1,0.47050064746123604,0.47050064746123604,0.0,PASS
nbaiot_main_local_threshold_seed2,2,nbaiot_main,local_threshold,SimpleHome_XCS7_1003_WHT_Security_Camera,fpr,0.02587432470855843,0.02587432470855843,0.0,PASS
nbaiot_main_local_threshold_seed2,2,nbaiot_main,local_threshold,SimpleHome_XCS7_1003_WHT_Security_Camera,tpr,0.7582924534884,0.7582924534884,0.0,PASS
nbaiot_main_local_threshold_seed2,2,nbaiot_main,local_threshold,SimpleHome_XCS7_1003_WHT_Security_Camera,balanced_accuracy,0.8662090643899207,0.8662090643899207,0.0,PASS
nbaiot_main_local_threshold_seed2,2,nbaiot_main,local_threshold,SimpleHome_XCS7_1003_WHT_Security_Camera,macro_f1,0.4477206878517822,0.4477206878517822,0.0,PASS
nbaiot_main_local_threshold_seed3,3,nbaiot_main,local_threshold,Danmini_Doorbell,fpr,0.03766393902028921,0.03766393902028921,0.0,PASS
nbaiot_main_local_threshold_seed3,3,nbaiot_main,local_threshold,Danmini_Doorbell,tpr,1.0,1.0,0.0,PASS
nbaiot_main_local_threshold_seed3,3,nbaiot_main,local_threshold,Danmini_Doorbell,balanced_accuracy,0.9811680304898553,0.9811680304898553,0.0,PASS
nbaiot_main_local_threshold_seed3,3,nbaiot_main,local_threshold,Danmini_Doorbell,macro_f1,0.9903165956575781,0.9903165956575781,0.0,PASS
nbaiot_main_local_threshold_seed3,3,nbaiot_main,local_threshold,Ecobee_Thermostat,fpr,0.06689246401354784,0.06689246401354784,0.0,PASS
nbaiot_main_local_threshold_seed3,3,nbaiot_main,local_threshold,Ecobee_Thermostat,tpr,0.9999890612485005,0.9999890612485005,0.0,PASS
nbaiot_main_local_threshold_seed3,3,nbaiot_main,local_threshold,Ecobee_Thermostat,balanced_accuracy,0.9665482986174763,0.9665482986174763,0.0,PASS
nbaiot_main_local_threshold_seed3,3,nbaiot_main,local_threshold,Ecobee_Thermostat,macro_f1,0.9816978948213404,0.9816978948213404,0.0,PASS
nbaiot_main_local_threshold_seed3,3,nbaiot_main,local_threshold,Ennio_Doorbell,fpr,0.04774083546462063,0.04774083546462063,0.0,PASS
nbaiot_main_local_threshold_seed3,3,nbaiot_main,local_threshold,Ennio_Doorbell,tpr,0.35123577749683943,0.35123577749683943,0.0,PASS
nbaiot_main_local_threshold_seed3,3,nbaiot_main,local_threshold,Ennio_Doorbell,balanced_accuracy,0.6517474710161094,0.6517474710161094,0.0,PASS
nbaiot_main_local_threshold_seed3,3,nbaiot_main,local_threshold,Ennio_Doorbell,macro_f1,0.2903340625822733,0.2903340625822733,0.0,PASS
nbaiot_main_local_threshold_seed3,3,nbaiot_main,local_threshold,Philips_B120N10_Baby_Monitor,fpr,0.03769338067461324,0.03769338067461324,0.0,PASS
nbaiot_main_local_threshold_seed3,3,nbaiot_main,local_threshold,Philips_B120N10_Baby_Monitor,tpr,0.9999047038401103,0.9999047038401103,0.0,PASS
nbaiot_main_local_threshold_seed3,3,nbaiot_main,local_threshold,Philips_B120N10_Baby_Monitor,balanced_accuracy,0.9811056615827485,0.9811056615827485,0.0,PASS
nbaiot_main_local_threshold_seed3,3,nbaiot_main,local_threshold,Philips_B120N10_Baby_Monitor,macro_f1,0.9893539397789752,0.9893539397789752,0.0,PASS
nbaiot_main_local_threshold_seed3,3,nbaiot_main,local_threshold,Provision_PT_737E_Security_Camera,fpr,0.05192135835567471,0.05192135835567471,0.0,PASS
nbaiot_main_local_threshold_seed3,3,nbaiot_main,local_threshold,Provision_PT_737E_Security_Camera,tpr,0.7280089178259928,0.7280089178259928,0.0,PASS
nbaiot_main_local_threshold_seed3,3,nbaiot_main,local_threshold,Provision_PT_737E_Security_Camera,balanced_accuracy,0.838043779735159,0.838043779735159,0.0,PASS
nbaiot_main_local_threshold_seed3,3,nbaiot_main,local_threshold,Provision_PT_737E_Security_Camera,macro_f1,0.4672058842354767,0.4672058842354767,0.0,PASS
nbaiot_main_local_threshold_seed3,3,nbaiot_main,local_threshold,Provision_PT_838_Security_Camera,fpr,0.023175820457877524,0.023175820457877524,0.0,PASS
nbaiot_main_local_threshold_seed3,3,nbaiot_main,local_threshold,Provision_PT_838_Security_Camera,tpr,0.7373347219645249,0.7373347219645249,0.0,PASS
nbaiot_main_local_threshold_seed3,3,nbaiot_main,local_threshold,Provision_PT_838_Security_Camera,balanced_accuracy,0.8570794507533237,0.8570794507533237,0.0,PASS
nbaiot_main_local_threshold_seed3,3,nbaiot_main,local_threshold,Provision_PT_838_Security_Camera,macro_f1,0.49991504385255553,0.49991504385255553,0.0,PASS
nbaiot_main_local_threshold_seed3,3,nbaiot_main,local_threshold,Samsung_SNH_1011_N_Webcam,fpr,0.0293992330634853,0.0293992330634853,0.0,PASS
nbaiot_main_local_threshold_seed3,3,nbaiot_main,local_threshold,Samsung_SNH_1011_N_Webcam,tpr,0.35513136390649763,0.35513136390649763,0.0,PASS
nbaiot_main_local_threshold_seed3,3,nbaiot_main,local_threshold,Samsung_SNH_1011_N_Webcam,balanced_accuracy,0.6628660654215062,0.6628660654215062,0.0,PASS
nbaiot_main_local_threshold_seed3,3,nbaiot_main,local_threshold,Samsung_SNH_1011_N_Webcam,macro_f1,0.30206851459386674,0.30206851459386674,0.0,PASS
nbaiot_main_local_threshold_seed3,3,nbaiot_main,local_threshold,SimpleHome_XCS7_1002_WHT_Security_Camera,fpr,0.05067366161917253,0.05067366161917253,0.0,PASS
nbaiot_main_local_threshold_seed3,3,nbaiot_main,local_threshold,SimpleHome_XCS7_1002_WHT_Security_Camera,tpr,0.7633510559468738,0.7633510559468738,0.0,PASS
nbaiot_main_local_threshold_seed3,3,nbaiot_main,local_threshold,SimpleHome_XCS7_1002_WHT_Security_Camera,balanced_accuracy,0.8563386971638507,0.8563386971638507,0.0,PASS
nbaiot_main_local_threshold_seed3,3,nbaiot_main,local_threshold,SimpleHome_XCS7_1002_WHT_Security_Camera,macro_f1,0.47076300172511637,0.47076300172511637,0.0,PASS
nbaiot_main_local_threshold_seed3,3,nbaiot_main,local_threshold,SimpleHome_XCS7_1003_WHT_Security_Camera,fpr,0.03923798692067103,0.03923798692067103,0.0,PASS
nbaiot_main_local_threshold_seed3,3,nbaiot_main,local_threshold,SimpleHome_XCS7_1003_WHT_Security_Camera,tpr,0.7583129034353505,0.7583129034353505,0.0,PASS
nbaiot_main_local_threshold_seed3,3,nbaiot_main,local_threshold,SimpleHome_XCS7_1003_WHT_Security_Camera,balanced_accuracy,0.8595374582573397,0.8595374582573397,0.0,PASS
nbaiot_main_local_threshold_seed3,3,nbaiot_main,local_threshold,SimpleHome_XCS7_1003_WHT_Security_Camera,macro_f1,0.447492344695941,0.447492344695941,0.0,PASS
nbaiot_main_local_threshold_seed4,4,nbaiot_main,local_threshold,Danmini_Doorbell,fpr,0.03878488958636924,0.03878488958636924,0.0,PASS
nbaiot_main_local_threshold_seed4,4,nbaiot_main,local_threshold,Danmini_Doorbell,tpr,1.0,1.0,0.0,PASS
nbaiot_main_local_threshold_seed4,4,nbaiot_main,local_threshold,Danmini_Doorbell,balanced_accuracy,0.9806075552068154,0.9806075552068154,0.0,PASS
nbaiot_main_local_threshold_seed4,4,nbaiot_main,local_threshold,Danmini_Doorbell,macro_f1,0.9900227512259484,0.9900227512259484,0.0,PASS
nbaiot_main_local_threshold_seed4,4,nbaiot_main,local_threshold,Ecobee_Thermostat,fpr,0.06858594411515664,0.06858594411515664,0.0,PASS
nbaiot_main_local_threshold_seed4,4,nbaiot_main,local_threshold,Ecobee_Thermostat,tpr,0.9999854149980006,0.9999854149980006,0.0,PASS
nbaiot_main_local_threshold_seed4,4,nbaiot_main,local_threshold,Ecobee_Thermostat,balanced_accuracy,0.9656997354414221,0.9656997354414221,0.0,PASS
nbaiot_main_local_threshold_seed4,4,nbaiot_main,local_threshold,Ecobee_Thermostat,macro_f1,0.9809265832467061,0.9809265832467061,0.0,PASS
nbaiot_main_local_threshold_seed4,4,nbaiot_main,local_threshold,Ennio_Doorbell,fpr,0.048877522023302075,0.048877522023302075,0.0,PASS
nbaiot_main_local_threshold_seed4,4,nbaiot_main,local_threshold,Ennio_Doorbell,tpr,0.3512010113780025,0.3512010113780025,0.0,PASS
nbaiot_main_local_threshold_seed4,4,nbaiot_main,local_threshold,Ennio_Doorbell,balanced_accuracy,0.6511617446773502,0.6511617446773502,0.0,PASS
nbaiot_main_local_threshold_seed4,4,nbaiot_main,local_threshold,Ennio_Doorbell,macro_f1,0.29027322775832903,0.29027322775832903,0.0,PASS
nbaiot_main_local_threshold_seed4,4,nbaiot_main,local_threshold,Philips_B120N10_Baby_Monitor,fpr,0.037566573674866856,0.037566573674866856,0.0,PASS
nbaiot_main_local_threshold_seed4,4,nbaiot_main,local_threshold,Philips_B120N10_Baby_Monitor,tpr,0.9999047038401103,0.9999047038401103,0.0,PASS
nbaiot_main_local_threshold_seed4,4,nbaiot_main,local_threshold,Philips_B120N10_Baby_Monitor,balanced_accuracy,0.9811690650826217,0.9811690650826217,0.0,PASS
nbaiot_main_local_threshold_seed4,4,nbaiot_main,local_threshold,Philips_B120N10_Baby_Monitor,macro_f1,0.9893879486948767,0.9893879486948767,0.0,PASS
nbaiot_main_local_threshold_seed4,4,nbaiot_main,local_threshold,Provision_PT_737E_Security_Camera,fpr,0.04897229669347632,0.04897229669347632,0.0,PASS
nbaiot_main_local_threshold_seed4,4,nbaiot_main,local_threshold,Provision_PT_737E_Security_Camera,tpr,0.728019360245188,0.728019360245188,0.0,PASS
nbaiot_main_local_threshold_seed4,4,nbaiot_main,local_threshold,Provision_PT_737E_Security_Camera,balanced_accuracy,0.8395235317758558,0.8395235317758558,0.0,PASS
nbaiot_main_local_threshold_seed4,4,nbaiot_main,local_threshold,Provision_PT_737E_Security_Camera,macro_f1,0.46735822314906594,0.46735822314906594,0.0,PASS
nbaiot_main_local_threshold_seed4,4,nbaiot_main,local_threshold,Provision_PT_838_Security_Camera,fpr,0.008514717491823616,0.008514717491823616,0.0,PASS
nbaiot_main_local_threshold_seed4,4,nbaiot_main,local_threshold,Provision_PT_838_Security_Camera,tpr,0.7373550367901492,0.7373550367901492,0.0,PASS
nbaiot_main_local_threshold_seed4,4,nbaiot_main,local_threshold,Provision_PT_838_Security_Camera,balanced_accuracy,0.8644201596491627,0.8644201596491627,0.0,PASS
nbaiot_main_local_threshold_seed4,4,nbaiot_main,local_threshold,Provision_PT_838_Security_Camera,macro_f1,0.5010610550042637,0.5010610550042637,0.0,PASS
nbaiot_main_local_threshold_seed4,4,nbaiot_main,local_threshold,Samsung_SNH_1011_N_Webcam,fpr,0.04005112910097997,0.04005112910097997,0.0,PASS
nbaiot_main_local_threshold_seed4,4,nbaiot_main,local_threshold,Samsung_SNH_1011_N_Webcam,tpr,0.35523969889064977,0.35523969889064977,0.0,PASS
nbaiot_main_local_threshold_seed4,4,nbaiot_main,local_threshold,Samsung_SNH_1011_N_Webcam,balanced_accuracy,0.6575942848948348,0.6575942848948348,0.0,PASS
nbaiot_main_local_threshold_seed4,4,nbaiot_main,local_threshold,Samsung_SNH_1011_N_Webcam,macro_f1,0.30165051805856946,0.30165051805856946,0.0,PASS
nbaiot_main_local_threshold_seed4,4,nbaiot_main,local_threshold,SimpleHome_XCS7_1002_WHT_Security_Camera,fpr,0.06712769762728031,0.06712769762728031,0.0,PASS
nbaiot_main_local_threshold_seed4,4,nbaiot_main,local_threshold,SimpleHome_XCS7_1002_WHT_Security_Camera,tpr,0.7638728136088115,0.7638728136088115,0.0,PASS
nbaiot_main_local_threshold_seed4,4,nbaiot_main,local_threshold,SimpleHome_XCS7_1002_WHT_Security_Camera,balanced_accuracy,0.8483725579907656,0.8483725579907656,0.0,PASS
nbaiot_main_local_threshold_seed4,4,nbaiot_main,local_threshold,SimpleHome_XCS7_1002_WHT_Security_Camera,macro_f1,0.4703315150815178,0.4703315150815178,0.0,PASS
nbaiot_main_local_threshold_seed4,4,nbaiot_main,local_threshold,SimpleHome_XCS7_1003_WHT_Security_Camera,fpr,0.02786465737844754,0.02786465737844754,0.0,PASS
nbaiot_main_local_threshold_seed4,4,nbaiot_main,local_threshold,SimpleHome_XCS7_1003_WHT_Security_Camera,tpr,0.7582864387981205,0.7582864387981205,0.0,PASS
nbaiot_main_local_threshold_seed4,4,nbaiot_main,local_threshold,SimpleHome_XCS7_1003_WHT_Security_Camera,balanced_accuracy,0.8652108907098365,0.8652108907098365,0.0,PASS
nbaiot_main_local_threshold_seed4,4,nbaiot_main,local_threshold,SimpleHome_XCS7_1003_WHT_Security_Camera,macro_f1,0.4476831612853939,0.4476831612853939,0.0,PASS
nbaiot_main_local_threshold_seed5,5,nbaiot_main,local_threshold,Danmini_Doorbell,fpr,0.040130030265665285,0.040130030265665285,0.0,PASS
nbaiot_main_local_threshold_seed5,5,nbaiot_main,local_threshold,Danmini_Doorbell,tpr,1.0,1.0,0.0,PASS
nbaiot_main_local_threshold_seed5,5,nbaiot_main,local_threshold,Danmini_Doorbell,balanced_accuracy,0.9799349848671673,0.9799349848671673,0.0,PASS
nbaiot_main_local_threshold_seed5,5,nbaiot_main,local_threshold,Danmini_Doorbell,macro_f1,0.9896696981474421,0.9896696981474421,0.0,PASS
nbaiot_main_local_threshold_seed5,5,nbaiot_main,local_threshold,Ecobee_Thermostat,fpr,0.05207451312447079,0.05207451312447079,0.0,PASS
nbaiot_main_local_threshold_seed5,5,nbaiot_main,local_threshold,Ecobee_Thermostat,tpr,0.9999939229158336,0.9999939229158336,0.0,PASS
nbaiot_main_local_threshold_seed5,5,nbaiot_main,local_threshold,Ecobee_Thermostat,balanced_accuracy,0.9739597048956814,0.9739597048956814,0.0,PASS
nbaiot_main_local_threshold_seed5,5,nbaiot_main,local_threshold,Ecobee_Thermostat,macro_f1,0.9860661897801649,0.9860661897801649,0.0,PASS
nbaiot_main_local_threshold_seed5,5,nbaiot_main,local_threshold,Ennio_Doorbell,fpr,0.047172492185279906,0.047172492185279906,0.0,PASS
nbaiot_main_local_threshold_seed5,5,nbaiot_main,local_threshold,Ennio_Doorbell,tpr,0.3512231352718078,0.3512231352718078,0.0,PASS
nbaiot_main_local_threshold_seed5,5,nbaiot_main,local_threshold,Ennio_Doorbell,balanced_accuracy,0.652025321543264,0.652025321543264,0.0,PASS
nbaiot_main_local_threshold_seed5,5,nbaiot_main,local_threshold,Ennio_Doorbell,macro_f1,0.29034671576935717,0.29034671576935717,0.0,PASS
nbaiot_main_local_threshold_seed5,5,nbaiot_main,local_threshold,Philips_B120N10_Baby_Monitor,fpr,0.03791529292416941,0.03791529292416941,0.0,PASS
nbaiot_main_local_threshold_seed5,5,nbaiot_main,local_threshold,Philips_B120N10_Baby_Monitor,tpr,0.9999426057218846,0.9999426057218846,0.0,PASS
nbaiot_main_local_threshold_seed5,5,nbaiot_main,local_threshold,Philips_B120N10_Baby_Monitor,balanced_accuracy,0.9810136563988576,0.9810136563988576,0.0,PASS
nbaiot_main_local_threshold_seed5,5,nbaiot_main,local_threshold,Philips_B120N10_Baby_Monitor,macro_f1,0.9895805462757078,0.9895805462757078,0.0,PASS
nbaiot_main_local_threshold_seed5,5,nbaiot_main,local_threshold,Provision_PT_737E_Security_Camera,fpr,0.051117068811438786,0.051117068811438786,0.0,PASS
nbaiot_main_local_threshold_seed5,5,nbaiot_main,local_threshold,Provision_PT_737E_Security_Camera,tpr,0.7280102231283921,0.7280102231283921,0.0,PASS
nbaiot_main_local_threshold_seed5,5,nbaiot_main,local_threshold,Provision_PT_737E_Security_Camera,balanced_accuracy,0.8384465771584767,0.8384465771584767,0.0,PASS
nbaiot_main_local_threshold_seed5,5,nbaiot_main,local_threshold,Provision_PT_737E_Security_Camera,macro_f1,0.4672466807426825,0.4672466807426825,0.0,PASS
nbaiot_main_local_threshold_seed5,5,nbaiot_main,local_threshold,Provision_PT_838_Security_Camera,fpr,0.021935265591519117,0.021935265591519117,0.0,PASS
nbaiot_main_local_threshold_seed5,5,nbaiot_main,local_threshold,Provision_PT_838_Security_Camera,tpr,0.7373252417125669,0.7373252417125669,0.0,PASS
nbaiot_main_local_threshold_seed5,5,nbaiot_main,local_threshold,Provision_PT_838_Security_Camera,balanced_accuracy,0.8576949880605238,0.8576949880605238,0.0,PASS
nbaiot_main_local_threshold_seed5,5,nbaiot_main,local_threshold,Provision_PT_838_Security_Camera,macro_f1,0.5000056554122605,0.5000056554122605,0.0,PASS
nbaiot_main_local_threshold_seed5,5,nbaiot_main,local_threshold,Samsung_SNH_1011_N_Webcam,fpr,0.034299105240732854,0.034299105240732854,0.0,PASS
nbaiot_main_local_threshold_seed5,5,nbaiot_main,local_threshold,Samsung_SNH_1011_N_Webcam,tpr,0.3552892234548336,0.3552892234548336,0.0,PASS
nbaiot_main_local_threshold_seed5,5,nbaiot_main,local_threshold,Samsung_SNH_1011_N_Webcam,balanced_accuracy,0.6604950591070504,0.6604950591070504,0.0,PASS
nbaiot_main_local_threshold_seed5,5,nbaiot_main,local_threshold,Samsung_SNH_1011_N_Webcam,macro_f1,0.30194123943888185,0.30194123943888185,0.0,PASS
nbaiot_main_local_threshold_seed5,5,nbaiot_main,local_threshold,SimpleHome_XCS7_1002_WHT_Security_Camera,fpr,0.059973768928103015,0.059973768928103015,0.0,PASS
nbaiot_main_local_threshold_seed5,5,nbaiot_main,local_threshold,SimpleHome_XCS7_1002_WHT_Security_Camera,tpr,0.7640687789278492,0.7640687789278492,0.0,PASS
nbaiot_main_local_threshold_seed5,5,nbaiot_main,local_threshold,SimpleHome_XCS7_1002_WHT_Security_Camera,balanced_accuracy,0.852047504999873,0.852047504999873,0.0,PASS
nbaiot_main_local_threshold_seed5,5,nbaiot_main,local_threshold,SimpleHome_XCS7_1002_WHT_Security_Camera,macro_f1,0.47071765407301525,0.47071765407301525,0.0,PASS
nbaiot_main_local_threshold_seed5,5,nbaiot_main,local_threshold,SimpleHome_XCS7_1003_WHT_Security_Camera,fpr,0.024736991754336083,0.024736991754336083,0.0,PASS
nbaiot_main_local_threshold_seed5,5,nbaiot_main,local_threshold,SimpleHome_XCS7_1003_WHT_Security_Camera,tpr,0.7582972652406237,0.7582972652406237,0.0,PASS
nbaiot_main_local_threshold_seed5,5,nbaiot_main,local_threshold,SimpleHome_XCS7_1003_WHT_Security_Camera,balanced_accuracy,0.8667801367431438,0.8667801367431438,0.0,PASS
nbaiot_main_local_threshold_seed5,5,nbaiot_main,local_threshold,SimpleHome_XCS7_1003_WHT_Security_Camera,macro_f1,0.447742666712291,0.447742666712291,0.0,PASS
nbaiot_main_local_threshold_seed6,6,nbaiot_main,local_threshold,Danmini_Doorbell,fpr,0.038560699473153236,0.038560699473153236,0.0,PASS
nbaiot_main_local_threshold_seed6,6,nbaiot_main,local_threshold,Danmini_Doorbell,tpr,1.0,1.0,0.0,PASS
nbaiot_main_local_threshold_seed6,6,nbaiot_main,local_threshold,Danmini_Doorbell,balanced_accuracy,0.9807196502634234,0.9807196502634234,0.0,PASS
nbaiot_main_local_threshold_seed6,6,nbaiot_main,local_threshold,Danmini_Doorbell,macro_f1,0.9900815467431031,0.9900815467431031,0.0,PASS
nbaiot_main_local_threshold_seed6,6,nbaiot_main,local_threshold,Ecobee_Thermostat,fpr,0.06138865368331922,0.06138865368331922,0.0,PASS
nbaiot_main_local_threshold_seed6,6,nbaiot_main,local_threshold,Ecobee_Thermostat,tpr,0.9999902766653338,0.9999902766653338,0.0,PASS
nbaiot_main_local_threshold_seed6,6,nbaiot_main,local_threshold,Ecobee_Thermostat,balanced_accuracy,0.9693008114910073,0.9693008114910073,0.0,PASS
nbaiot_main_local_threshold_seed6,6,nbaiot_main,local_threshold,Ecobee_Thermostat,macro_f1,0.983275947139074,0.983275947139074,0.0,PASS
nbaiot_main_local_threshold_seed6,6,nbaiot_main,local_threshold,Ennio_Doorbell,fpr,0.04688832054560955,0.04688832054560955,0.0,PASS
nbaiot_main_local_threshold_seed6,6,nbaiot_main,local_threshold,Ennio_Doorbell,tpr,0.35120417193426046,0.35120417193426046,0.0,PASS
nbaiot_main_local_threshold_seed6,6,nbaiot_main,local_threshold,Ennio_Doorbell,balanced_accuracy,0.6521579256943255,0.6521579256943255,0.0,PASS
nbaiot_main_local_threshold_seed6,6,nbaiot_main,local_threshold,Ennio_Doorbell,macro_f1,0.290345561633694,0.290345561633694,0.0,PASS
nbaiot_main_local_threshold_seed6,6,nbaiot_main,local_threshold,Philips_B120N10_Baby_Monitor,fpr,0.038517626172964746,0.038517626172964746,0.0,PASS
nbaiot_main_local_threshold_seed6,6,nbaiot_main,local_threshold,Philips_B120N10_Baby_Monitor,tpr,0.9999014551073868,0.9999014551073868,0.0,PASS
nbaiot_main_local_threshold_seed6,6,nbaiot_main,local_threshold,Philips_B120N10_Baby_Monitor,balanced_accuracy,0.980691914467211,0.980691914467211,0.0,PASS
nbaiot_main_local_threshold_seed6,6,nbaiot_main,local_threshold,Philips_B120N10_Baby_Monitor,macro_f1,0.9891082675170257,0.9891082675170257,0.0,PASS
nbaiot_main_local_threshold_seed6,6,nbaiot_main,local_threshold,Provision_PT_737E_Security_Camera,fpr,0.05692582663092047,0.05692582663092047,0.0,PASS
nbaiot_main_local_threshold_seed6,6,nbaiot_main,local_threshold,Provision_PT_737E_Security_Camera,tpr,0.7280141390355904,0.7280141390355904,0.0,PASS
nbaiot_main_local_threshold_seed6,6,nbaiot_main,local_threshold,Provision_PT_737E_Security_Camera,balanced_accuracy,0.8355441562023349,0.8355441562023349,0.0,PASS
nbaiot_main_local_threshold_seed6,6,nbaiot_main,local_threshold,Provision_PT_737E_Security_Camera,macro_f1,0.46695848670151613,0.46695848670151613,0.0,PASS
nbaiot_main_local_threshold_seed6,6,nbaiot_main,local_threshold,Provision_PT_838_Security_Camera,fpr,0.017536934701702943,0.017536934701702943,0.0,PASS
nbaiot_main_local_threshold_seed6,6,nbaiot_main,local_threshold,Provision_PT_838_Security_Camera,tpr,0.7373320133211083,0.7373320133211083,0.0,PASS
nbaiot_main_local_threshold_seed6,6,nbaiot_main,local_threshold,Provision_PT_838_Security_Camera,balanced_accuracy,0.8598975393097027,0.8598975393097027,0.0,PASS
nbaiot_main_local_threshold_seed6,6,nbaiot_main,local_threshold,Provision_PT_838_Security_Camera,macro_f1,0.5003500150063697,0.5003500150063697,0.0,PASS
nbaiot_main_local_threshold_seed6,6,nbaiot_main,local_threshold,Samsung_SNH_1011_N_Webcam,fpr,0.036855560289731575,0.036855560289731575,0.0,PASS
nbaiot_main_local_threshold_seed6,6,nbaiot_main,local_threshold,Samsung_SNH_1011_N_Webcam,tpr,0.3551994601822504,0.3551994601822504,0.0,PASS
nbaiot_main_local_threshold_seed6,6,nbaiot_main,local_threshold,Samsung_SNH_1011_N_Webcam,balanced_accuracy,0.6591719499462594,0.6591719499462594,0.0,PASS
nbaiot_main_local_threshold_seed6,6,nbaiot_main,local_threshold,Samsung_SNH_1011_N_Webcam,macro_f1,0.3017713182130201,0.3017713182130201,0.0,PASS
nbaiot_main_local_threshold_seed6,6,nbaiot_main,local_threshold,SimpleHome_XCS7_1002_WHT_Security_Camera,fpr,0.06176225110289734,0.06176225110289734,0.0,PASS
nbaiot_main_local_threshold_seed6,6,nbaiot_main,local_threshold,SimpleHome_XCS7_1002_WHT_Security_Camera,tpr,0.7634710847047844,0.7634710847047844,0.0,PASS
nbaiot_main_local_threshold_seed6,6,nbaiot_main,local_threshold,SimpleHome_XCS7_1002_WHT_Security_Camera,balanced_accuracy,0.8508544168009435,0.8508544168009435,0.0,PASS
nbaiot_main_local_threshold_seed6,6,nbaiot_main,local_threshold,SimpleHome_XCS7_1002_WHT_Security_Camera,macro_f1,0.4703641320061781,0.4703641320061781,0.0,PASS
nbaiot_main_local_threshold_seed6,6,nbaiot_main,local_threshold,SimpleHome_XCS7_1003_WHT_Security_Camera,fpr,0.027580324139891952,0.027580324139891952,0.0,PASS
nbaiot_main_local_threshold_seed6,6,nbaiot_main,local_threshold,SimpleHome_XCS7_1003_WHT_Security_Camera,tpr,0.7582611770989465,0.7582611770989465,0.0,PASS
nbaiot_main_local_threshold_seed6,6,nbaiot_main,local_threshold,SimpleHome_XCS7_1003_WHT_Security_Camera,balanced_accuracy,0.8653404264795272,0.8653404264795272,0.0,PASS
nbaiot_main_local_threshold_seed6,6,nbaiot_main,local_threshold,SimpleHome_XCS7_1003_WHT_Security_Camera,macro_f1,0.4476783547629038,0.4476783547629038,0.0,PASS
nbaiot_main_local_threshold_seed7,7,nbaiot_main,local_threshold,Danmini_Doorbell,fpr,0.04181145611478534,0.04181145611478534,0.0,PASS
nbaiot_main_local_threshold_seed7,7,nbaiot_main,local_threshold,Danmini_Doorbell,tpr,1.0,1.0,0.0,PASS
nbaiot_main_local_threshold_seed7,7,nbaiot_main,local_threshold,Danmini_Doorbell,balanced_accuracy,0.9790942719426073,0.9790942719426073,0.0,PASS
nbaiot_main_local_threshold_seed7,7,nbaiot_main,local_threshold,Danmini_Doorbell,macro_f1,0.9892277057376332,0.9892277057376332,0.0,PASS
nbaiot_main_local_threshold_seed7,7,nbaiot_main,local_threshold,Ecobee_Thermostat,fpr,0.07917019475021168,0.07917019475021168,0.0,PASS
nbaiot_main_local_threshold_seed7,7,nbaiot_main,local_threshold,Ecobee_Thermostat,tpr,0.9999866304148339,0.9999866304148339,0.0,PASS
nbaiot_main_local_threshold_seed7,7,nbaiot_main,local_threshold,Ecobee_Thermostat,balanced_accuracy,0.9604082178323111,0.9604082178323111,0.0,PASS
nbaiot_main_local_threshold_seed7,7,nbaiot_main,local_threshold,Ecobee_Thermostat,macro_f1,0.9781720332745283,0.9781720332745283,0.0,PASS
nbaiot_main_local_threshold_seed7,7,nbaiot_main,local_threshold,Ennio_Doorbell,fpr,0.049019607843137254,0.049019607843137254,0.0,PASS
nbaiot_main_local_threshold_seed7,7,nbaiot_main,local_threshold,Ennio_Doorbell,tpr,0.9999525916561315,0.9999525916561315,0.0,PASS
nbaiot_main_local_threshold_seed7,7,nbaiot_main,local_threshold,Ennio_Doorbell,balanced_accuracy,0.975466491906497,0.975466491906497,0.0,PASS
nbaiot_main_local_threshold_seed7,7,nbaiot_main,local_threshold,Ennio_Doorbell,macro_f1,0.9866209797342894,0.9866209797342894,0.0,PASS
nbaiot_main_local_threshold_seed7,7,nbaiot_main,local_threshold,Philips_B120N10_Baby_Monitor,fpr,0.038200608673598785,0.038200608673598785,0.0,PASS
nbaiot_main_local_threshold_seed7,7,nbaiot_main,local_threshold,Philips_B120N10_Baby_Monitor,tpr,0.9999112013055574,0.9999112013055574,0.0,PASS
nbaiot_main_local_threshold_seed7,7,nbaiot_main,local_threshold,Philips_B120N10_Baby_Monitor,balanced_accuracy,0.9808552963159793,0.9808552963159793,0.0,PASS
nbaiot_main_local_threshold_seed7,7,nbaiot_main,local_threshold,Philips_B120N10_Baby_Monitor,macro_f1,0.9892668904503816,0.9892668904503816,0.0,PASS
nbaiot_main_local_threshold_seed7,7,nbaiot_main,local_threshold,Provision_PT_737E_Security_Camera,fpr,0.0484361036639857,0.0484361036639857,0.0,PASS
nbaiot_main_local_threshold_seed7,7,nbaiot_main,local_threshold,Provision_PT_737E_Security_Camera,tpr,0.7279984754067975,0.7279984754067975,0.0,PASS
nbaiot_main_local_threshold_seed7,7,nbaiot_main,local_threshold,Provision_PT_737E_Security_Camera,balanced_accuracy,0.8397811858714059,0.8397811858714059,0.0,PASS
nbaiot_main_local_threshold_seed7,7,nbaiot_main,local_threshold,Provision_PT_737E_Security_Camera,macro_f1,0.4673747818640818,0.4673747818640818,0.0,PASS
nbaiot_main_local_threshold_seed7,7,nbaiot_main,local_threshold,Provision_PT_838_Security_Camera,fpr,0.02481109732716815,0.02481109732716815,0.0,PASS
nbaiot_main_local_threshold_seed7,7,nbaiot_main,local_threshold,Provision_PT_838_Security_Camera,tpr,0.7373035725652343,0.7373035725652343,0.0,PASS
nbaiot_main_local_threshold_seed7,7,nbaiot_main,local_threshold,Provision_PT_838_Security_Camera,balanced_accuracy,0.8562462376190331,0.8562462376190331,0.0,PASS
nbaiot_main_local_threshold_seed7,7,nbaiot_main,local_threshold,Provision_PT_838_Security_Camera,macro_f1,0.49977047928053075,0.49977047928053075,0.0,PASS
nbaiot_main_local_threshold_seed7,7,nbaiot_main,local_threshold,Samsung_SNH_1011_N_Webcam,fpr,0.0341925862803579,0.0341925862803579,0.0,PASS
nbaiot_main_local_threshold_seed7,7,nbaiot_main,local_threshold,Samsung_SNH_1011_N_Webcam,tpr,0.9996347563391442,0.9996347563391442,0.0,PASS
nbaiot_main_local_threshold_seed7,7,nbaiot_main,local_threshold,Samsung_SNH_1011_N_Webcam,balanced_accuracy,0.9827210850293931,0.9827210850293931,0.0,PASS
nbaiot_main_local_threshold_seed7,7,nbaiot_main,local_threshold,Samsung_SNH_1011_N_Webcam,macro_f1,0.9878421683703598,0.9878421683703598,0.0,PASS
nbaiot_main_local_threshold_seed7,7,nbaiot_main,local_threshold,SimpleHome_XCS7_1002_WHT_Security_Camera,fpr,0.07559317992130679,0.07559317992130679,0.0,PASS
nbaiot_main_local_threshold_seed7,7,nbaiot_main,local_threshold,SimpleHome_XCS7_1002_WHT_Security_Camera,tpr,0.7641238941738285,0.7641238941738285,0.0,PASS
nbaiot_main_local_threshold_seed7,7,nbaiot_main,local_threshold,SimpleHome_XCS7_1002_WHT_Security_Camera,balanced_accuracy,0.8442653571262608,0.8442653571262608,0.0,PASS
nbaiot_main_local_threshold_seed7,7,nbaiot_main,local_threshold,SimpleHome_XCS7_1002_WHT_Security_Camera,macro_f1,0.47010020535259206,0.47010020535259206,0.0,PASS
nbaiot_main_local_threshold_seed7,7,nbaiot_main,local_threshold,SimpleHome_XCS7_1003_WHT_Security_Camera,fpr,0.023315325561558145,0.023315325561558145,0.0,PASS
nbaiot_main_local_threshold_seed7,7,nbaiot_main,local_threshold,SimpleHome_XCS7_1003_WHT_Security_Camera,tpr,0.9999121855219187,0.9999121855219187,0.0,PASS
nbaiot_main_local_threshold_seed7,7,nbaiot_main,local_threshold,SimpleHome_XCS7_1003_WHT_Security_Camera,balanced_accuracy,0.9882984299801802,0.9882984299801802,0.0,PASS
nbaiot_main_local_threshold_seed7,7,nbaiot_main,local_threshold,SimpleHome_XCS7_1003_WHT_Security_Camera,macro_f1,0.9889213579329124,0.9889213579329124,0.0,PASS
nbaiot_main_local_threshold_seed8,8,nbaiot_main,local_threshold,Danmini_Doorbell,fpr,0.04035422037888129,0.04035422037888129,0.0,PASS
nbaiot_main_local_threshold_seed8,8,nbaiot_main,local_threshold,Danmini_Doorbell,tpr,1.0,1.0,0.0,PASS
nbaiot_main_local_threshold_seed8,8,nbaiot_main,local_threshold,Danmini_Doorbell,balanced_accuracy,0.9798228898105594,0.9798228898105594,0.0,PASS
nbaiot_main_local_threshold_seed8,8,nbaiot_main,local_threshold,Danmini_Doorbell,macro_f1,0.9896108092623843,0.9896108092623843,0.0,PASS
nbaiot_main_local_threshold_seed8,8,nbaiot_main,local_threshold,Ecobee_Thermostat,fpr,0.05292125317527519,0.05292125317527519,0.0,PASS
nbaiot_main_local_threshold_seed8,8,nbaiot_main,local_threshold,Ecobee_Thermostat,tpr,0.9999866304148339,0.9999866304148339,0.0,PASS
nbaiot_main_local_threshold_seed8,8,nbaiot_main,local_threshold,Ecobee_Thermostat,balanced_accuracy,0.9735326886197794,0.9735326886197794,0.0,PASS
nbaiot_main_local_threshold_seed8,8,nbaiot_main,local_threshold,Ecobee_Thermostat,macro_f1,0.9852081363910083,0.9852081363910083,0.0,PASS
nbaiot_main_local_threshold_seed8,8,nbaiot_main,local_threshold,Ennio_Doorbell,fpr,0.049730036942313156,0.049730036942313156,0.0,PASS
nbaiot_main_local_threshold_seed8,8,nbaiot_main,local_threshold,Ennio_Doorbell,tpr,0.9999399494310999,0.9999399494310999,0.0,PASS
nbaiot_main_local_threshold_seed8,8,nbaiot_main,local_threshold,Ennio_Doorbell,balanced_accuracy,0.9751049562443934,0.9751049562443934,0.0,PASS
nbaiot_main_local_threshold_seed8,8,nbaiot_main,local_threshold,Ennio_Doorbell,macro_f1,0.9862855281810803,0.9862855281810803,0.0,PASS
nbaiot_main_local_threshold_seed8,8,nbaiot_main,local_threshold,Philips_B120N10_Baby_Monitor,fpr,0.039056555921886886,0.039056555921886886,0.0,PASS
nbaiot_main_local_threshold_seed8,8,nbaiot_main,local_threshold,Philips_B120N10_Baby_Monitor,tpr,0.9999101183946496,0.9999101183946496,0.0,PASS
nbaiot_main_local_threshold_seed8,8,nbaiot_main,local_threshold,Philips_B120N10_Baby_Monitor,balanced_accuracy,0.9804267812363814,0.9804267812363814,0.0,PASS
nbaiot_main_local_threshold_seed8,8,nbaiot_main,local_threshold,Philips_B120N10_Baby_Monitor,macro_f1,0.9890289316065604,0.9890289316065604,0.0,PASS
nbaiot_main_local_threshold_seed8,8,nbaiot_main,local_threshold,Provision_PT_737E_Security_Camera,fpr,0.04995531724754245,0.04995531724754245,0.0,PASS
nbaiot_main_local_threshold_seed8,8,nbaiot_main,local_threshold,Provision_PT_737E_Security_Camera,tpr,0.9999921681856035,0.9999921681856035,0.0,PASS
nbaiot_main_local_threshold_seed8,8,nbaiot_main,local_threshold,Provision_PT_737E_Security_Camera,balanced_accuracy,0.9750184254690306,0.9750184254690306,0.0,PASS
nbaiot_main_local_threshold_seed8,8,nbaiot_main,local_threshold,Provision_PT_737E_Security_Camera,macro_f1,0.9868730068910664,0.9868730068910664,0.0,PASS
nbaiot_main_local_threshold_seed8,8,nbaiot_main,local_threshold,Provision_PT_838_Security_Camera,fpr,0.021935265591519117,0.021935265591519117,0.0,PASS
nbaiot_main_local_threshold_seed8,8,nbaiot_main,local_threshold,Provision_PT_838_Security_Camera,tpr,0.9999634333138763,0.9999634333138763,0.0,PASS
nbaiot_main_local_threshold_seed8,8,nbaiot_main,local_threshold,Provision_PT_838_Security_Camera,balanced_accuracy,0.9890140838611785,0.9890140838611785,0.0,PASS
nbaiot_main_local_threshold_seed8,8,nbaiot_main,local_threshold,Provision_PT_838_Security_Camera,macro_f1,0.9939342719403539,0.9939342719403539,0.0,PASS
nbaiot_main_local_threshold_seed8,8,nbaiot_main,local_threshold,Samsung_SNH_1011_N_Webcam,fpr,0.0325948018747337,0.0325948018747337,0.0,PASS
nbaiot_main_local_threshold_seed8,8,nbaiot_main,local_threshold,Samsung_SNH_1011_N_Webcam,tpr,0.35518088847068147,0.35518088847068147,0.0,PASS
nbaiot_main_local_threshold_seed8,8,nbaiot_main,local_threshold,Samsung_SNH_1011_N_Webcam,balanced_accuracy,0.6612930432979739,0.6612930432979739,0.0,PASS
nbaiot_main_local_threshold_seed8,8,nbaiot_main,local_threshold,Samsung_SNH_1011_N_Webcam,macro_f1,0.3019534045594794,0.3019534045594794,0.0,PASS
nbaiot_main_local_threshold_seed8,8,nbaiot_main,local_threshold,SimpleHome_XCS7_1002_WHT_Security_Camera,fpr,0.053892929533802314,0.053892929533802314,0.0,PASS
nbaiot_main_local_threshold_seed8,8,nbaiot_main,local_threshold,SimpleHome_XCS7_1002_WHT_Security_Camera,tpr,0.7635996869454028,0.7635996869454028,0.0,PASS
nbaiot_main_local_threshold_seed8,8,nbaiot_main,local_threshold,SimpleHome_XCS7_1002_WHT_Security_Camera,balanced_accuracy,0.8548533787058002,0.8548533787058002,0.0,PASS
nbaiot_main_local_threshold_seed8,8,nbaiot_main,local_threshold,SimpleHome_XCS7_1002_WHT_Security_Camera,macro_f1,0.47074759588015513,0.47074759588015513,0.0,PASS
nbaiot_main_local_threshold_seed8,8,nbaiot_main,local_threshold,SimpleHome_XCS7_1003_WHT_Security_Camera,fpr,0.02558999147000284,0.02558999147000284,0.0,PASS
nbaiot_main_local_threshold_seed8,8,nbaiot_main,local_threshold,SimpleHome_XCS7_1003_WHT_Security_Camera,tpr,0.9998929385130242,0.9998929385130242,0.0,PASS
nbaiot_main_local_threshold_seed8,8,nbaiot_main,local_threshold,SimpleHome_XCS7_1003_WHT_Security_Camera,balanced_accuracy,0.9871514735215107,0.9871514735215107,0.0,PASS
nbaiot_main_local_threshold_seed8,8,nbaiot_main,local_threshold,SimpleHome_XCS7_1003_WHT_Security_Camera,macro_f1,0.987220446956196,0.987220446956196,0.0,PASS
nbaiot_main_local_threshold_seed9,9,nbaiot_main,local_threshold,Danmini_Doorbell,fpr,0.03878488958636924,0.03878488958636924,0.0,PASS
nbaiot_main_local_threshold_seed9,9,nbaiot_main,local_threshold,Danmini_Doorbell,tpr,1.0,1.0,0.0,PASS
nbaiot_main_local_threshold_seed9,9,nbaiot_main,local_threshold,Danmini_Doorbell,balanced_accuracy,0.9806075552068154,0.9806075552068154,0.0,PASS
nbaiot_main_local_threshold_seed9,9,nbaiot_main,local_threshold,Danmini_Doorbell,macro_f1,0.9900227512259484,0.9900227512259484,0.0,PASS
nbaiot_main_local_threshold_seed9,9,nbaiot_main,local_threshold,Ecobee_Thermostat,fpr,0.06435224386113463,0.06435224386113463,0.0,PASS
nbaiot_main_local_threshold_seed9,9,nbaiot_main,local_threshold,Ecobee_Thermostat,tpr,0.9999781224970009,0.9999781224970009,0.0,PASS
nbaiot_main_local_threshold_seed9,9,nbaiot_main,local_threshold,Ecobee_Thermostat,balanced_accuracy,0.9678129393179331,0.9678129393179331,0.0,PASS
nbaiot_main_local_threshold_seed9,9,nbaiot_main,local_threshold,Ecobee_Thermostat,macro_f1,0.98142983047216,0.98142983047216,0.0,PASS
nbaiot_main_local_threshold_seed9,9,nbaiot_main,local_threshold,Ennio_Doorbell,fpr,0.048025007104290994,0.048025007104290994,0.0,PASS
nbaiot_main_local_threshold_seed9,9,nbaiot_main,local_threshold,Ennio_Doorbell,tpr,0.35120417193426046,0.35120417193426046,0.0,PASS
nbaiot_main_local_threshold_seed9,9,nbaiot_main,local_threshold,Ennio_Doorbell,balanced_accuracy,0.6515895824149847,0.6515895824149847,0.0,PASS
nbaiot_main_local_threshold_seed9,9,nbaiot_main,local_threshold,Ennio_Doorbell,macro_f1,0.290305297324228,0.290305297324228,0.0,PASS
nbaiot_main_local_threshold_seed9,9,nbaiot_main,local_threshold,Philips_B120N10_Baby_Monitor,fpr,0.038200608673598785,0.038200608673598785,0.0,PASS
nbaiot_main_local_threshold_seed9,9,nbaiot_main,local_threshold,Philips_B120N10_Baby_Monitor,tpr,0.999900372196479,0.999900372196479,0.0,PASS
nbaiot_main_local_threshold_seed9,9,nbaiot_main,local_threshold,Philips_B120N10_Baby_Monitor,balanced_accuracy,0.9808498817614402,0.9808498817614402,0.0,PASS
nbaiot_main_local_threshold_seed9,9,nbaiot_main,local_threshold,Philips_B120N10_Baby_Monitor,macro_f1,0.9891851808854167,0.9891851808854167,0.0,PASS
nbaiot_main_local_threshold_seed9,9,nbaiot_main,local_threshold,Provision_PT_737E_Security_Camera,fpr,0.0548704200178731,0.0548704200178731,0.0,PASS
nbaiot_main_local_threshold_seed9,9,nbaiot_main,local_threshold,Provision_PT_737E_Security_Camera,tpr,0.7280089178259928,0.7280089178259928,0.0,PASS
nbaiot_main_local_threshold_seed9,9,nbaiot_main,local_threshold,Provision_PT_737E_Security_Camera,balanced_accuracy,0.8365692489040598,0.8365692489040598,0.0,PASS
nbaiot_main_local_threshold_seed9,9,nbaiot_main,local_threshold,Provision_PT_737E_Security_Camera,macro_f1,0.4670586098762701,0.4670586098762701,0.0,PASS
nbaiot_main_local_threshold_seed9,9,nbaiot_main,local_threshold,Provision_PT_838_Security_Camera,fpr,0.013928047817751213,0.013928047817751213,0.0,PASS
nbaiot_main_local_threshold_seed9,9,nbaiot_main,local_threshold,Provision_PT_838_Security_Camera,tpr,0.7373049268869426,0.7373049268869426,0.0,PASS
nbaiot_main_local_threshold_seed9,9,nbaiot_main,local_threshold,Provision_PT_838_Security_Camera,balanced_accuracy,0.8616884395345956,0.8616884395345956,0.0,PASS
nbaiot_main_local_threshold_seed9,9,nbaiot_main,local_threshold,Provision_PT_838_Security_Camera,macro_f1,0.5006135790771029,0.5006135790771029,0.0,PASS
nbaiot_main_local_threshold_seed9,9,nbaiot_main,local_threshold,Samsung_SNH_1011_N_Webcam,fpr,0.030890498508734553,0.030890498508734553,0.0,PASS
nbaiot_main_local_threshold_seed9,9,nbaiot_main,local_threshold,Samsung_SNH_1011_N_Webcam,tpr,0.3551096969096672,0.3551096969096672,0.0,PASS
nbaiot_main_local_threshold_seed9,9,nbaiot_main,local_threshold,Samsung_SNH_1011_N_Webcam,balanced_accuracy,0.6621095992004663,0.6621095992004663,0.0,PASS
nbaiot_main_local_threshold_seed9,9,nbaiot_main,local_threshold,Samsung_SNH_1011_N_Webcam,macro_f1,0.3019878712448492,0.3019878712448492,0.0,PASS
nbaiot_main_local_threshold_seed9,9,nbaiot_main,local_threshold,SimpleHome_XCS7_1002_WHT_Security_Camera,fpr,0.04661976868963873,0.04661976868963873,0.0,PASS
nbaiot_main_local_threshold_seed9,9,nbaiot_main,local_threshold,SimpleHome_XCS7_1002_WHT_Security_Camera,tpr,0.763504153852372,0.763504153852372,0.0,PASS
nbaiot_main_local_threshold_seed9,9,nbaiot_main,local_threshold,SimpleHome_XCS7_1002_WHT_Security_Camera,balanced_accuracy,0.8584421925813667,0.8584421925813667,0.0,PASS
nbaiot_main_local_threshold_seed9,9,nbaiot_main,local_threshold,SimpleHome_XCS7_1002_WHT_Security_Camera,macro_f1,0.4710012640081138,0.4710012640081138,0.0,PASS
nbaiot_main_local_threshold_seed9,9,nbaiot_main,local_threshold,SimpleHome_XCS7_1003_WHT_Security_Camera,fpr,0.025305658231447255,0.025305658231447255,0.0,PASS
nbaiot_main_local_threshold_seed9,9,nbaiot_main,local_threshold,SimpleHome_XCS7_1003_WHT_Security_Camera,tpr,0.7582106537005984,0.7582106537005984,0.0,PASS
nbaiot_main_local_threshold_seed9,9,nbaiot_main,local_threshold,SimpleHome_XCS7_1003_WHT_Security_Camera,balanced_accuracy,0.8664524977345756,0.8664524977345756,0.0,PASS
nbaiot_main_local_threshold_seed9,9,nbaiot_main,local_threshold,SimpleHome_XCS7_1003_WHT_Security_Camera,macro_f1,0.44769888819590853,0.44769888819590853,0.0,PASS
nbaiot_main_cluster_threshold_seed3,3,nbaiot_main,cluster_threshold,Danmini_Doorbell,fpr,0.04495011769980944,0.04495011769980944,0.0,PASS
nbaiot_main_cluster_threshold_seed3,3,nbaiot_main,cluster_threshold,Danmini_Doorbell,tpr,1.0,1.0,0.0,PASS
nbaiot_main_cluster_threshold_seed3,3,nbaiot_main,cluster_threshold,Danmini_Doorbell,balanced_accuracy,0.9775249411500953,0.9775249411500953,0.0,PASS
nbaiot_main_cluster_threshold_seed3,3,nbaiot_main,cluster_threshold,Danmini_Doorbell,macro_f1,0.9884006370780005,0.9884006370780005,0.0,PASS
nbaiot_main_cluster_threshold_seed3,3,nbaiot_main,cluster_threshold,Ecobee_Thermostat,fpr,0.008044030482641828,0.008044030482641828,0.0,PASS
nbaiot_main_cluster_threshold_seed3,3,nbaiot_main,cluster_threshold,Ecobee_Thermostat,tpr,0.7573493217366362,0.7573493217366362,0.0,PASS
nbaiot_main_cluster_threshold_seed3,3,nbaiot_main,cluster_threshold,Ecobee_Thermostat,balanced_accuracy,0.8746526456269972,0.8746526456269972,0.0,PASS
nbaiot_main_cluster_threshold_seed3,3,nbaiot_main,cluster_threshold,Ecobee_Thermostat,macro_f1,0.4424211868330609,0.4424211868330609,0.0,PASS
nbaiot_main_cluster_threshold_seed3,3,nbaiot_main,cluster_threshold,Ennio_Doorbell,fpr,0.02912759306621199,0.02912759306621199,0.0,PASS
nbaiot_main_cluster_threshold_seed3,3,nbaiot_main,cluster_threshold,Ennio_Doorbell,tpr,0.3511883691529709,0.3511883691529709,0.0,PASS
nbaiot_main_cluster_threshold_seed3,3,nbaiot_main,cluster_threshold,Ennio_Doorbell,balanced_accuracy,0.6610303880433794,0.6610303880433794,0.0,PASS
nbaiot_main_cluster_threshold_seed3,3,nbaiot_main,cluster_threshold,Ennio_Doorbell,macro_f1,0.2909650150436165,0.2909650150436165,0.0,PASS
nbaiot_main_cluster_threshold_seed3,3,nbaiot_main,cluster_threshold,Philips_B120N10_Baby_Monitor,fpr,0.03664722292670555,0.03664722292670555,0.0,PASS
nbaiot_main_cluster_threshold_seed3,3,nbaiot_main,cluster_threshold,Philips_B120N10_Baby_Monitor,tpr,0.9999036209292025,0.9999036209292025,0.0,PASS
nbaiot_main_cluster_threshold_seed3,3,nbaiot_main,cluster_threshold,Philips_B120N10_Baby_Monitor,balanced_accuracy,0.9816281990012485,0.9816281990012485,0.0,PASS
nbaiot_main_cluster_threshold_seed3,3,nbaiot_main,cluster_threshold,Philips_B120N10_Baby_Monitor,macro_f1,0.9896262156181741,0.9896262156181741,0.0,PASS
nbaiot_main_cluster_threshold_seed3,3,nbaiot_main,cluster_threshold,Provision_PT_737E_Security_Camera,fpr,0.04137622877569258,0.04137622877569258,0.0,PASS
nbaiot_main_cluster_threshold_seed3,3,nbaiot_main,cluster_threshold,Provision_PT_737E_Security_Camera,tpr,0.7280076125235934,0.7280076125235934,0.0,PASS
nbaiot_main_cluster_threshold_seed3,3,nbaiot_main,cluster_threshold,Provision_PT_737E_Security_Camera,balanced_accuracy,0.8433156918739504,0.8433156918739504,0.0,PASS
nbaiot_main_cluster_threshold_seed3,3,nbaiot_main,cluster_threshold,Provision_PT_737E_Security_Camera,macro_f1,0.46773154585764964,0.46773154585764964,0.0,PASS
nbaiot_main_cluster_threshold_seed3,3,nbaiot_main,cluster_threshold,Provision_PT_838_Security_Camera,fpr,0.03073192737115146,0.03073192737115146,0.0,PASS
nbaiot_main_cluster_threshold_seed3,3,nbaiot_main,cluster_threshold,Provision_PT_838_Security_Camera,tpr,0.7373374306079414,0.7373374306079414,0.0,PASS
nbaiot_main_cluster_threshold_seed3,3,nbaiot_main,cluster_threshold,Provision_PT_838_Security_Camera,balanced_accuracy,0.853302751618395,0.853302751618395,0.0,PASS
nbaiot_main_cluster_threshold_seed3,3,nbaiot_main,cluster_threshold,Provision_PT_838_Security_Camera,macro_f1,0.4993310993940312,0.4993310993940312,0.0,PASS
nbaiot_main_cluster_threshold_seed3,3,nbaiot_main,cluster_threshold,Samsung_SNH_1011_N_Webcam,fpr,0.048146570089475926,0.048146570089475926,0.0,PASS
nbaiot_main_cluster_threshold_seed3,3,nbaiot_main,cluster_threshold,Samsung_SNH_1011_N_Webcam,tpr,0.3552892234548336,0.3552892234548336,0.0,PASS
nbaiot_main_cluster_threshold_seed3,3,nbaiot_main,cluster_threshold,Samsung_SNH_1011_N_Webcam,balanced_accuracy,0.6535713266826788,0.6535713266826788,0.0,PASS
nbaiot_main_cluster_threshold_seed3,3,nbaiot_main,cluster_threshold,Samsung_SNH_1011_N_Webcam,macro_f1,0.3013128137732848,0.3013128137732848,0.0,PASS
nbaiot_main_cluster_threshold_seed3,3,nbaiot_main,cluster_threshold,SimpleHome_XCS7_1002_WHT_Security_Camera,fpr,0.10230118039823537,0.10230118039823537,0.0,PASS
nbaiot_main_cluster_threshold_seed3,3,nbaiot_main,cluster_threshold,SimpleHome_XCS7_1002_WHT_Security_Camera,tpr,0.7636339808762345,0.7636339808762345,0.0,PASS
nbaiot_main_cluster_threshold_seed3,3,nbaiot_main,cluster_threshold,SimpleHome_XCS7_1002_WHT_Security_Camera,balanced_accuracy,0.8306664002389996,0.8306664002389996,0.0,PASS
nbaiot_main_cluster_threshold_seed3,3,nbaiot_main,cluster_threshold,SimpleHome_XCS7_1002_WHT_Security_Camera,macro_f1,0.46877190415012154,0.46877190415012154,0.0,PASS
nbaiot_main_cluster_threshold_seed3,3,nbaiot_main,cluster_threshold,SimpleHome_XCS7_1003_WHT_Security_Camera,fpr,0.037816320727893094,0.037816320727893094,0.0,PASS
nbaiot_main_cluster_threshold_seed3,3,nbaiot_main,cluster_threshold,SimpleHome_XCS7_1003_WHT_Security_Camera,tpr,0.7583020769928474,0.7583020769928474,0.0,PASS
nbaiot_main_cluster_threshold_seed3,3,nbaiot_main,cluster_threshold,SimpleHome_XCS7_1003_WHT_Security_Camera,balanced_accuracy,0.8602428781324771,0.8602428781324771,0.0,PASS
nbaiot_main_cluster_threshold_seed3,3,nbaiot_main,cluster_threshold,SimpleHome_XCS7_1003_WHT_Security_Camera,macro_f1,0.4475132813897523,0.4475132813897523,0.0,PASS
nbaiot_main_cluster_threshold_seed0,0,nbaiot_main,cluster_threshold,Danmini_Doorbell,fpr,0.038336509359937224,0.038336509359937224,0.0,PASS
nbaiot_main_cluster_threshold_seed0,0,nbaiot_main,cluster_threshold,Danmini_Doorbell,tpr,1.0,1.0,0.0,PASS
nbaiot_main_cluster_threshold_seed0,0,nbaiot_main,cluster_threshold,Danmini_Doorbell,balanced_accuracy,0.9808317453200314,0.9808317453200314,0.0,PASS
nbaiot_main_cluster_threshold_seed0,0,nbaiot_main,cluster_threshold,Danmini_Doorbell,macro_f1,0.9901403289402777,0.9901403289402777,0.0,PASS
nbaiot_main_cluster_threshold_seed0,0,nbaiot_main,cluster_threshold,Ecobee_Thermostat,fpr,0.012701100762066046,0.012701100762066046,0.0,PASS
nbaiot_main_cluster_threshold_seed0,0,nbaiot_main,cluster_threshold,Ecobee_Thermostat,tpr,0.7573432446524698,0.7573432446524698,0.0,PASS
nbaiot_main_cluster_threshold_seed0,0,nbaiot_main,cluster_threshold,Ecobee_Thermostat,balanced_accuracy,0.8723210719452019,0.8723210719452019,0.0,PASS
nbaiot_main_cluster_threshold_seed0,0,nbaiot_main,cluster_threshold,Ecobee_Thermostat,macro_f1,0.442362446085084,0.442362446085084,0.0,PASS
nbaiot_main_cluster_threshold_seed0,0,nbaiot_main,cluster_threshold,Ennio_Doorbell,fpr,0.051719238420005684,0.051719238420005684,0.0,PASS
nbaiot_main_cluster_threshold_seed0,0,nbaiot_main,cluster_threshold,Ennio_Doorbell,tpr,0.35119785082174465,0.35119785082174465,0.0,PASS
nbaiot_main_cluster_threshold_seed0,0,nbaiot_main,cluster_threshold,Ennio_Doorbell,balanced_accuracy,0.6497393062008695,0.6497393062008695,0.0,PASS
nbaiot_main_cluster_threshold_seed0,0,nbaiot_main,cluster_threshold,Ennio_Doorbell,macro_f1,0.2901706830765286,0.2901706830765286,0.0,PASS
nbaiot_main_cluster_threshold_seed0,0,nbaiot_main,cluster_threshold,Philips_B120N10_Baby_Monitor,fpr,0.033096626933806744,0.033096626933806744,0.0,PASS
nbaiot_main_cluster_threshold_seed0,0,nbaiot_main,cluster_threshold,Philips_B120N10_Baby_Monitor,tpr,0.999893874731032,0.999893874731032,0.0,PASS
nbaiot_main_cluster_threshold_seed0,0,nbaiot_main,cluster_threshold,Philips_B120N10_Baby_Monitor,balanced_accuracy,0.9833986238986125,0.9833986238986125,0.0,PASS
nbaiot_main_cluster_threshold_seed0,0,nbaiot_main,cluster_threshold,Philips_B120N10_Baby_Monitor,macro_f1,0.9905023547304848,0.9905023547304848,0.0,PASS
nbaiot_main_cluster_threshold_seed0,0,nbaiot_main,cluster_threshold,Provision_PT_737E_Security_Camera,fpr,0.04861483467381591,0.04861483467381591,0.0,PASS
nbaiot_main_cluster_threshold_seed0,0,nbaiot_main,cluster_threshold,Provision_PT_737E_Security_Camera,tpr,0.7280023913139957,0.7280023913139957,0.0,PASS
nbaiot_main_cluster_threshold_seed0,0,nbaiot_main,cluster_threshold,Provision_PT_737E_Security_Camera,balanced_accuracy,0.83969377832009,0.83969377832009,0.0,PASS
nbaiot_main_cluster_threshold_seed0,0,nbaiot_main,cluster_threshold,Provision_PT_737E_Security_Camera,macro_f1,0.4673677741829985,0.4673677741829985,0.0,PASS
nbaiot_main_cluster_threshold_seed0,0,nbaiot_main,cluster_threshold,Provision_PT_838_Security_Camera,fpr,0.035073869403405886,0.035073869403405886,0.0,PASS
nbaiot_main_cluster_threshold_seed0,0,nbaiot_main,cluster_threshold,Provision_PT_838_Security_Camera,tpr,0.7373482651816078,0.7373482651816078,0.0,PASS
nbaiot_main_cluster_threshold_seed0,0,nbaiot_main,cluster_threshold,Provision_PT_838_Security_Camera,balanced_accuracy,0.8511371978891009,0.8511371978891009,0.0,PASS
nbaiot_main_cluster_threshold_seed0,0,nbaiot_main,cluster_threshold,Provision_PT_838_Security_Camera,macro_f1,0.4990005758037287,0.4990005758037287,0.0,PASS
nbaiot_main_cluster_threshold_seed0,0,nbaiot_main,cluster_threshold,Samsung_SNH_1011_N_Webcam,fpr,0.04772049424797614,0.04772049424797614,0.0,PASS
nbaiot_main_cluster_threshold_seed0,0,nbaiot_main,cluster_threshold,Samsung_SNH_1011_N_Webcam,tpr,0.3552551753169572,0.3552551753169572,0.0,PASS
nbaiot_main_cluster_threshold_seed0,0,nbaiot_main,cluster_threshold,Samsung_SNH_1011_N_Webcam,balanced_accuracy,0.6537673405344906,0.6537673405344906,0.0,PASS
nbaiot_main_cluster_threshold_seed0,0,nbaiot_main,cluster_threshold,Samsung_SNH_1011_N_Webcam,macro_f1,0.30131171904832377,0.30131171904832377,0.0,PASS
nbaiot_main_cluster_threshold_seed0,0,nbaiot_main,cluster_threshold,SimpleHome_XCS7_1002_WHT_Security_Camera,fpr,0.09932037677357816,0.09932037677357816,0.0,PASS
nbaiot_main_cluster_threshold_seed0,0,nbaiot_main,cluster_threshold,SimpleHome_XCS7_1002_WHT_Security_Camera,tpr,0.763836070111492,0.763836070111492,0.0,PASS
nbaiot_main_cluster_threshold_seed0,0,nbaiot_main,cluster_threshold,SimpleHome_XCS7_1002_WHT_Security_Camera,balanced_accuracy,0.832257846668957,0.832257846668957,0.0,PASS
nbaiot_main_cluster_threshold_seed0,0,nbaiot_main,cluster_threshold,SimpleHome_XCS7_1002_WHT_Security_Camera,macro_f1,0.468988291695014,0.468988291695014,0.0,PASS
nbaiot_main_cluster_threshold_seed0,0,nbaiot_main,cluster_threshold,SimpleHome_XCS7_1003_WHT_Security_Camera,fpr,0.02900199033266989,0.02900199033266989,0.0,PASS
nbaiot_main_cluster_threshold_seed0,0,nbaiot_main,cluster_threshold,SimpleHome_XCS7_1003_WHT_Security_Camera,tpr,0.7582611770989465,0.7582611770989465,0.0,PASS
nbaiot_main_cluster_threshold_seed0,0,nbaiot_main,cluster_threshold,SimpleHome_XCS7_1003_WHT_Security_Camera,balanced_accuracy,0.8646295933831383,0.8646295933831383,0.0,PASS
nbaiot_main_cluster_threshold_seed0,0,nbaiot_main,cluster_threshold,SimpleHome_XCS7_1003_WHT_Security_Camera,macro_f1,0.4476532240786297,0.4476532240786297,0.0,PASS
nbaiot_main_cluster_threshold_seed5,5,nbaiot_main,cluster_threshold,Danmini_Doorbell,fpr,0.040130030265665285,0.040130030265665285,0.0,PASS
nbaiot_main_cluster_threshold_seed5,5,nbaiot_main,cluster_threshold,Danmini_Doorbell,tpr,1.0,1.0,0.0,PASS
nbaiot_main_cluster_threshold_seed5,5,nbaiot_main,cluster_threshold,Danmini_Doorbell,balanced_accuracy,0.9799349848671673,0.9799349848671673,0.0,PASS
nbaiot_main_cluster_threshold_seed5,5,nbaiot_main,cluster_threshold,Danmini_Doorbell,macro_f1,0.9896696981474421,0.9896696981474421,0.0,PASS
nbaiot_main_cluster_threshold_seed5,5,nbaiot_main,cluster_threshold,Ecobee_Thermostat,fpr,0.010160880609652836,0.010160880609652836,0.0,PASS
nbaiot_main_cluster_threshold_seed5,5,nbaiot_main,cluster_threshold,Ecobee_Thermostat,tpr,0.9999611066613351,0.9999611066613351,0.0,PASS
nbaiot_main_cluster_threshold_seed5,5,nbaiot_main,cluster_threshold,Ecobee_Thermostat,balanced_accuracy,0.9949001130258411,0.9949001130258411,0.0,PASS
nbaiot_main_cluster_threshold_seed5,5,nbaiot_main,cluster_threshold,Ecobee_Thermostat,macro_f1,0.9940658243182947,0.9940658243182947,0.0,PASS
nbaiot_main_cluster_threshold_seed5,5,nbaiot_main,cluster_threshold,Ennio_Doorbell,fpr,0.05186132423984086,0.05186132423984086,0.0,PASS
nbaiot_main_cluster_threshold_seed5,5,nbaiot_main,cluster_threshold,Ennio_Doorbell,tpr,0.9999715549936788,0.9999715549936788,0.0,PASS
nbaiot_main_cluster_threshold_seed5,5,nbaiot_main,cluster_threshold,Ennio_Doorbell,balanced_accuracy,0.974055115376919,0.974055115376919,0.0,PASS
nbaiot_main_cluster_threshold_seed5,5,nbaiot_main,cluster_threshold,Ennio_Doorbell,macro_f1,0.9860749165359364,0.9860749165359364,0.0,PASS
nbaiot_main_cluster_threshold_seed5,5,nbaiot_main,cluster_threshold,Philips_B120N10_Baby_Monitor,fpr,0.03360385493279229,0.03360385493279229,0.0,PASS
nbaiot_main_cluster_threshold_seed5,5,nbaiot_main,cluster_threshold,Philips_B120N10_Baby_Monitor,tpr,0.9999090354837418,0.9999090354837418,0.0,PASS
nbaiot_main_cluster_threshold_seed5,5,nbaiot_main,cluster_threshold,Philips_B120N10_Baby_Monitor,balanced_accuracy,0.9831525902754747,0.9831525902754747,0.0,PASS
nbaiot_main_cluster_threshold_seed5,5,nbaiot_main,cluster_threshold,Philips_B120N10_Baby_Monitor,macro_f1,0.9904812805340966,0.9904812805340966,0.0,PASS
nbaiot_main_cluster_threshold_seed5,5,nbaiot_main,cluster_threshold,Provision_PT_737E_Security_Camera,fpr,0.040214477211796246,0.040214477211796246,0.0,PASS
nbaiot_main_cluster_threshold_seed5,5,nbaiot_main,cluster_threshold,Provision_PT_737E_Security_Camera,tpr,0.7280102231283921,0.7280102231283921,0.0,PASS
nbaiot_main_cluster_threshold_seed5,5,nbaiot_main,cluster_threshold,Provision_PT_737E_Security_Camera,balanced_accuracy,0.843897872958298,0.843897872958298,0.0,PASS
nbaiot_main_cluster_threshold_seed5,5,nbaiot_main,cluster_threshold,Provision_PT_737E_Security_Camera,macro_f1,0.46779077689962606,0.46779077689962606,0.0,PASS
nbaiot_main_cluster_threshold_seed5,5,nbaiot_main,cluster_threshold,Provision_PT_838_Security_Camera,fpr,0.039415811435660315,0.039415811435660315,0.0,PASS
nbaiot_main_cluster_threshold_seed5,5,nbaiot_main,cluster_threshold,Provision_PT_838_Security_Camera,tpr,0.7373482651816078,0.7373482651816078,0.0,PASS
nbaiot_main_cluster_threshold_seed5,5,nbaiot_main,cluster_threshold,Provision_PT_838_Security_Camera,balanced_accuracy,0.8489662268729737,0.8489662268729737,0.0,PASS
nbaiot_main_cluster_threshold_seed5,5,nbaiot_main,cluster_threshold,Provision_PT_838_Security_Camera,macro_f1,0.4986636311416495,0.4986636311416495,0.0,PASS
nbaiot_main_cluster_threshold_seed5,5,nbaiot_main,cluster_threshold,Samsung_SNH_1011_N_Webcam,fpr,0.04005112910097997,0.04005112910097997,0.0,PASS
nbaiot_main_cluster_threshold_seed5,5,nbaiot_main,cluster_threshold,Samsung_SNH_1011_N_Webcam,tpr,0.35536041501584786,0.35536041501584786,0.0,PASS
nbaiot_main_cluster_threshold_seed5,5,nbaiot_main,cluster_threshold,Samsung_SNH_1011_N_Webcam,balanced_accuracy,0.6576546429574339,0.6576546429574339,0.0,PASS
nbaiot_main_cluster_threshold_seed5,5,nbaiot_main,cluster_threshold,Samsung_SNH_1011_N_Webcam,macro_f1,0.3017230409879443,0.3017230409879443,0.0,PASS
nbaiot_main_cluster_threshold_seed5,5,nbaiot_main,cluster_threshold,SimpleHome_XCS7_1002_WHT_Security_Camera,fpr,0.09109335876952426,0.09109335876952426,0.0,PASS
nbaiot_main_cluster_threshold_seed5,5,nbaiot_main,cluster_threshold,SimpleHome_XCS7_1002_WHT_Security_Camera,tpr,0.7641189950408527,0.7641189950408527,0.0,PASS
nbaiot_main_cluster_threshold_seed5,5,nbaiot_main,cluster_threshold,SimpleHome_XCS7_1002_WHT_Security_Camera,balanced_accuracy,0.8365128181356642,0.8365128181356642,0.0,PASS
nbaiot_main_cluster_threshold_seed5,5,nbaiot_main,cluster_threshold,SimpleHome_XCS7_1002_WHT_Security_Camera,macro_f1,0.46945880933700695,0.46945880933700695,0.0,PASS
nbaiot_main_cluster_threshold_seed5,5,nbaiot_main,cluster_threshold,SimpleHome_XCS7_1003_WHT_Security_Camera,fpr,0.03383565538811487,0.03383565538811487,0.0,PASS
nbaiot_main_cluster_threshold_seed5,5,nbaiot_main,cluster_threshold,SimpleHome_XCS7_1003_WHT_Security_Camera,tpr,0.9999386501591487,0.9999386501591487,0.0,PASS
nbaiot_main_cluster_threshold_seed5,5,nbaiot_main,cluster_threshold,SimpleHome_XCS7_1003_WHT_Security_Camera,balanced_accuracy,0.9830514973855169,0.9830514973855169,0.0,PASS
nbaiot_main_cluster_threshold_seed5,5,nbaiot_main,cluster_threshold,SimpleHome_XCS7_1003_WHT_Security_Camera,macro_f1,0.9877467526183147,0.9877467526183147,0.0,PASS
nbaiot_main_global_threshold_seed3,3,nbaiot_main,global_threshold,Danmini_Doorbell,fpr,0.04035422037888129,0.04035422037888129,0.0,PASS
nbaiot_main_global_threshold_seed3,3,nbaiot_main,global_threshold,Danmini_Doorbell,tpr,1.0,1.0,0.0,PASS
nbaiot_main_global_threshold_seed3,3,nbaiot_main,global_threshold,Danmini_Doorbell,balanced_accuracy,0.9798228898105594,0.9798228898105594,0.0,PASS
nbaiot_main_global_threshold_seed3,3,nbaiot_main,global_threshold,Danmini_Doorbell,macro_f1,0.9896108092623843,0.9896108092623843,0.0,PASS
nbaiot_main_global_threshold_seed3,3,nbaiot_main,global_threshold,Ecobee_Thermostat,fpr,0.029635901778154106,0.029635901778154106,0.0,PASS
nbaiot_main_global_threshold_seed3,3,nbaiot_main,global_threshold,Ecobee_Thermostat,tpr,0.7573639067386355,0.7573639067386355,0.0,PASS
nbaiot_main_global_threshold_seed3,3,nbaiot_main,global_threshold,Ecobee_Thermostat,balanced_accuracy,0.8638640024802406,0.8638640024802406,0.0,PASS
nbaiot_main_global_threshold_seed3,3,nbaiot_main,global_threshold,Ecobee_Thermostat,macro_f1,0.4421645951712396,0.4421645951712396,0.0,PASS
nbaiot_main_global_threshold_seed3,3,nbaiot_main,global_threshold,Ennio_Doorbell,fpr,0.02912759306621199,0.02912759306621199,0.0,PASS
nbaiot_main_global_threshold_seed3,3,nbaiot_main,global_threshold,Ennio_Doorbell,tpr,0.3511820480404551,0.3511820480404551,0.0,PASS
nbaiot_main_global_threshold_seed3,3,nbaiot_main,global_threshold,Ennio_Doorbell,balanced_accuracy,0.6610272274871215,0.6610272274871215,0.0,PASS
nbaiot_main_global_threshold_seed3,3,nbaiot_main,global_threshold,Ennio_Doorbell,macro_f1,0.2909612692937089,0.2909612692937089,0.0,PASS
nbaiot_main_global_threshold_seed3,3,nbaiot_main,global_threshold,Philips_B120N10_Baby_Monitor,fpr,0.0108737002282526,0.0108737002282526,0.0,PASS
nbaiot_main_global_threshold_seed3,3,nbaiot_main,global_threshold,Philips_B120N10_Baby_Monitor,tpr,0.7851948752324197,0.7851948752324197,0.0,PASS
nbaiot_main_global_threshold_seed3,3,nbaiot_main,global_threshold,Philips_B120N10_Baby_Monitor,balanced_accuracy,0.8871605875020836,0.8871605875020836,0.0,PASS
nbaiot_main_global_threshold_seed3,3,nbaiot_main,global_threshold,Philips_B120N10_Baby_Monitor,macro_f1,0.5592420152183541,0.5592420152183541,0.0,PASS
nbaiot_main_global_threshold_seed3,3,nbaiot_main,global_threshold,Provision_PT_737E_Security_Camera,fpr,0.0030384271671134943,0.0030384271671134943,0.0,PASS
nbaiot_main_global_threshold_seed3,3,nbaiot_main,global_threshold,Provision_PT_737E_Security_Camera,tpr,0.7279214625652325,0.7279214625652325,0.0,PASS
nbaiot_main_global_threshold_seed3,3,nbaiot_main,global_threshold,Provision_PT_737E_Security_Camera,balanced_accuracy,0.8624415176990595,0.8624415176990595,0.0,PASS
nbaiot_main_global_threshold_seed3,3,nbaiot_main,global_threshold,Provision_PT_737E_Security_Camera,macro_f1,0.46959811793561373,0.46959811793561373,0.0,PASS
nbaiot_main_global_threshold_seed3,3,nbaiot_main,global_threshold,Provision_PT_838_Security_Camera,fpr,0.002537498590278561,0.002537498590278561,0.0,PASS
nbaiot_main_global_threshold_seed3,3,nbaiot_main,global_threshold,Provision_PT_838_Security_Camera,tpr,0.7372426280883614,0.7372426280883614,0.0,PASS
nbaiot_main_global_threshold_seed3,3,nbaiot_main,global_threshold,Provision_PT_838_Security_Camera,balanced_accuracy,0.8673525647490414,0.8673525647490414,0.0,PASS
nbaiot_main_global_threshold_seed3,3,nbaiot_main,global_threshold,Provision_PT_838_Security_Camera,macro_f1,0.5014576953326083,0.5014576953326083,0.0,PASS
nbaiot_main_global_threshold_seed3,3,nbaiot_main,global_threshold,Samsung_SNH_1011_N_Webcam,fpr,0.07956966340008521,0.07956966340008521,0.0,PASS
nbaiot_main_global_threshold_seed3,3,nbaiot_main,global_threshold,Samsung_SNH_1011_N_Webcam,tpr,0.3554718452852615,0.3554718452852615,0.0,PASS
nbaiot_main_global_threshold_seed3,3,nbaiot_main,global_threshold,Samsung_SNH_1011_N_Webcam,balanced_accuracy,0.6379510909425882,0.6379510909425882,0.0,PASS
nbaiot_main_global_threshold_seed3,3,nbaiot_main,global_threshold,Samsung_SNH_1011_N_Webcam,macro_f1,0.29999385190969563,0.29999385190969563,0.0,PASS
nbaiot_main_global_threshold_seed3,3,nbaiot_main,global_threshold,SimpleHome_XCS7_1002_WHT_Security_Camera,fpr,0.13079766304995827,0.13079766304995827,0.0,PASS
nbaiot_main_global_threshold_seed3,3,nbaiot_main,global_threshold,SimpleHome_XCS7_1002_WHT_Security_Camera,tpr,0.7640504071791895,0.7640504071791895,0.0,PASS
nbaiot_main_global_threshold_seed3,3,nbaiot_main,global_threshold,SimpleHome_XCS7_1002_WHT_Security_Camera,balanced_accuracy,0.8166263720646156,0.8166263720646156,0.0,PASS
nbaiot_main_global_threshold_seed3,3,nbaiot_main,global_threshold,SimpleHome_XCS7_1002_WHT_Security_Camera,macro_f1,0.46778687399369434,0.46778687399369434,0.0,PASS
nbaiot_main_global_threshold_seed3,3,nbaiot_main,global_threshold,SimpleHome_XCS7_1003_WHT_Security_Camera,fpr,0.04236565254478249,0.04236565254478249,0.0,PASS
nbaiot_main_global_threshold_seed3,3,nbaiot_main,global_threshold,SimpleHome_XCS7_1003_WHT_Security_Camera,tpr,0.9999578971680432,0.9999578971680432,0.0,PASS
nbaiot_main_global_threshold_seed3,3,nbaiot_main,global_threshold,SimpleHome_XCS7_1003_WHT_Security_Camera,balanced_accuracy,0.9787961223116304,0.9787961223116304,0.0,PASS
nbaiot_main_global_threshold_seed3,3,nbaiot_main,global_threshold,SimpleHome_XCS7_1003_WHT_Security_Camera,macro_f1,0.986649870955498,0.986649870955498,0.0,PASS
nbaiot_main_cluster_threshold_seed4,4,nbaiot_main,cluster_threshold,Danmini_Doorbell,fpr,0.035422037888129136,0.035422037888129136,0.0,PASS
nbaiot_main_cluster_threshold_seed4,4,nbaiot_main,cluster_threshold,Danmini_Doorbell,tpr,1.0,1.0,0.0,PASS
nbaiot_main_cluster_threshold_seed4,4,nbaiot_main,cluster_threshold,Danmini_Doorbell,balanced_accuracy,0.9822889810559354,0.9822889810559354,0.0,PASS
nbaiot_main_cluster_threshold_seed4,4,nbaiot_main,cluster_threshold,Danmini_Doorbell,macro_f1,0.9909032874603685,0.9909032874603685,0.0,PASS
nbaiot_main_cluster_threshold_seed4,4,nbaiot_main,cluster_threshold,Ecobee_Thermostat,fpr,0.1350550381033023,0.1350550381033023,0.0,PASS
nbaiot_main_cluster_threshold_seed4,4,nbaiot_main,cluster_threshold,Ecobee_Thermostat,tpr,0.9999975691663334,0.9999975691663334,0.0,PASS
nbaiot_main_cluster_threshold_seed4,4,nbaiot_main,cluster_threshold,Ecobee_Thermostat,balanced_accuracy,0.9324712655315155,0.9324712655315155,0.0,PASS
nbaiot_main_cluster_threshold_seed4,4,nbaiot_main,cluster_threshold,Ecobee_Thermostat,macro_f1,0.9634831487059148,0.9634831487059148,0.0,PASS
nbaiot_main_cluster_threshold_seed4,4,nbaiot_main,cluster_threshold,Ennio_Doorbell,fpr,0.05484512645637965,0.05484512645637965,0.0,PASS
nbaiot_main_cluster_threshold_seed4,4,nbaiot_main,cluster_threshold,Ennio_Doorbell,tpr,0.35121997471554994,0.35121997471554994,0.0,PASS
nbaiot_main_cluster_threshold_seed4,4,nbaiot_main,cluster_threshold,Ennio_Doorbell,balanced_accuracy,0.6481874241295852,0.6481874241295852,0.0,PASS
nbaiot_main_cluster_threshold_seed4,4,nbaiot_main,cluster_threshold,Ennio_Doorbell,macro_f1,0.29007300495946653,0.29007300495946653,0.0,PASS
nbaiot_main_cluster_threshold_seed4,4,nbaiot_main,cluster_threshold,Philips_B120N10_Baby_Monitor,fpr,0.028373066193253867,0.028373066193253867,0.0,PASS
nbaiot_main_cluster_threshold_seed4,4,nbaiot_main,cluster_threshold,Philips_B120N10_Baby_Monitor,tpr,0.7852576840650742,0.7852576840650742,0.0,PASS
nbaiot_main_cluster_threshold_seed4,4,nbaiot_main,cluster_threshold,Philips_B120N10_Baby_Monitor,balanced_accuracy,0.8784423089359101,0.8784423089359101,0.0,PASS
nbaiot_main_cluster_threshold_seed4,4,nbaiot_main,cluster_threshold,Philips_B120N10_Baby_Monitor,macro_f1,0.5572753276833212,0.5572753276833212,0.0,PASS
nbaiot_main_cluster_threshold_seed4,4,nbaiot_main,cluster_threshold,Provision_PT_737E_Security_Camera,fpr,0.02484361036639857,0.02484361036639857,0.0,PASS
nbaiot_main_cluster_threshold_seed4,4,nbaiot_main,cluster_threshold,Provision_PT_737E_Security_Camera,tpr,0.7280076125235934,0.7280076125235934,0.0,PASS
nbaiot_main_cluster_threshold_seed4,4,nbaiot_main,cluster_threshold,Provision_PT_737E_Security_Camera,balanced_accuracy,0.8515820010785974,0.8515820010785974,0.0,PASS
nbaiot_main_cluster_threshold_seed4,4,nbaiot_main,cluster_threshold,Provision_PT_737E_Security_Camera,macro_f1,0.468555681607093,0.468555681607093,0.0,PASS
nbaiot_main_cluster_threshold_seed4,4,nbaiot_main,cluster_threshold,Provision_PT_838_Security_Camera,fpr,0.015224991541671366,0.015224991541671366,0.0,PASS
nbaiot_main_cluster_threshold_seed4,4,nbaiot_main,cluster_threshold,Provision_PT_838_Security_Camera,tpr,0.7373794145808984,0.7373794145808984,0.0,PASS
nbaiot_main_cluster_threshold_seed4,4,nbaiot_main,cluster_threshold,Provision_PT_838_Security_Camera,balanced_accuracy,0.8610772115196135,0.8610772115196135,0.0,PASS
nbaiot_main_cluster_threshold_seed4,4,nbaiot_main,cluster_threshold,Provision_PT_838_Security_Camera,macro_f1,0.5005562375511337,0.5005562375511337,0.0,PASS
nbaiot_main_cluster_threshold_seed4,4,nbaiot_main,cluster_threshold,Samsung_SNH_1011_N_Webcam,fpr,0.039731572219855134,0.039731572219855134,0.0,PASS
nbaiot_main_cluster_threshold_seed4,4,nbaiot_main,cluster_threshold,Samsung_SNH_1011_N_Webcam,tpr,0.35523969889064977,0.35523969889064977,0.0,PASS
nbaiot_main_cluster_threshold_seed4,4,nbaiot_main,cluster_threshold,Samsung_SNH_1011_N_Webcam,balanced_accuracy,0.6577540633353973,0.6577540633353973,0.0,PASS
nbaiot_main_cluster_threshold_seed4,4,nbaiot_main,cluster_threshold,Samsung_SNH_1011_N_Webcam,macro_f1,0.30166501791020073,0.30166501791020073,0.0,PASS
nbaiot_main_cluster_threshold_seed4,4,nbaiot_main,cluster_threshold,SimpleHome_XCS7_1002_WHT_Security_Camera,fpr,0.10337426970311196,0.10337426970311196,0.0,PASS
nbaiot_main_cluster_threshold_seed4,4,nbaiot_main,cluster_threshold,SimpleHome_XCS7_1002_WHT_Security_Camera,tpr,0.7639291536380349,0.7639291536380349,0.0,PASS
nbaiot_main_cluster_threshold_seed4,4,nbaiot_main,cluster_threshold,SimpleHome_XCS7_1002_WHT_Security_Camera,balanced_accuracy,0.8302774419674614,0.8302774419674614,0.0,PASS
nbaiot_main_cluster_threshold_seed4,4,nbaiot_main,cluster_threshold,SimpleHome_XCS7_1002_WHT_Security_Camera,macro_f1,0.46886411914966564,0.46886411914966564,0.0,PASS
nbaiot_main_cluster_threshold_seed4,4,nbaiot_main,cluster_threshold,SimpleHome_XCS7_1003_WHT_Security_Camera,fpr,0.02786465737844754,0.02786465737844754,0.0,PASS
nbaiot_main_cluster_threshold_seed4,4,nbaiot_main,cluster_threshold,SimpleHome_XCS7_1003_WHT_Security_Camera,tpr,0.758280424107841,0.758280424107841,0.0,PASS
nbaiot_main_cluster_threshold_seed4,4,nbaiot_main,cluster_threshold,SimpleHome_XCS7_1003_WHT_Security_Camera,balanced_accuracy,0.8652078833646968,0.8652078833646968,0.0,PASS
nbaiot_main_cluster_threshold_seed4,4,nbaiot_main,cluster_threshold,SimpleHome_XCS7_1003_WHT_Security_Camera,macro_f1,0.4476808201883556,0.4476808201883556,0.0,PASS
nbaiot_main_cluster_threshold_seed2,2,nbaiot_main,cluster_threshold,Danmini_Doorbell,fpr,0.045398497926241455,0.045398497926241455,0.0,PASS
nbaiot_main_cluster_threshold_seed2,2,nbaiot_main,cluster_threshold,Danmini_Doorbell,tpr,1.0,1.0,0.0,PASS
nbaiot_main_cluster_threshold_seed2,2,nbaiot_main,cluster_threshold,Danmini_Doorbell,balanced_accuracy,0.9773007510368793,0.9773007510368793,0.0,PASS
nbaiot_main_cluster_threshold_seed2,2,nbaiot_main,cluster_threshold,Danmini_Doorbell,macro_f1,0.9882822694918172,0.9882822694918172,0.0,PASS
nbaiot_main_cluster_threshold_seed2,2,nbaiot_main,cluster_threshold,Ecobee_Thermostat,fpr,0.01397121083827265,0.01397121083827265,0.0,PASS
nbaiot_main_cluster_threshold_seed2,2,nbaiot_main,cluster_threshold,Ecobee_Thermostat,tpr,0.7573541834039693,0.7573541834039693,0.0,PASS
nbaiot_main_cluster_threshold_seed2,2,nbaiot_main,cluster_threshold,Ecobee_Thermostat,balanced_accuracy,0.8716914862828483,0.8716914862828483,0.0,PASS
nbaiot_main_cluster_threshold_seed2,2,nbaiot_main,cluster_threshold,Ecobee_Thermostat,macro_f1,0.4423510821065931,0.4423510821065931,0.0,PASS
nbaiot_main_cluster_threshold_seed2,2,nbaiot_main,cluster_threshold,Ennio_Doorbell,fpr,0.02912759306621199,0.02912759306621199,0.0,PASS
nbaiot_main_cluster_threshold_seed2,2,nbaiot_main,cluster_threshold,Ennio_Doorbell,tpr,0.35119152970922884,0.35119152970922884,0.0,PASS
nbaiot_main_cluster_threshold_seed2,2,nbaiot_main,cluster_threshold,Ennio_Doorbell,balanced_accuracy,0.6610319683215085,0.6610319683215085,0.0,PASS
nbaiot_main_cluster_threshold_seed2,2,nbaiot_main,cluster_threshold,Ennio_Doorbell,macro_f1,0.2909668879083795,0.2909668879083795,0.0,PASS
nbaiot_main_cluster_threshold_seed2,2,nbaiot_main,cluster_threshold,Philips_B120N10_Baby_Monitor,fpr,0.034079381181841235,0.034079381181841235,0.0,PASS
nbaiot_main_cluster_threshold_seed2,2,nbaiot_main,cluster_threshold,Philips_B120N10_Baby_Monitor,tpr,0.9998960405528476,0.9998960405528476,0.0,PASS
nbaiot_main_cluster_threshold_seed2,2,nbaiot_main,cluster_threshold,Philips_B120N10_Baby_Monitor,balanced_accuracy,0.9829083296855032,0.9829083296855032,0.0,PASS
nbaiot_main_cluster_threshold_seed2,2,nbaiot_main,cluster_threshold,Philips_B120N10_Baby_Monitor,macro_f1,0.9902561706347793,0.9902561706347793,0.0,PASS
nbaiot_main_cluster_threshold_seed2,2,nbaiot_main,cluster_threshold,Provision_PT_737E_Security_Camera,fpr,0.035299374441465595,0.035299374441465595,0.0,PASS
nbaiot_main_cluster_threshold_seed2,2,nbaiot_main,cluster_threshold,Provision_PT_737E_Security_Camera,tpr,0.7280076125235934,0.7280076125235934,0.0,PASS
nbaiot_main_cluster_threshold_seed2,2,nbaiot_main,cluster_threshold,Provision_PT_737E_Security_Camera,balanced_accuracy,0.846354119041064,0.846354119041064,0.0,PASS
nbaiot_main_cluster_threshold_seed2,2,nbaiot_main,cluster_threshold,Provision_PT_737E_Security_Camera,macro_f1,0.46803461239058897,0.46803461239058897,0.0,PASS
nbaiot_main_cluster_threshold_seed2,2,nbaiot_main,cluster_threshold,Provision_PT_838_Security_Camera,fpr,0.03185970452238638,0.03185970452238638,0.0,PASS
nbaiot_main_cluster_threshold_seed2,2,nbaiot_main,cluster_threshold,Provision_PT_838_Security_Camera,tpr,0.7373469108598995,0.7373469108598995,0.0,PASS
nbaiot_main_cluster_threshold_seed2,2,nbaiot_main,cluster_threshold,Provision_PT_838_Security_Camera,balanced_accuracy,0.8527436031687565,0.8527436031687565,0.0,PASS
nbaiot_main_cluster_threshold_seed2,2,nbaiot_main,cluster_threshold,Provision_PT_838_Security_Camera,macro_f1,0.4992490928185399,0.4992490928185399,0.0,PASS
nbaiot_main_cluster_threshold_seed2,2,nbaiot_main,cluster_threshold,Samsung_SNH_1011_N_Webcam,fpr,0.03547081380485727,0.03547081380485727,0.0,PASS
nbaiot_main_cluster_threshold_seed2,2,nbaiot_main,cluster_threshold,Samsung_SNH_1011_N_Webcam,tpr,0.3552613658874802,0.3552613658874802,0.0,PASS
nbaiot_main_cluster_threshold_seed2,2,nbaiot_main,cluster_threshold,Samsung_SNH_1011_N_Webcam,balanced_accuracy,0.6598952760413115,0.6598952760413115,0.0,PASS
nbaiot_main_cluster_threshold_seed2,2,nbaiot_main,cluster_threshold,Samsung_SNH_1011_N_Webcam,macro_f1,0.30187134324082543,0.30187134324082543,0.0,PASS
nbaiot_main_cluster_threshold_seed2,2,nbaiot_main,cluster_threshold,SimpleHome_XCS7_1002_WHT_Security_Camera,fpr,0.10909741266245379,0.10909741266245379,0.0,PASS
nbaiot_main_cluster_threshold_seed2,2,nbaiot_main,cluster_threshold,SimpleHome_XCS7_1002_WHT_Security_Camera,tpr,0.7639965167164541,0.7639965167164541,0.0,PASS
nbaiot_main_cluster_threshold_seed2,2,nbaiot_main,cluster_threshold,SimpleHome_XCS7_1002_WHT_Security_Camera,balanced_accuracy,0.8274495520270002,0.8274495520270002,0.0,PASS
nbaiot_main_cluster_threshold_seed2,2,nbaiot_main,cluster_threshold,SimpleHome_XCS7_1002_WHT_Security_Camera,macro_f1,0.46865898729373456,0.46865898729373456,0.0,PASS
nbaiot_main_cluster_threshold_seed2,2,nbaiot_main,cluster_threshold,SimpleHome_XCS7_1003_WHT_Security_Camera,fpr,0.02701165766278078,0.02701165766278078,0.0,PASS
nbaiot_main_cluster_threshold_seed2,2,nbaiot_main,cluster_threshold,SimpleHome_XCS7_1003_WHT_Security_Camera,tpr,0.7583068887450709,0.7583068887450709,0.0,PASS
nbaiot_main_cluster_threshold_seed2,2,nbaiot_main,cluster_threshold,SimpleHome_XCS7_1003_WHT_Security_Camera,balanced_accuracy,0.865647615541145,0.865647615541145,0.0,PASS
nbaiot_main_cluster_threshold_seed2,2,nbaiot_main,cluster_threshold,SimpleHome_XCS7_1003_WHT_Security_Camera,macro_f1,0.4477062016213666,0.4477062016213666,0.0,PASS
